timestamp,sync_error_ms,vehicle_count,pm25,status
00:32:40.715,38.584,11,23.91,WITHIN_TOLERANCE
00:32:40.830,14.725,3,22.31,WITHIN_TOLERANCE
00:32:41.272,12.496,12,21.27,WITHIN_TOLERANCE
00:32:41.377,5.098,2,22.31,WITHIN_TOLERANCE
00:32:41.488,9.961,7,16.61,WITHIN_TOLERANCE
00:32:41.597,9.069,12,22.55,WITHIN_TOLERANCE
00:32:41.706,8.999,9,25.06,WITHIN_TOLERANCE
00:32:41.812,5.603,3,29.22,WITHIN_TOLERANCE
00:32:42.128,5.477,9,20.78,WITHIN_TOLERANCE
00:32:42.234,5.769,3,36.24,WITHIN_TOLERANCE
00:32:42.358,23.512,10,22.25,WITHIN_TOLERANCE
00:32:42.467,5.654,4,31.21,WITHIN_TOLERANCE
00:32:42.573,5.757,11,18.8,WITHIN_TOLERANCE
00:32:42.678,5.369,3,24.96,WITHIN_TOLERANCE
00:32:42.889,5.251,11,25.55,WITHIN_TOLERANCE
00:32:43.209,5.384,7,15.11,WITHIN_TOLERANCE
00:32:43.423,5.549,11,23.19,WITHIN_TOLERANCE
00:32:43.635,5.311,7,18.94,WITHIN_TOLERANCE
00:32:43.740,5.435,10,28.74,WITHIN_TOLERANCE
00:32:43.846,5.499,2,20.31,WITHIN_TOLERANCE
00:32:43.952,5.622,11,23.29,WITHIN_TOLERANCE
00:32:44.057,5.594,8,28.54,WITHIN_TOLERANCE
00:32:44.163,5.557,2,22.35,WITHIN_TOLERANCE
00:32:44.269,5.466,9,28.54,WITHIN_TOLERANCE
00:32:44.378,9.624,6,23.14,WITHIN_TOLERANCE
00:32:44.803,6.352,6,19.0,WITHIN_TOLERANCE
00:32:44.908,5.149,11,22.22,WITHIN_TOLERANCE
00:32:45.437,5.786,3,23.58,WITHIN_TOLERANCE
00:32:45.648,5.446,11,33.81,WITHIN_TOLERANCE
00:32:46.176,5.387,12,29.92,WITHIN_TOLERANCE
00:32:46.391,5.223,7,24.22,WITHIN_TOLERANCE
00:32:46.710,6.682,4,18.0,WITHIN_TOLERANCE
00:32:46.921,5.397,10,21.22,WITHIN_TOLERANCE
00:32:47.027,5.524,3,30.08,WITHIN_TOLERANCE
00:32:47.132,5.614,10,26.39,WITHIN_TOLERANCE
00:32:47.238,5.690,6,19.32,WITHIN_TOLERANCE
00:32:47.344,5.454,11,26.57,WITHIN_TOLERANCE
00:32:47.452,8.248,5,21.79,WITHIN_TOLERANCE
00:32:47.771,5.460,8,25.48,WITHIN_TOLERANCE
00:32:48.093,5.213,2,18.63,WITHIN_TOLERANCE
00:32:48.463,5.275,2,27.32,WITHIN_TOLERANCE
00:32:48.579,15.508,7,16.78,WITHIN_TOLERANCE
00:32:48.799,14.567,6,22.85,WITHIN_TOLERANCE
00:32:48.904,5.481,12,20.41,WITHIN_TOLERANCE
00:32:49.010,5.529,5,35.92,WITHIN_TOLERANCE
00:32:49.222,5.821,9,30.85,WITHIN_TOLERANCE
00:32:49.327,5.465,12,24.86,WITHIN_TOLERANCE
00:32:49.433,5.656,3,21.75,WITHIN_TOLERANCE
00:32:49.539,5.386,6,21.07,WITHIN_TOLERANCE
00:32:49.644,5.331,11,29.11,WITHIN_TOLERANCE
00:32:49.750,5.568,8,31.4,WITHIN_TOLERANCE
00:32:49.856,5.699,5,16.48,WITHIN_TOLERANCE
00:32:49.961,5.565,10,24.6,WITHIN_TOLERANCE
00:32:50.067,5.341,4,27.33,WITHIN_TOLERANCE
00:32:50.173,5.633,12,21.22,WITHIN_TOLERANCE
00:32:50.278,5.385,6,20.72,WITHIN_TOLERANCE
00:32:50.606,5.435,3,27.01,WITHIN_TOLERANCE
00:32:50.718,12.104,6,34.26,WITHIN_TOLERANCE
00:32:50.824,5.329,11,26.85,WITHIN_TOLERANCE
00:32:50.930,5.631,2,21.44,WITHIN_TOLERANCE
00:32:51.353,5.334,9,29.05,WITHIN_TOLERANCE
00:32:51.459,5.662,6,20.57,WITHIN_TOLERANCE
00:32:51.564,5.167,2,29.65,WITHIN_TOLERANCE
00:32:51.887,9.356,11,23.62,WITHIN_TOLERANCE
00:32:52.000,10.604,2,24.87,WITHIN_TOLERANCE
00:32:52.316,5.360,10,27.49,WITHIN_TOLERANCE
00:32:52.536,13.694,3,20.65,WITHIN_TOLERANCE
00:32:52.641,5.413,9,24.77,WITHIN_TOLERANCE
00:32:52.969,5.339,8,21.17,WITHIN_TOLERANCE
00:32:53.074,5.235,2,29.08,WITHIN_TOLERANCE
00:32:53.181,6.938,8,23.24,WITHIN_TOLERANCE
00:32:53.394,5.436,2,20.71,WITHIN_TOLERANCE
00:32:53.500,5.159,10,31.71,WITHIN_TOLERANCE
00:32:53.819,6.596,3,13.14,WITHIN_TOLERANCE
00:32:54.771,5.129,2,27.92,WITHIN_TOLERANCE
00:32:54.882,9.914,6,16.09,WITHIN_TOLERANCE
00:32:55.093,5.983,11,17.01,WITHIN_TOLERANCE
00:32:55.199,6.044,5,27.74,WITHIN_TOLERANCE
00:32:55.305,5.430,11,29.3,WITHIN_TOLERANCE
00:32:55.410,5.140,2,23.72,WITHIN_TOLERANCE
00:32:55.516,5.312,9,27.75,WITHIN_TOLERANCE
00:32:56.680,7.361,12,25.36,WITHIN_TOLERANCE
00:32:56.791,10.196,6,19.05,WITHIN_TOLERANCE
00:32:56.908,16.329,12,22.88,WITHIN_TOLERANCE
00:32:57.124,6.067,7,25.94,WITHIN_TOLERANCE
00:32:57.235,11.242,3,24.71,WITHIN_TOLERANCE
00:32:57.446,5.537,11,32.4,WITHIN_TOLERANCE
00:32:57.554,7.732,6,24.31,WITHIN_TOLERANCE
00:32:57.871,5.426,11,27.58,WITHIN_TOLERANCE
00:32:58.194,8.864,6,18.22,WITHIN_TOLERANCE
00:32:58.827,5.567,6,26.49,WITHIN_TOLERANCE
00:32:58.933,5.836,9,13.14,WITHIN_TOLERANCE
00:32:59.267,5.983,2,23.49,WITHIN_TOLERANCE
00:32:59.583,5.215,12,26.7,WITHIN_TOLERANCE
00:32:59.688,5.291,6,26.98,WITHIN_TOLERANCE
00:32:59.794,6.042,12,25.0,WITHIN_TOLERANCE
00:32:59.901,6.393,7,10.61,WITHIN_TOLERANCE
00:33:00.006,5.491,12,30.83,WITHIN_TOLERANCE
00:33:00.112,5.549,2,29.55,WITHIN_TOLERANCE
00:33:00.218,5.409,5,24.99,WITHIN_TOLERANCE
00:33:00.323,5.424,9,27.99,WITHIN_TOLERANCE
00:33:00.431,7.496,2,24.02,WITHIN_TOLERANCE
00:33:00.642,5.864,10,26.0,WITHIN_TOLERANCE
00:33:00.854,5.605,5,23.16,WITHIN_TOLERANCE
00:33:00.959,5.255,9,25.07,WITHIN_TOLERANCE
00:33:01.280,5.343,2,22.0,WITHIN_TOLERANCE
00:33:01.385,5.306,6,22.84,WITHIN_TOLERANCE
00:33:01.491,5.596,2,34.96,WITHIN_TOLERANCE
00:33:01.599,7.449,5,18.57,WITHIN_TOLERANCE
00:33:01.812,5.260,10,22.42,WITHIN_TOLERANCE
00:33:02.129,5.569,5,30.85,WITHIN_TOLERANCE
00:33:02.234,5.311,12,27.13,WITHIN_TOLERANCE
00:33:02.340,5.261,2,24.94,WITHIN_TOLERANCE
00:33:02.446,5.578,10,28.49,WITHIN_TOLERANCE
00:33:02.976,5.398,2,24.62,WITHIN_TOLERANCE
00:33:03.403,5.364,7,12.94,WITHIN_TOLERANCE
00:33:03.614,5.458,5,22.0,WITHIN_TOLERANCE
00:33:03.719,5.375,8,28.47,WITHIN_TOLERANCE
00:33:03.931,5.346,12,28.45,WITHIN_TOLERANCE
00:33:04.036,5.643,6,25.4,WITHIN_TOLERANCE
00:33:04.670,5.359,12,29.55,WITHIN_TOLERANCE
00:33:04.775,5.325,6,25.5,WITHIN_TOLERANCE
00:33:04.994,11.663,11,26.41,WITHIN_TOLERANCE
00:33:05.100,5.522,7,24.02,WITHIN_TOLERANCE
00:33:05.313,6.830,5,24.7,WITHIN_TOLERANCE
00:33:05.526,5.821,11,25.74,WITHIN_TOLERANCE
00:33:05.638,11.467,5,24.28,WITHIN_TOLERANCE
00:33:05.748,9.809,2,22.69,WITHIN_TOLERANCE
00:33:05.855,5.673,11,18.36,WITHIN_TOLERANCE
00:33:06.066,4.992,4,19.04,WITHIN_TOLERANCE
00:33:06.390,10.916,11,27.52,WITHIN_TOLERANCE
00:33:06.495,5.214,5,32.09,WITHIN_TOLERANCE
00:33:06.706,5.051,7,32.77,WITHIN_TOLERANCE
00:33:06.812,5.531,10,21.32,WITHIN_TOLERANCE
00:33:06.917,5.460,7,21.19,WITHIN_TOLERANCE
00:33:07.024,6.713,2,21.94,WITHIN_TOLERANCE
00:33:07.130,5.238,11,25.25,WITHIN_TOLERANCE
00:33:07.356,12.558,5,25.73,WITHIN_TOLERANCE
00:33:07.567,5.331,12,21.64,WITHIN_TOLERANCE
00:33:07.673,5.755,5,25.13,WITHIN_TOLERANCE
00:33:07.779,5.346,10,27.77,WITHIN_TOLERANCE
00:33:07.996,8.835,2,23.59,WITHIN_TOLERANCE
00:33:08.102,5.361,7,16.65,WITHIN_TOLERANCE
00:33:08.418,5.255,9,19.3,WITHIN_TOLERANCE
00:33:08.629,5.348,6,21.5,WITHIN_TOLERANCE
00:33:08.735,5.556,12,31.92,WITHIN_TOLERANCE
00:33:08.841,5.391,2,25.62,WITHIN_TOLERANCE
00:33:09.052,5.589,11,22.98,WITHIN_TOLERANCE
00:33:09.267,9.244,12,25.75,WITHIN_TOLERANCE
00:33:09.376,8.602,7,19.13,WITHIN_TOLERANCE
00:33:09.486,9.048,11,26.17,WITHIN_TOLERANCE
00:33:09.805,6.468,5,25.93,WITHIN_TOLERANCE
00:33:10.126,5.744,12,26.57,WITHIN_TOLERANCE
00:33:10.232,5.393,7,21.85,WITHIN_TOLERANCE
00:33:10.337,5.547,10,18.49,WITHIN_TOLERANCE
00:33:10.548,5.339,2,22.55,WITHIN_TOLERANCE
00:33:11.076,5.748,8,21.46,WITHIN_TOLERANCE
00:33:11.182,5.218,4,17.42,WITHIN_TOLERANCE
00:33:11.292,10.297,9,29.95,WITHIN_TOLERANCE
00:33:11.514,16.671,3,21.12,WITHIN_TOLERANCE
00:33:11.936,5.626,10,16.67,WITHIN_TOLERANCE
00:33:12.042,5.274,6,27.74,WITHIN_TOLERANCE
00:33:12.253,5.521,9,34.58,WITHIN_TOLERANCE
00:33:12.465,5.193,6,38.54,WITHIN_TOLERANCE
00:33:12.570,5.536,2,25.76,WITHIN_TOLERANCE
00:33:12.891,5.242,6,20.01,WITHIN_TOLERANCE
00:33:12.999,7.535,3,25.93,WITHIN_TOLERANCE
00:33:13.105,5.530,10,27.12,WITHIN_TOLERANCE
00:33:13.210,5.314,7,20.38,WITHIN_TOLERANCE
00:33:13.316,5.346,4,32.97,WITHIN_TOLERANCE
00:33:13.421,5.451,8,22.17,WITHIN_TOLERANCE
00:33:13.527,5.302,3,23.84,WITHIN_TOLERANCE
00:33:13.632,5.424,7,35.58,WITHIN_TOLERANCE
00:33:13.844,5.641,6,26.6,WITHIN_TOLERANCE
00:33:14.266,5.493,9,24.32,WITHIN_TOLERANCE
00:33:14.371,5.078,2,17.35,WITHIN_TOLERANCE
00:33:14.477,5.465,5,28.1,WITHIN_TOLERANCE
00:33:14.697,8.864,8,26.31,WITHIN_TOLERANCE
00:33:14.908,5.233,4,15.7,WITHIN_TOLERANCE
00:33:15.014,5.456,11,21.13,WITHIN_TOLERANCE
00:33:15.330,5.487,3,19.2,WITHIN_TOLERANCE
00:33:15.436,5.411,12,25.51,WITHIN_TOLERANCE
00:33:15.541,5.515,6,18.56,WITHIN_TOLERANCE
00:33:15.647,5.551,2,24.79,WITHIN_TOLERANCE
00:33:15.753,5.657,12,22.93,WITHIN_TOLERANCE
00:33:15.859,5.749,8,10.73,WITHIN_TOLERANCE
00:33:16.070,5.420,5,16.89,WITHIN_TOLERANCE
00:33:16.175,5.328,11,15.27,WITHIN_TOLERANCE
00:33:16.502,5.059,4,21.26,WITHIN_TOLERANCE
00:33:16.715,5.604,2,25.34,WITHIN_TOLERANCE
00:33:16.821,5.512,5,22.01,WITHIN_TOLERANCE
00:33:16.926,5.381,9,29.72,WITHIN_TOLERANCE
00:33:17.243,5.601,4,25.48,WITHIN_TOLERANCE
00:33:17.349,5.427,9,30.09,WITHIN_TOLERANCE
00:33:17.455,5.695,6,35.24,WITHIN_TOLERANCE
00:33:17.666,5.769,9,22.38,WITHIN_TOLERANCE
00:33:17.879,5.202,8,22.52,WITHIN_TOLERANCE
00:33:18.004,7.178,4,31.4,WITHIN_TOLERANCE
00:33:18.321,5.384,9,21.18,WITHIN_TOLERANCE
00:33:18.637,5.488,2,34.77,WITHIN_TOLERANCE
00:33:18.743,5.462,6,32.1,WITHIN_TOLERANCE
00:33:18.954,5.435,9,15.25,WITHIN_TOLERANCE
00:33:19.061,6.530,2,16.8,WITHIN_TOLERANCE
00:33:19.166,5.464,10,21.24,WITHIN_TOLERANCE
00:33:19.487,8.019,2,20.2,WITHIN_TOLERANCE
00:33:19.601,13.392,12,36.36,WITHIN_TOLERANCE
00:33:19.814,7.732,4,27.02,WITHIN_TOLERANCE
00:33:20.134,5.446,9,30.75,WITHIN_TOLERANCE
00:33:20.346,6.189,12,23.18,WITHIN_TOLERANCE
00:33:20.451,5.278,6,24.76,WITHIN_TOLERANCE
00:33:20.662,5.343,12,19.33,WITHIN_TOLERANCE
00:33:21.195,10.659,4,33.32,WITHIN_TOLERANCE
00:33:21.300,5.220,7,20.63,WITHIN_TOLERANCE
00:33:21.617,5.377,11,34.14,WITHIN_TOLERANCE
00:33:21.722,4.901,8,23.78,WITHIN_TOLERANCE
00:33:21.827,5.297,2,31.29,WITHIN_TOLERANCE
00:33:22.040,5.358,7,25.35,WITHIN_TOLERANCE
00:33:22.356,5.205,11,20.22,WITHIN_TOLERANCE
00:33:22.462,5.531,7,18.77,WITHIN_TOLERANCE
00:33:22.568,5.365,10,27.41,WITHIN_TOLERANCE
00:33:22.890,10.124,4,36.45,WITHIN_TOLERANCE
00:33:22.996,5.197,7,25.75,WITHIN_TOLERANCE
00:33:23.209,5.525,12,21.99,WITHIN_TOLERANCE
00:33:23.315,5.276,5,27.34,WITHIN_TOLERANCE
00:33:23.420,5.144,2,20.92,WITHIN_TOLERANCE
00:33:23.525,5.287,7,15.18,WITHIN_TOLERANCE
00:33:23.737,5.357,9,26.64,WITHIN_TOLERANCE
00:33:24.265,5.674,3,25.28,WITHIN_TOLERANCE
00:33:24.370,5.448,11,27.09,WITHIN_TOLERANCE
00:33:24.476,5.475,8,30.22,WITHIN_TOLERANCE
00:33:24.582,5.696,2,23.79,WITHIN_TOLERANCE
00:33:24.689,6.795,12,26.68,WITHIN_TOLERANCE
00:33:24.795,5.324,5,25.39,WITHIN_TOLERANCE
00:33:24.901,6.309,11,29.07,WITHIN_TOLERANCE
00:33:25.008,6.413,5,26.39,WITHIN_TOLERANCE
00:33:25.113,5.507,11,15.67,WITHIN_TOLERANCE
00:33:25.219,5.485,3,20.59,WITHIN_TOLERANCE
00:33:25.325,5.476,6,27.98,WITHIN_TOLERANCE
00:33:25.641,5.294,3,22.83,WITHIN_TOLERANCE
00:33:25.746,5.399,7,21.09,WITHIN_TOLERANCE
00:33:25.957,5.277,12,25.51,WITHIN_TOLERANCE
00:33:26.071,11.050,4,24.43,WITHIN_TOLERANCE
00:33:26.282,5.494,8,27.97,WITHIN_TOLERANCE
00:33:26.499,10.422,3,28.42,WITHIN_TOLERANCE
00:33:26.604,5.242,11,25.54,WITHIN_TOLERANCE
00:33:26.709,5.027,8,22.14,WITHIN_TOLERANCE
00:33:27.237,5.324,11,21.44,WITHIN_TOLERANCE
00:33:27.342,5.419,3,27.53,WITHIN_TOLERANCE
00:33:27.448,5.646,9,22.86,WITHIN_TOLERANCE
00:33:27.872,5.650,2,24.76,WITHIN_TOLERANCE
00:33:27.980,8.372,8,24.98,WITHIN_TOLERANCE
00:33:28.087,6.221,4,25.3,WITHIN_TOLERANCE
00:33:28.298,5.664,11,31.12,WITHIN_TOLERANCE
00:33:28.403,5.008,8,32.21,WITHIN_TOLERANCE
00:33:28.620,5.503,3,33.59,WITHIN_TOLERANCE
00:33:28.831,5.395,8,21.87,WITHIN_TOLERANCE
00:33:29.042,5.480,6,22.48,WITHIN_TOLERANCE
00:33:29.470,10.601,6,28.65,WITHIN_TOLERANCE
00:33:29.576,5.435,10,28.62,WITHIN_TOLERANCE
00:33:29.682,5.722,3,25.26,WITHIN_TOLERANCE
00:33:29.787,5.736,8,23.52,WITHIN_TOLERANCE
00:33:29.896,8.778,4,23.72,WITHIN_TOLERANCE
00:33:30.107,5.254,10,23.33,WITHIN_TOLERANCE
00:33:30.322,5.195,3,30.17,WITHIN_TOLERANCE
00:33:30.428,5.466,10,27.89,WITHIN_TOLERANCE
00:33:30.533,5.445,2,24.13,WITHIN_TOLERANCE
00:33:30.744,5.446,9,25.52,WITHIN_TOLERANCE
00:33:30.850,5.542,3,25.97,WITHIN_TOLERANCE
00:33:31.062,6.095,10,24.69,WITHIN_TOLERANCE
00:33:31.167,5.581,5,29.67,WITHIN_TOLERANCE
00:33:31.379,5.362,12,26.8,WITHIN_TOLERANCE
00:33:31.484,5.196,2,21.11,WITHIN_TOLERANCE
00:33:31.592,8.367,7,14.57,WITHIN_TOLERANCE
00:33:31.803,5.350,5,23.99,WITHIN_TOLERANCE
00:33:32.014,5.237,8,27.81,WITHIN_TOLERANCE
00:33:32.226,5.708,4,24.0,WITHIN_TOLERANCE
00:33:32.648,5.216,11,16.16,WITHIN_TOLERANCE
00:33:32.753,5.329,7,37.9,WITHIN_TOLERANCE
00:33:32.965,5.786,5,29.32,WITHIN_TOLERANCE
00:33:33.070,5.085,8,26.07,WITHIN_TOLERANCE
00:33:33.393,8.450,8,26.13,WITHIN_TOLERANCE
00:33:33.500,6.933,11,23.2,WITHIN_TOLERANCE
00:33:33.818,5.524,7,31.76,WITHIN_TOLERANCE
00:33:34.240,5.266,12,34.21,WITHIN_TOLERANCE
00:33:34.346,5.850,4,27.02,WITHIN_TOLERANCE
00:33:34.452,6.335,7,25.86,WITHIN_TOLERANCE
00:33:34.558,5.419,3,11.72,WITHIN_TOLERANCE
00:33:34.663,5.369,12,23.41,WITHIN_TOLERANCE
00:33:34.769,5.425,8,23.46,WITHIN_TOLERANCE
00:33:35.087,5.229,3,22.69,WITHIN_TOLERANCE
00:33:35.194,7.133,9,20.61,WITHIN_TOLERANCE
00:33:35.300,5.255,2,28.92,WITHIN_TOLERANCE
00:33:35.405,5.335,6,25.91,WITHIN_TOLERANCE
00:33:35.513,7.592,9,18.03,WITHIN_TOLERANCE
00:33:35.725,5.580,12,29.47,WITHIN_TOLERANCE
00:33:35.831,5.492,4,32.44,WITHIN_TOLERANCE
00:33:35.936,5.435,7,14.99,WITHIN_TOLERANCE
00:33:36.041,4.967,2,21.37,WITHIN_TOLERANCE
00:33:36.147,5.304,10,17.82,WITHIN_TOLERANCE
00:33:36.252,5.484,7,21.87,WITHIN_TOLERANCE
00:33:36.386,28.214,2,22.55,WITHIN_TOLERANCE
00:33:36.492,5.707,9,28.71,WITHIN_TOLERANCE
00:33:36.597,5.315,3,34.05,WITHIN_TOLERANCE
00:33:36.703,5.675,11,28.84,WITHIN_TOLERANCE
00:33:37.339,5.520,5,26.28,WITHIN_TOLERANCE
00:33:37.550,5.488,3,27.6,WITHIN_TOLERANCE
00:33:37.656,5.737,9,17.97,WITHIN_TOLERANCE
00:33:37.973,5.366,7,30.88,WITHIN_TOLERANCE
00:33:38.078,5.406,2,26.59,WITHIN_TOLERANCE
00:33:38.299,8.840,7,24.68,WITHIN_TOLERANCE
00:33:38.512,5.641,2,21.69,WITHIN_TOLERANCE
00:33:38.618,5.635,7,24.59,WITHIN_TOLERANCE
00:33:38.936,5.501,3,31.17,WITHIN_TOLERANCE
00:33:39.042,5.392,9,16.49,WITHIN_TOLERANCE
00:33:39.253,5.274,3,19.02,WITHIN_TOLERANCE
00:33:39.359,5.536,8,19.06,WITHIN_TOLERANCE
00:33:40.006,11.110,12,22.0,WITHIN_TOLERANCE
00:33:40.112,5.435,3,30.14,WITHIN_TOLERANCE
00:33:40.218,5.309,12,27.89,WITHIN_TOLERANCE
00:33:40.546,16.213,4,9.98,WITHIN_TOLERANCE
00:33:40.970,5.340,2,31.86,WITHIN_TOLERANCE
00:33:41.075,5.430,6,28.51,WITHIN_TOLERANCE
00:33:41.397,8.459,12,25.64,WITHIN_TOLERANCE
00:33:41.502,4.811,6,22.14,WITHIN_TOLERANCE
00:33:41.608,5.343,2,29.35,WITHIN_TOLERANCE
00:33:41.715,7.445,11,31.37,WITHIN_TOLERANCE
00:33:42.032,5.489,3,16.64,WITHIN_TOLERANCE
00:33:42.138,5.637,12,21.36,WITHIN_TOLERANCE
00:33:42.243,5.385,2,19.38,WITHIN_TOLERANCE
00:33:42.349,5.590,9,25.08,WITHIN_TOLERANCE
00:33:42.561,5.590,2,25.27,WITHIN_TOLERANCE
00:33:42.772,5.339,12,26.98,WITHIN_TOLERANCE
00:33:42.988,8.579,6,24.49,WITHIN_TOLERANCE
00:33:43.200,6.267,11,27.34,WITHIN_TOLERANCE
00:33:43.306,5.249,7,25.86,WITHIN_TOLERANCE
00:33:43.622,5.292,3,20.39,WITHIN_TOLERANCE
00:33:43.727,5.489,8,20.28,WITHIN_TOLERANCE
00:33:43.833,5.565,12,21.78,WITHIN_TOLERANCE
00:33:43.939,5.430,4,21.71,WITHIN_TOLERANCE
00:33:44.155,5.238,9,24.16,WITHIN_TOLERANCE
00:33:44.367,5.368,7,35.68,WITHIN_TOLERANCE
00:33:44.791,7.129,3,21.02,WITHIN_TOLERANCE
00:33:44.896,5.149,12,17.11,WITHIN_TOLERANCE
00:33:45.001,5.173,7,18.54,WITHIN_TOLERANCE
00:33:45.107,5.225,4,25.7,WITHIN_TOLERANCE
00:33:45.213,6.046,10,21.35,WITHIN_TOLERANCE
00:33:45.319,5.625,7,21.46,WITHIN_TOLERANCE
00:33:45.425,5.582,4,21.31,WITHIN_TOLERANCE
00:33:45.530,5.423,10,31.88,WITHIN_TOLERANCE
00:33:45.636,5.407,5,28.0,WITHIN_TOLERANCE
00:33:45.741,5.445,10,25.14,WITHIN_TOLERANCE
00:33:45.847,5.560,6,23.39,WITHIN_TOLERANCE
00:33:45.953,5.430,12,24.58,WITHIN_TOLERANCE
00:33:46.058,5.493,8,22.12,WITHIN_TOLERANCE
00:33:46.484,8.778,2,34.73,WITHIN_TOLERANCE
00:33:46.589,5.223,9,33.89,WITHIN_TOLERANCE
00:33:47.331,5.581,2,32.67,WITHIN_TOLERANCE
00:33:47.437,5.531,6,25.4,WITHIN_TOLERANCE
00:33:47.542,5.362,11,20.1,WITHIN_TOLERANCE
00:33:47.754,5.560,8,25.47,WITHIN_TOLERANCE
00:33:47.859,5.307,2,28.86,WITHIN_TOLERANCE
00:33:47.965,5.665,6,29.97,WITHIN_TOLERANCE
00:33:48.071,5.582,2,25.72,WITHIN_TOLERANCE
00:33:48.179,7.982,5,29.31,WITHIN_TOLERANCE
00:33:48.293,10.572,9,30.69,WITHIN_TOLERANCE
00:33:48.507,5.552,6,17.44,WITHIN_TOLERANCE
00:33:48.612,5.497,3,25.68,WITHIN_TOLERANCE
00:33:48.935,5.613,7,36.33,WITHIN_TOLERANCE
00:33:49.146,5.670,2,34.32,WITHIN_TOLERANCE
00:33:49.464,6.232,12,31.23,WITHIN_TOLERANCE
00:33:49.675,5.509,4,18.92,WITHIN_TOLERANCE
00:33:49.885,5.220,7,30.09,WITHIN_TOLERANCE
00:33:49.996,10.478,10,18.72,WITHIN_TOLERANCE
00:33:50.103,6.331,4,26.84,WITHIN_TOLERANCE
00:33:50.315,5.532,10,23.92,WITHIN_TOLERANCE
00:33:50.420,5.473,6,25.41,WITHIN_TOLERANCE
00:33:50.526,5.923,2,22.27,WITHIN_TOLERANCE
00:33:50.737,5.250,10,35.26,WITHIN_TOLERANCE
00:33:51.265,5.282,10,15.76,WITHIN_TOLERANCE
00:33:51.371,5.670,7,26.39,WITHIN_TOLERANCE
00:33:51.801,7.049,5,25.28,WITHIN_TOLERANCE
00:33:52.117,5.331,11,31.01,WITHIN_TOLERANCE
00:33:52.434,5.424,7,19.31,WITHIN_TOLERANCE
00:33:52.539,5.586,4,18.89,WITHIN_TOLERANCE
00:33:52.645,5.484,7,26.04,WITHIN_TOLERANCE
00:33:52.963,6.185,3,29.72,WITHIN_TOLERANCE
00:33:53.068,5.390,6,23.44,WITHIN_TOLERANCE
00:33:53.174,5.632,10,28.07,WITHIN_TOLERANCE
00:33:53.386,6.816,5,17.14,WITHIN_TOLERANCE
00:33:53.492,5.956,2,25.28,WITHIN_TOLERANCE
00:33:53.601,8.818,6,24.55,WITHIN_TOLERANCE
00:33:53.707,5.277,9,18.21,WITHIN_TOLERANCE
00:33:53.918,5.307,2,21.58,WITHIN_TOLERANCE
00:33:54.023,5.692,7,22.0,WITHIN_TOLERANCE
00:33:54.129,5.104,3,32.68,WITHIN_TOLERANCE
00:33:54.234,5.382,10,31.12,WITHIN_TOLERANCE
00:33:54.340,5.652,6,28.98,WITHIN_TOLERANCE
00:33:54.762,5.319,3,29.34,WITHIN_TOLERANCE
00:33:54.868,5.416,12,23.01,WITHIN_TOLERANCE
00:33:55.088,10.268,2,21.78,WITHIN_TOLERANCE
00:33:55.195,6.376,12,28.95,WITHIN_TOLERANCE
00:33:55.300,5.272,6,21.81,WITHIN_TOLERANCE
00:33:55.729,5.522,9,23.09,WITHIN_TOLERANCE
00:33:55.834,5.358,5,24.63,WITHIN_TOLERANCE
00:33:55.940,5.486,9,26.06,WITHIN_TOLERANCE
00:33:56.045,5.274,2,27.7,WITHIN_TOLERANCE
00:33:56.151,5.424,9,17.87,WITHIN_TOLERANCE
00:33:56.362,5.281,10,25.78,WITHIN_TOLERANCE
00:33:56.573,5.543,5,25.53,WITHIN_TOLERANCE
00:33:56.786,5.290,11,25.85,WITHIN_TOLERANCE
00:33:57.002,6.129,3,20.16,WITHIN_TOLERANCE
00:33:57.324,5.319,11,27.46,WITHIN_TOLERANCE
00:33:57.747,5.595,4,14.2,WITHIN_TOLERANCE
00:33:57.853,5.677,9,22.81,WITHIN_TOLERANCE
00:33:58.275,5.525,5,23.83,WITHIN_TOLERANCE
00:33:58.385,9.784,10,22.28,WITHIN_TOLERANCE
00:33:58.597,5.355,3,22.93,WITHIN_TOLERANCE
00:33:58.704,5.494,8,23.8,WITHIN_TOLERANCE
00:33:58.915,5.316,10,30.85,WITHIN_TOLERANCE
00:33:59.126,5.489,4,29.23,WITHIN_TOLERANCE
00:33:59.337,5.286,8,31.02,WITHIN_TOLERANCE
00:33:59.443,5.592,5,30.81,WITHIN_TOLERANCE
00:33:59.549,5.484,8,24.18,WITHIN_TOLERANCE
00:33:59.760,5.557,2,32.41,WITHIN_TOLERANCE
00:33:59.866,5.512,7,21.09,WITHIN_TOLERANCE
00:33:59.971,5.588,4,19.64,WITHIN_TOLERANCE
00:34:00.524,14.621,11,31.59,WITHIN_TOLERANCE
00:34:00.630,5.342,5,15.43,WITHIN_TOLERANCE
00:34:00.841,5.693,3,25.05,WITHIN_TOLERANCE
00:34:01.162,5.482,12,25.26,WITHIN_TOLERANCE
00:34:01.487,6.798,7,23.22,WITHIN_TOLERANCE
00:34:01.908,5.380,7,15.26,WITHIN_TOLERANCE
00:34:02.018,9.315,4,33.84,WITHIN_TOLERANCE
00:34:02.229,5.699,5,22.32,WITHIN_TOLERANCE
00:34:02.441,5.479,8,22.48,WITHIN_TOLERANCE
00:34:02.547,5.579,11,20.64,WITHIN_TOLERANCE
00:34:02.864,6.119,9,28.4,WITHIN_TOLERANCE
00:34:02.970,5.592,3,19.73,WITHIN_TOLERANCE
00:34:03.612,5.316,12,33.28,WITHIN_TOLERANCE
00:34:03.718,6.470,5,22.16,WITHIN_TOLERANCE
00:34:03.824,5.515,10,25.19,WITHIN_TOLERANCE
00:34:04.035,5.534,5,18.7,WITHIN_TOLERANCE
00:34:04.246,5.568,12,15.44,WITHIN_TOLERANCE
00:34:04.458,5.594,7,23.53,WITHIN_TOLERANCE
00:34:04.563,5.305,12,26.57,WITHIN_TOLERANCE
00:34:04.669,5.318,9,28.96,WITHIN_TOLERANCE
00:34:05.526,5.997,4,29.83,WITHIN_TOLERANCE
00:34:05.842,5.487,9,18.75,WITHIN_TOLERANCE
00:34:06.159,5.343,2,34.59,WITHIN_TOLERANCE
00:34:06.264,5.141,11,20.93,WITHIN_TOLERANCE
00:34:06.370,5.567,2,28.03,WITHIN_TOLERANCE
00:34:06.477,7.107,6,29.5,WITHIN_TOLERANCE
00:34:06.692,9.842,8,22.21,WITHIN_TOLERANCE
00:34:06.802,9.951,11,30.97,WITHIN_TOLERANCE
00:34:07.015,5.429,5,14.57,WITHIN_TOLERANCE
00:34:07.444,12.672,2,21.46,WITHIN_TOLERANCE
00:34:07.866,5.441,11,27.39,WITHIN_TOLERANCE
00:34:07.972,5.351,8,28.55,WITHIN_TOLERANCE
00:34:08.079,7.422,2,25.85,WITHIN_TOLERANCE
00:34:08.185,5.727,7,26.43,WITHIN_TOLERANCE
00:34:08.290,5.143,2,24.05,WITHIN_TOLERANCE
00:34:08.397,6.564,5,19.77,WITHIN_TOLERANCE
00:34:08.834,5.431,3,33.82,WITHIN_TOLERANCE
00:34:08.939,5.586,6,18.08,WITHIN_TOLERANCE
00:34:09.150,5.466,4,31.71,WITHIN_TOLERANCE
00:34:09.572,5.350,4,20.79,WITHIN_TOLERANCE
00:34:09.678,5.892,9,23.52,WITHIN_TOLERANCE
00:34:09.896,10.236,3,23.41,WITHIN_TOLERANCE
00:34:10.107,5.263,8,24.97,WITHIN_TOLERANCE
00:34:10.213,5.523,2,30.18,WITHIN_TOLERANCE
00:34:10.318,5.279,10,23.83,WITHIN_TOLERANCE
00:34:10.426,7.636,5,26.52,WITHIN_TOLERANCE
00:34:10.550,24.511,12,25.95,WITHIN_TOLERANCE
00:34:10.762,5.350,8,18.83,WITHIN_TOLERANCE
00:34:10.867,5.338,4,21.69,WITHIN_TOLERANCE
00:34:11.078,5.475,12,21.47,WITHIN_TOLERANCE
00:34:11.400,5.187,3,29.18,WITHIN_TOLERANCE
00:34:11.506,5.230,9,15.58,WITHIN_TOLERANCE
00:34:11.835,5.432,8,32.7,WITHIN_TOLERANCE
00:34:11.941,5.454,12,24.01,WITHIN_TOLERANCE
00:34:12.046,5.291,4,21.94,WITHIN_TOLERANCE
00:34:12.152,5.594,9,27.96,WITHIN_TOLERANCE
00:34:12.258,5.618,5,30.44,WITHIN_TOLERANCE
00:34:12.680,5.216,12,19.14,WITHIN_TOLERANCE
00:34:12.788,6.843,3,31.2,WITHIN_TOLERANCE
00:34:13.110,5.125,8,33.39,WITHIN_TOLERANCE
00:34:13.216,5.412,11,32.13,WITHIN_TOLERANCE
00:34:13.553,23.756,3,34.26,WITHIN_TOLERANCE
00:34:13.665,8.339,12,19.71,WITHIN_TOLERANCE
00:34:13.796,29.892,9,29.46,WITHIN_TOLERANCE
00:34:13.903,7.051,3,34.44,WITHIN_TOLERANCE
00:34:14.009,5.166,10,22.28,WITHIN_TOLERANCE
00:34:14.958,5.440,11,32.47,WITHIN_TOLERANCE
00:34:15.170,5.457,5,22.46,WITHIN_TOLERANCE
00:34:15.275,5.525,11,22.72,WITHIN_TOLERANCE
00:34:15.502,21.296,12,34.14,WITHIN_TOLERANCE
00:34:15.831,18.004,12,18.38,WITHIN_TOLERANCE
00:34:15.938,6.860,9,23.65,WITHIN_TOLERANCE
00:34:16.044,5.352,3,26.45,WITHIN_TOLERANCE
00:34:16.149,5.401,10,19.41,WITHIN_TOLERANCE
00:34:16.255,5.389,2,27.24,WITHIN_TOLERANCE
00:34:16.360,5.361,10,16.01,WITHIN_TOLERANCE
00:34:16.466,5.261,3,72.14,WITHIN_TOLERANCE
00:34:16.680,5.258,11,27.42,WITHIN_TOLERANCE
00:34:16.786,6.070,4,21.4,WITHIN_TOLERANCE
00:34:16.893,6.709,7,24.03,WITHIN_TOLERANCE
00:34:17.112,10.549,11,29.73,WITHIN_TOLERANCE
00:34:17.217,4.786,5,29.43,WITHIN_TOLERANCE
00:34:17.322,5.400,8,23.06,WITHIN_TOLERANCE
00:34:17.428,5.597,4,25.71,WITHIN_TOLERANCE
00:34:17.745,5.497,10,33.95,WITHIN_TOLERANCE
00:34:17.956,5.620,4,18.08,WITHIN_TOLERANCE
00:34:18.062,5.271,8,29.6,WITHIN_TOLERANCE
00:34:18.811,4.781,9,21.58,WITHIN_TOLERANCE
00:34:19.030,8.695,10,21.45,WITHIN_TOLERANCE
00:34:19.352,5.488,6,21.42,WITHIN_TOLERANCE
00:34:19.562,5.222,11,27.7,WITHIN_TOLERANCE
00:34:19.774,5.707,7,28.6,WITHIN_TOLERANCE
00:34:19.991,10.417,4,29.56,WITHIN_TOLERANCE
00:34:20.098,6.576,11,24.51,WITHIN_TOLERANCE
00:34:20.204,6.116,3,29.69,WITHIN_TOLERANCE
00:34:20.309,4.856,7,22.71,WITHIN_TOLERANCE
00:34:20.523,6.143,8,29.26,WITHIN_TOLERANCE
00:34:20.638,14.920,2,21.7,WITHIN_TOLERANCE
00:34:20.755,16.700,12,31.8,WITHIN_TOLERANCE
00:34:20.967,5.608,3,22.12,WITHIN_TOLERANCE
00:34:21.072,5.326,7,23.44,WITHIN_TOLERANCE
00:34:21.284,5.190,2,25.48,WITHIN_TOLERANCE
00:34:21.390,5.310,6,32.1,WITHIN_TOLERANCE
00:34:21.498,8.443,10,20.62,WITHIN_TOLERANCE
00:34:21.711,5.284,8,27.02,WITHIN_TOLERANCE
00:34:21.816,5.213,3,33.73,WITHIN_TOLERANCE
00:34:21.921,5.197,10,29.22,WITHIN_TOLERANCE
00:34:22.028,6.949,7,24.72,WITHIN_TOLERANCE
00:34:22.134,5.518,11,21.97,WITHIN_TOLERANCE
00:34:22.239,5.296,5,16.35,WITHIN_TOLERANCE
00:34:22.345,5.569,9,18.73,WITHIN_TOLERANCE
00:34:22.558,5.455,3,24.14,WITHIN_TOLERANCE
00:34:22.987,5.316,12,28.19,WITHIN_TOLERANCE
00:34:23.092,5.087,3,20.02,WITHIN_TOLERANCE
00:34:23.304,5.113,12,17.63,WITHIN_TOLERANCE
00:34:23.515,5.272,2,30.47,WITHIN_TOLERANCE
00:34:23.621,5.467,6,18.6,WITHIN_TOLERANCE
00:34:23.727,6.531,2,35.64,WITHIN_TOLERANCE
00:34:23.833,5.261,8,25.01,WITHIN_TOLERANCE
00:34:23.939,5.929,12,21.11,WITHIN_TOLERANCE
00:34:24.045,6.221,3,26.71,WITHIN_TOLERANCE
00:34:24.580,7.420,9,27.92,WITHIN_TOLERANCE
00:34:24.686,5.200,12,28.44,WITHIN_TOLERANCE
00:34:24.792,5.262,6,26.98,WITHIN_TOLERANCE
00:34:24.900,8.147,9,31.82,WITHIN_TOLERANCE
00:34:25.005,5.246,5,27.69,WITHIN_TOLERANCE
00:34:25.111,5.152,11,20.61,WITHIN_TOLERANCE
00:34:25.216,5.561,5,25.33,WITHIN_TOLERANCE
00:34:25.323,6.158,11,27.16,WITHIN_TOLERANCE
00:34:25.428,5.597,6,23.25,WITHIN_TOLERANCE
00:34:25.534,5.407,9,28.01,WITHIN_TOLERANCE
00:34:25.641,7.208,6,21.0,WITHIN_TOLERANCE
00:34:25.853,5.486,10,29.59,WITHIN_TOLERANCE
00:34:26.064,5.452,11,26.5,WITHIN_TOLERANCE
00:34:26.275,5.689,4,20.95,WITHIN_TOLERANCE
00:34:26.490,7.026,11,19.11,WITHIN_TOLERANCE
00:34:26.600,9.605,6,33.16,WITHIN_TOLERANCE
00:34:26.812,6.651,3,24.28,WITHIN_TOLERANCE
00:34:26.918,5.482,10,27.54,WITHIN_TOLERANCE
00:34:27.023,5.657,7,22.33,WITHIN_TOLERANCE
00:34:27.129,5.281,11,24.86,WITHIN_TOLERANCE
00:34:27.340,5.615,7,32.47,WITHIN_TOLERANCE
00:34:27.446,5.278,10,25.4,WITHIN_TOLERANCE
00:34:27.657,5.274,2,22.35,WITHIN_TOLERANCE
00:34:27.762,5.523,11,21.83,WITHIN_TOLERANCE
00:34:27.979,10.433,6,22.05,WITHIN_TOLERANCE
00:34:28.193,8.492,11,28.95,WITHIN_TOLERANCE
00:34:28.326,32.662,6,31.65,WITHIN_TOLERANCE
00:34:28.434,6.697,11,23.69,WITHIN_TOLERANCE
00:34:28.540,5.501,5,19.95,WITHIN_TOLERANCE
00:34:28.758,12.486,10,30.62,WITHIN_TOLERANCE
00:34:28.864,5.532,2,31.78,WITHIN_TOLERANCE
00:34:29.506,5.296,12,35.46,WITHIN_TOLERANCE
00:34:29.612,6.162,5,29.21,WITHIN_TOLERANCE
00:34:29.718,5.462,2,33.55,WITHIN_TOLERANCE
00:34:29.824,5.405,11,24.84,WITHIN_TOLERANCE
00:34:30.035,5.125,7,24.04,WITHIN_TOLERANCE
00:34:30.140,5.368,4,22.89,WITHIN_TOLERANCE
00:34:30.246,5.313,11,30.5,WITHIN_TOLERANCE
00:34:30.352,6.241,2,24.25,WITHIN_TOLERANCE
00:34:30.458,5.351,8,25.26,WITHIN_TOLERANCE
00:34:30.563,5.350,4,20.87,WITHIN_TOLERANCE
00:34:30.669,5.258,9,20.75,WITHIN_TOLERANCE
00:34:30.889,8.863,8,22.06,WITHIN_TOLERANCE
00:34:30.996,5.547,5,25.51,WITHIN_TOLERANCE
00:34:31.206,5.573,11,10.35,WITHIN_TOLERANCE
00:34:31.312,5.086,5,30.72,WITHIN_TOLERANCE
00:34:31.524,6.137,2,23.88,WITHIN_TOLERANCE
00:34:31.629,5.459,12,31.27,WITHIN_TOLERANCE
00:34:31.735,5.256,6,18.82,WITHIN_TOLERANCE
00:34:31.840,5.714,12,21.52,WITHIN_TOLERANCE
00:34:32.051,5.620,6,28.67,WITHIN_TOLERANCE
00:34:32.157,5.533,12,22.13,WITHIN_TOLERANCE
00:34:32.263,5.795,3,22.27,WITHIN_TOLERANCE
00:34:32.369,5.333,11,24.74,WITHIN_TOLERANCE
00:34:32.580,5.832,7,32.63,WITHIN_TOLERANCE
00:34:32.686,5.157,3,19.0,WITHIN_TOLERANCE
00:34:32.792,5.245,9,13.43,WITHIN_TOLERANCE
00:34:33.004,6.227,12,22.83,WITHIN_TOLERANCE
00:34:33.215,5.434,5,22.36,WITHIN_TOLERANCE
00:34:33.320,5.329,10,23.88,WITHIN_TOLERANCE
00:34:33.427,6.293,6,26.64,WITHIN_TOLERANCE
00:34:33.638,5.487,3,24.36,WITHIN_TOLERANCE
00:34:33.744,5.443,12,33.24,WITHIN_TOLERANCE
00:34:33.851,6.928,3,18.36,WITHIN_TOLERANCE
00:34:33.956,5.336,8,25.01,WITHIN_TOLERANCE
00:34:34.063,6.908,3,22.88,WITHIN_TOLERANCE
00:34:34.169,5.359,6,21.53,WITHIN_TOLERANCE
00:34:34.275,5.615,10,24.13,WITHIN_TOLERANCE
00:34:34.380,5.291,4,20.16,WITHIN_TOLERANCE
00:34:34.599,7.834,6,21.51,WITHIN_TOLERANCE
00:34:35.665,5.350,3,24.25,WITHIN_TOLERANCE
00:34:35.771,5.617,9,18.85,WITHIN_TOLERANCE
00:34:36.219,7.493,5,23.33,WITHIN_TOLERANCE
00:34:36.766,5.535,2,29.11,WITHIN_TOLERANCE
00:34:36.872,5.511,10,27.85,WITHIN_TOLERANCE
00:34:37.300,6.013,10,16.07,WITHIN_TOLERANCE
00:34:37.405,5.226,6,23.04,WITHIN_TOLERANCE
00:34:37.511,5.192,12,22.78,WITHIN_TOLERANCE
00:34:37.616,5.378,4,23.48,WITHIN_TOLERANCE
00:34:37.724,7.983,10,20.91,WITHIN_TOLERANCE
00:34:37.935,5.585,4,26.12,WITHIN_TOLERANCE
00:34:38.146,5.439,11,32.61,WITHIN_TOLERANCE
00:34:38.252,5.576,5,20.41,WITHIN_TOLERANCE
00:34:38.571,5.430,9,19.61,WITHIN_TOLERANCE
00:34:38.678,7.378,3,27.06,WITHIN_TOLERANCE
00:34:38.894,9.079,10,26.19,WITHIN_TOLERANCE
00:34:39.000,5.929,5,24.72,WITHIN_TOLERANCE
00:34:39.211,5.328,2,20.6,WITHIN_TOLERANCE
00:34:39.422,5.576,12,22.71,WITHIN_TOLERANCE
00:34:39.633,5.530,6,19.34,WITHIN_TOLERANCE
00:34:39.739,5.349,2,24.66,WITHIN_TOLERANCE
00:34:39.952,6.224,7,28.13,WITHIN_TOLERANCE
00:34:40.163,5.385,2,30.99,WITHIN_TOLERANCE
00:34:40.268,5.167,12,24.97,WITHIN_TOLERANCE
00:34:40.486,11.538,6,25.61,WITHIN_TOLERANCE
00:34:40.696,4.985,4,33.57,WITHIN_TOLERANCE
00:34:40.911,7.467,12,18.12,WITHIN_TOLERANCE
00:34:41.016,5.496,3,31.14,WITHIN_TOLERANCE
00:34:41.655,6.054,2,14.73,WITHIN_TOLERANCE
00:34:41.761,5.602,9,33.12,WITHIN_TOLERANCE
00:34:41.972,5.633,4,28.01,WITHIN_TOLERANCE
00:34:42.296,8.886,5,20.07,WITHIN_TOLERANCE
00:34:42.401,5.270,9,27.04,WITHIN_TOLERANCE
00:34:42.718,5.017,5,21.18,WITHIN_TOLERANCE
00:34:42.929,5.321,8,26.35,WITHIN_TOLERANCE
00:34:43.038,8.500,11,27.97,WITHIN_TOLERANCE
00:34:43.355,5.329,5,21.65,WITHIN_TOLERANCE
00:34:43.461,5.760,12,23.6,WITHIN_TOLERANCE
00:34:43.673,5.484,4,22.78,WITHIN_TOLERANCE
00:34:43.890,9.515,12,20.34,WITHIN_TOLERANCE
00:34:43.995,5.203,5,29.16,WITHIN_TOLERANCE
00:34:44.106,10.520,11,24.45,WITHIN_TOLERANCE
00:34:44.216,9.673,3,33.66,WITHIN_TOLERANCE
00:34:44.322,5.555,8,27.76,WITHIN_TOLERANCE
00:34:44.434,12.372,5,30.05,WITHIN_TOLERANCE
00:34:44.540,5.897,11,30.06,WITHIN_TOLERANCE
00:34:44.656,15.167,6,29.17,WITHIN_TOLERANCE
00:34:44.761,4.952,3,31.6,WITHIN_TOLERANCE
00:34:44.885,22.056,9,26.81,WITHIN_TOLERANCE
00:34:44.991,5.414,3,19.04,WITHIN_TOLERANCE
00:34:45.096,5.257,9,9.8,WITHIN_TOLERANCE
00:34:45.202,5.481,12,21.2,WITHIN_TOLERANCE
00:34:45.307,5.421,8,33.34,WITHIN_TOLERANCE
00:34:45.414,6.682,2,27.35,WITHIN_TOLERANCE
00:34:45.520,5.420,10,27.45,WITHIN_TOLERANCE
00:34:45.731,5.595,9,20.18,WITHIN_TOLERANCE
00:34:45.942,5.425,12,24.22,WITHIN_TOLERANCE
00:34:46.048,5.536,5,20.96,WITHIN_TOLERANCE
00:34:46.153,5.256,10,19.68,WITHIN_TOLERANCE
00:34:46.259,5.545,6,22.93,WITHIN_TOLERANCE
00:34:46.365,5.533,10,23.55,WITHIN_TOLERANCE
00:34:46.470,5.648,4,24.98,WITHIN_TOLERANCE
00:34:46.578,7.042,10,24.63,WITHIN_TOLERANCE
00:34:46.683,5.667,5,23.07,WITHIN_TOLERANCE
00:34:47.106,5.260,4,25.6,WITHIN_TOLERANCE
00:34:47.212,6.084,10,36.83,WITHIN_TOLERANCE
00:34:47.634,5.241,6,22.35,WITHIN_TOLERANCE
00:34:47.739,5.555,9,26.71,WITHIN_TOLERANCE
00:34:47.845,5.455,4,26.05,WITHIN_TOLERANCE
00:34:47.951,5.472,10,24.93,WITHIN_TOLERANCE
00:34:48.373,5.216,12,26.23,WITHIN_TOLERANCE
00:34:48.481,7.392,6,28.96,WITHIN_TOLERANCE
00:34:48.692,5.356,2,14.92,WITHIN_TOLERANCE
00:34:48.798,5.184,5,19.67,WITHIN_TOLERANCE
00:34:48.903,5.347,12,25.17,WITHIN_TOLERANCE
00:34:49.026,22.135,5,26.66,WITHIN_TOLERANCE
00:34:49.131,5.407,2,26.27,WITHIN_TOLERANCE
00:34:49.448,5.495,11,34.03,WITHIN_TOLERANCE
00:34:49.554,5.356,8,20.29,WITHIN_TOLERANCE
00:34:49.659,5.414,11,35.66,WITHIN_TOLERANCE
00:34:49.871,5.594,3,28.97,WITHIN_TOLERANCE
00:34:50.086,6.798,8,21.5,WITHIN_TOLERANCE
00:34:50.298,6.827,3,24.52,WITHIN_TOLERANCE
00:34:50.404,5.244,6,20.91,WITHIN_TOLERANCE
00:34:50.512,8.261,9,25.99,WITHIN_TOLERANCE
00:34:50.618,5.446,4,27.46,WITHIN_TOLERANCE
00:34:50.723,5.412,11,24.97,WITHIN_TOLERANCE
00:34:50.829,5.483,3,32.93,WITHIN_TOLERANCE
00:34:51.145,5.578,8,26.57,WITHIN_TOLERANCE
00:34:51.252,6.839,2,22.8,WITHIN_TOLERANCE
00:34:51.676,5.591,7,27.19,WITHIN_TOLERANCE
00:34:51.783,6.996,3,24.13,WITHIN_TOLERANCE
00:34:51.895,11.129,10,24.47,WITHIN_TOLERANCE
00:34:52.213,7.152,4,33.87,WITHIN_TOLERANCE
00:34:52.318,5.412,8,20.89,WITHIN_TOLERANCE
00:34:52.424,5.395,4,31.57,WITHIN_TOLERANCE
00:34:52.529,5.320,8,28.49,WITHIN_TOLERANCE
00:34:52.635,5.494,5,28.0,WITHIN_TOLERANCE
00:34:52.740,5.255,10,25.16,WITHIN_TOLERANCE
00:34:52.952,5.713,8,22.79,WITHIN_TOLERANCE
00:34:53.057,4.946,3,30.52,WITHIN_TOLERANCE
00:34:53.171,13.111,9,26.85,WITHIN_TOLERANCE
00:34:53.603,8.428,11,20.85,WITHIN_TOLERANCE
00:34:53.817,5.450,5,29.43,WITHIN_TOLERANCE
00:34:53.922,5.522,12,30.18,WITHIN_TOLERANCE
00:34:54.030,7.698,5,31.34,WITHIN_TOLERANCE
00:34:54.243,5.494,8,23.04,WITHIN_TOLERANCE
00:34:54.456,5.665,5,14.43,WITHIN_TOLERANCE
00:34:54.561,5.211,8,28.55,WITHIN_TOLERANCE
00:34:54.983,5.159,8,17.13,WITHIN_TOLERANCE
00:34:55.090,7.196,11,18.84,WITHIN_TOLERANCE
00:34:55.200,7.619,4,18.6,WITHIN_TOLERANCE
00:34:55.422,12.727,2,28.89,WITHIN_TOLERANCE
00:34:55.528,5.397,7,22.19,WITHIN_TOLERANCE
00:34:55.850,5.214,3,19.19,WITHIN_TOLERANCE
00:34:55.956,5.724,12,19.86,WITHIN_TOLERANCE
00:34:56.062,6.559,6,29.37,WITHIN_TOLERANCE
00:34:56.168,5.496,10,21.52,WITHIN_TOLERANCE
00:34:56.274,5.836,7,27.15,WITHIN_TOLERANCE
00:34:56.381,6.991,10,23.02,WITHIN_TOLERANCE
00:34:56.489,7.738,4,20.73,WITHIN_TOLERANCE
00:34:56.594,5.290,9,23.65,WITHIN_TOLERANCE
00:34:56.917,6.830,12,37.69,WITHIN_TOLERANCE
00:34:57.022,5.538,2,25.48,WITHIN_TOLERANCE
00:34:57.128,5.470,6,24.3,WITHIN_TOLERANCE
00:34:57.233,5.152,2,18.69,WITHIN_TOLERANCE
00:34:57.553,5.708,11,19.95,WITHIN_TOLERANCE
00:34:57.765,5.806,9,30.07,WITHIN_TOLERANCE
00:34:58.086,10.268,6,23.6,WITHIN_TOLERANCE
00:34:58.192,5.895,2,4.66,WITHIN_TOLERANCE
00:34:58.304,11.618,7,23.98,WITHIN_TOLERANCE
00:34:58.514,5.018,9,22.53,WITHIN_TOLERANCE
00:34:58.620,5.794,5,20.82,WITHIN_TOLERANCE
00:34:58.726,5.477,12,20.89,WITHIN_TOLERANCE
00:34:58.831,5.435,9,28.03,WITHIN_TOLERANCE
00:34:58.937,5.286,5,24.05,WITHIN_TOLERANCE
00:34:59.042,5.417,2,22.75,WITHIN_TOLERANCE
00:34:59.148,5.407,7,20.5,WITHIN_TOLERANCE
00:34:59.916,5.347,8,27.3,WITHIN_TOLERANCE
00:35:00.021,5.354,12,28.49,WITHIN_TOLERANCE
00:35:00.127,5.363,7,33.96,WITHIN_TOLERANCE
00:35:00.338,5.537,2,31.25,WITHIN_TOLERANCE
00:35:00.549,5.468,12,25.02,WITHIN_TOLERANCE
00:35:00.655,5.632,8,32.21,WITHIN_TOLERANCE
00:35:00.761,5.452,5,24.23,WITHIN_TOLERANCE
00:35:00.987,8.879,2,22.19,WITHIN_TOLERANCE
00:35:01.201,6.840,12,25.19,WITHIN_TOLERANCE
00:35:01.423,6.114,5,24.81,WITHIN_TOLERANCE
00:35:01.530,6.433,8,34.78,WITHIN_TOLERANCE
00:35:01.753,5.711,11,31.37,WITHIN_TOLERANCE
00:35:01.859,5.410,3,21.81,WITHIN_TOLERANCE
00:35:01.965,5.683,12,25.33,WITHIN_TOLERANCE
00:35:02.070,5.307,5,26.19,WITHIN_TOLERANCE
00:35:02.176,5.573,8,33.9,WITHIN_TOLERANCE
00:35:02.282,4.764,4,27.68,WITHIN_TOLERANCE
00:35:02.387,5.334,7,26.3,WITHIN_TOLERANCE
00:35:02.494,6.248,3,25.19,WITHIN_TOLERANCE
00:35:02.601,7.256,7,21.34,WITHIN_TOLERANCE
00:35:02.813,5.243,9,20.96,WITHIN_TOLERANCE
00:35:02.918,5.398,3,20.36,WITHIN_TOLERANCE
00:35:03.026,6.935,8,31.08,WITHIN_TOLERANCE
00:35:03.131,5.005,12,36.53,WITHIN_TOLERANCE
00:35:03.236,5.511,6,12.1,WITHIN_TOLERANCE
00:35:03.342,5.538,12,21.63,WITHIN_TOLERANCE
00:35:03.448,5.617,8,22.89,WITHIN_TOLERANCE
00:35:03.553,5.357,3,22.52,WITHIN_TOLERANCE
00:35:03.659,5.871,11,22.46,WITHIN_TOLERANCE
00:35:03.976,5.576,5,21.67,WITHIN_TOLERANCE
00:35:04.093,16.249,10,14.81,WITHIN_TOLERANCE
00:35:04.200,7.295,2,23.07,WITHIN_TOLERANCE
00:35:04.307,6.630,5,24.32,WITHIN_TOLERANCE
00:35:04.732,5.221,11,26.4,WITHIN_TOLERANCE
00:35:04.944,5.704,4,25.47,WITHIN_TOLERANCE
00:35:05.155,5.331,9,29.13,WITHIN_TOLERANCE
00:35:05.479,12.222,5,31.44,WITHIN_TOLERANCE
00:35:05.843,5.474,11,25.6,WITHIN_TOLERANCE
00:35:05.949,5.756,4,26.14,WITHIN_TOLERANCE
00:35:06.266,5.496,11,25.87,WITHIN_TOLERANCE
00:35:06.584,5.313,5,21.7,WITHIN_TOLERANCE
00:35:06.908,6.413,12,24.62,WITHIN_TOLERANCE
00:35:07.014,5.389,3,28.79,WITHIN_TOLERANCE
00:35:07.120,5.373,8,29.7,WITHIN_TOLERANCE
00:35:07.335,9.982,3,27.79,WITHIN_TOLERANCE
00:35:07.547,5.300,10,21.45,WITHIN_TOLERANCE
00:35:07.863,5.495,2,25.64,WITHIN_TOLERANCE
00:35:07.969,5.174,8,25.18,WITHIN_TOLERANCE
00:35:08.395,5.553,5,26.04,WITHIN_TOLERANCE
00:35:08.501,5.955,11,11.73,WITHIN_TOLERANCE
00:35:08.608,7.442,7,21.28,WITHIN_TOLERANCE
00:35:08.819,5.136,12,18.75,WITHIN_TOLERANCE
00:35:08.925,5.664,3,15.56,WITHIN_TOLERANCE
00:35:09.243,5.031,12,22.13,WITHIN_TOLERANCE
00:35:09.352,8.528,4,22.7,WITHIN_TOLERANCE
00:35:09.457,5.592,7,29.68,WITHIN_TOLERANCE
00:35:09.563,5.566,12,25.49,WITHIN_TOLERANCE
00:35:09.668,4.903,8,26.99,WITHIN_TOLERANCE
00:35:09.774,5.274,12,38.61,WITHIN_TOLERANCE
00:35:09.995,7.455,4,18.26,WITHIN_TOLERANCE
00:35:10.103,7.077,12,25.08,WITHIN_TOLERANCE
00:35:10.208,5.289,3,24.62,WITHIN_TOLERANCE
00:35:10.319,10.897,6,22.19,WITHIN_TOLERANCE
00:35:10.636,5.584,3,15.59,WITHIN_TOLERANCE
00:35:10.741,5.435,11,22.99,WITHIN_TOLERANCE
00:35:10.847,5.614,2,30.81,WITHIN_TOLERANCE
00:35:10.953,5.445,11,19.34,WITHIN_TOLERANCE
00:35:11.058,5.572,7,34.41,WITHIN_TOLERANCE
00:35:11.270,5.550,9,22.7,WITHIN_TOLERANCE
00:35:11.375,5.201,4,21.18,WITHIN_TOLERANCE
00:35:11.480,5.309,12,34.59,WITHIN_TOLERANCE
00:35:11.586,5.184,6,22.63,WITHIN_TOLERANCE
00:35:11.693,7.318,10,27.2,WITHIN_TOLERANCE
00:35:11.923,17.209,4,25.15,WITHIN_TOLERANCE
00:35:12.244,5.482,7,22.4,WITHIN_TOLERANCE
00:35:12.562,6.643,3,22.53,WITHIN_TOLERANCE
00:35:12.773,5.533,11,25.07,WITHIN_TOLERANCE
00:35:12.881,7.593,5,21.2,WITHIN_TOLERANCE
00:35:13.096,6.837,4,26.93,WITHIN_TOLERANCE
00:35:13.310,7.380,11,21.43,WITHIN_TOLERANCE
00:35:13.417,6.748,5,23.52,WITHIN_TOLERANCE
00:35:13.522,5.346,11,25.03,WITHIN_TOLERANCE
00:35:13.628,5.338,8,20.77,WITHIN_TOLERANCE
00:35:13.735,6.786,4,27.77,WITHIN_TOLERANCE
00:35:13.840,5.224,9,29.0,WITHIN_TOLERANCE
00:35:14.052,5.437,4,24.95,WITHIN_TOLERANCE
00:35:14.263,6.160,11,22.05,WITHIN_TOLERANCE
00:35:14.474,5.620,9,28.62,WITHIN_TOLERANCE
00:35:14.688,7.499,12,28.66,WITHIN_TOLERANCE
00:35:14.799,10.665,7,18.29,WITHIN_TOLERANCE
00:35:15.011,5.155,3,27.8,WITHIN_TOLERANCE
00:35:15.328,5.461,8,32.33,WITHIN_TOLERANCE
00:35:15.434,5.368,5,32.74,WITHIN_TOLERANCE
00:35:15.539,5.551,11,13.96,WITHIN_TOLERANCE
00:35:15.857,5.366,9,36.2,WITHIN_TOLERANCE
00:35:15.963,5.635,5,19.26,WITHIN_TOLERANCE
00:35:16.068,5.372,2,18.57,WITHIN_TOLERANCE
00:35:16.174,5.534,11,16.89,WITHIN_TOLERANCE
00:35:16.280,5.456,2,23.8,WITHIN_TOLERANCE
00:35:16.390,10.714,6,15.7,WITHIN_TOLERANCE
00:35:16.815,5.207,9,21.83,WITHIN_TOLERANCE
00:35:17.137,6.994,6,32.7,WITHIN_TOLERANCE
00:35:17.242,5.275,9,22.33,WITHIN_TOLERANCE
00:35:17.458,5.356,4,29.7,WITHIN_TOLERANCE
00:35:17.564,5.369,7,11.99,WITHIN_TOLERANCE
00:35:17.779,9.128,6,23.3,WITHIN_TOLERANCE
00:35:17.888,8.622,2,39.03,WITHIN_TOLERANCE
00:35:17.996,5.188,9,16.62,WITHIN_TOLERANCE
00:35:18.210,8.662,8,26.58,WITHIN_TOLERANCE
00:35:18.743,5.721,4,19.12,WITHIN_TOLERANCE
00:35:18.848,5.230,11,29.39,WITHIN_TOLERANCE
00:35:18.954,5.351,4,28.71,WITHIN_TOLERANCE
00:35:19.060,5.477,10,20.27,WITHIN_TOLERANCE
00:35:19.165,5.449,6,13.26,WITHIN_TOLERANCE
00:35:19.271,5.407,11,19.85,WITHIN_TOLERANCE
00:35:19.376,5.306,5,27.56,WITHIN_TOLERANCE
00:35:19.481,5.170,2,24.2,WITHIN_TOLERANCE
00:35:19.587,5.360,8,22.83,WITHIN_TOLERANCE
00:35:19.802,7.144,4,24.57,WITHIN_TOLERANCE
00:35:19.907,5.261,11,28.16,WITHIN_TOLERANCE
00:35:20.014,6.664,7,24.35,WITHIN_TOLERANCE
00:35:20.119,4.954,11,28.39,WITHIN_TOLERANCE
00:35:20.452,3.875,12,17.3,WITHIN_TOLERANCE
00:35:20.798,35.287,6,23.07,WITHIN_TOLERANCE
00:35:20.903,5.331,12,25.11,WITHIN_TOLERANCE
00:35:21.114,5.482,2,30.64,WITHIN_TOLERANCE
00:35:21.220,5.530,7,25.49,WITHIN_TOLERANCE
00:35:21.325,5.256,10,15.69,WITHIN_TOLERANCE
00:35:21.538,6.774,6,30.95,WITHIN_TOLERANCE
00:35:21.749,5.448,10,28.79,WITHIN_TOLERANCE
00:35:21.855,5.370,2,23.38,WITHIN_TOLERANCE
00:35:22.066,5.539,6,24.91,WITHIN_TOLERANCE
00:35:22.301,26.325,11,34.88,WITHIN_TOLERANCE
00:35:22.725,5.318,8,27.52,WITHIN_TOLERANCE
00:35:22.832,5.677,2,31.67,WITHIN_TOLERANCE
00:35:22.938,5.504,12,18.53,WITHIN_TOLERANCE
00:35:23.043,5.632,2,38.41,WITHIN_TOLERANCE
00:35:23.256,7.330,6,21.2,WITHIN_TOLERANCE
00:35:23.468,5.484,10,27.89,WITHIN_TOLERANCE
00:35:23.679,5.325,3,16.97,WITHIN_TOLERANCE
00:35:23.791,12.213,7,28.28,WITHIN_TOLERANCE
00:35:24.007,7.761,12,18.46,WITHIN_TOLERANCE
00:35:24.113,5.367,5,27.62,WITHIN_TOLERANCE
00:35:24.218,5.637,11,17.58,WITHIN_TOLERANCE
00:35:24.641,5.527,4,24.41,WITHIN_TOLERANCE
00:35:24.853,6.629,11,24.15,WITHIN_TOLERANCE
00:35:24.959,5.427,8,33.95,WITHIN_TOLERANCE
00:35:25.064,5.630,5,16.78,WITHIN_TOLERANCE
00:35:25.170,5.512,8,26.44,WITHIN_TOLERANCE
00:35:25.275,5.352,2,23.12,WITHIN_TOLERANCE
00:35:25.381,5.198,6,21.36,WITHIN_TOLERANCE
00:35:25.492,10.634,10,23.31,WITHIN_TOLERANCE
00:35:25.597,5.372,5,27.05,WITHIN_TOLERANCE
00:35:25.703,5.469,12,18.58,WITHIN_TOLERANCE
00:35:25.809,6.222,4,20.56,WITHIN_TOLERANCE
00:35:26.126,5.530,7,23.17,WITHIN_TOLERANCE
00:35:26.231,5.609,10,29.76,WITHIN_TOLERANCE
00:35:26.337,5.408,6,28.56,WITHIN_TOLERANCE
00:35:26.442,5.375,9,26.45,WITHIN_TOLERANCE
00:35:26.549,6.325,6,25.41,WITHIN_TOLERANCE
00:35:26.866,5.230,2,15.03,WITHIN_TOLERANCE
00:35:26.971,5.475,12,6.91,WITHIN_TOLERANCE
00:35:27.293,5.013,2,29.74,WITHIN_TOLERANCE
00:35:27.398,5.181,7,29.78,WITHIN_TOLERANCE
00:35:28.457,4.955,6,27.63,WITHIN_TOLERANCE
00:35:28.669,5.400,4,27.54,WITHIN_TOLERANCE
00:35:28.880,5.687,6,23.76,WITHIN_TOLERANCE
00:35:29.098,9.120,9,22.01,WITHIN_TOLERANCE
00:35:29.205,5.258,3,22.06,WITHIN_TOLERANCE
00:35:29.317,10.750,12,16.85,WITHIN_TOLERANCE
00:35:29.423,5.527,4,27.59,WITHIN_TOLERANCE
00:35:29.529,5.486,8,22.01,WITHIN_TOLERANCE
00:35:29.740,5.301,3,32.98,WITHIN_TOLERANCE
00:35:29.849,8.340,7,22.56,WITHIN_TOLERANCE
00:35:29.954,5.513,2,22.49,WITHIN_TOLERANCE
00:35:30.060,5.316,7,37.43,WITHIN_TOLERANCE
00:35:30.165,5.399,12,21.71,WITHIN_TOLERANCE
00:35:30.271,5.671,2,35.5,WITHIN_TOLERANCE
00:35:30.379,7.510,9,25.88,WITHIN_TOLERANCE
00:35:30.486,6.883,4,25.08,WITHIN_TOLERANCE
00:35:30.601,14.569,8,24.04,WITHIN_TOLERANCE
00:35:30.814,5.645,4,24.32,WITHIN_TOLERANCE
00:35:31.026,5.671,11,23.28,WITHIN_TOLERANCE
00:35:31.449,5.555,6,26.88,WITHIN_TOLERANCE
00:35:31.554,5.650,11,21.43,WITHIN_TOLERANCE
00:35:31.871,5.131,2,23.5,WITHIN_TOLERANCE
00:35:32.084,5.365,7,28.09,WITHIN_TOLERANCE
00:35:32.302,9.145,11,24.82,WITHIN_TOLERANCE
00:35:32.409,6.835,4,29.82,WITHIN_TOLERANCE
00:35:32.515,5.576,12,27.48,WITHIN_TOLERANCE
00:35:32.735,5.471,2,30.75,WITHIN_TOLERANCE
00:35:32.840,5.301,11,31.33,WITHIN_TOLERANCE
00:35:32.946,5.620,8,24.95,WITHIN_TOLERANCE
00:35:33.051,5.503,5,27.56,WITHIN_TOLERANCE
00:35:33.157,5.521,12,20.68,WITHIN_TOLERANCE
00:35:33.581,7.180,2,23.2,WITHIN_TOLERANCE
00:35:33.687,5.315,7,23.03,WITHIN_TOLERANCE
00:35:33.797,8.878,11,22.92,WITHIN_TOLERANCE
00:35:33.902,5.516,4,22.41,WITHIN_TOLERANCE
00:35:34.008,5.288,9,26.62,WITHIN_TOLERANCE
00:35:34.113,5.347,2,25.54,WITHIN_TOLERANCE
00:35:34.223,8.771,8,28.72,WITHIN_TOLERANCE
00:35:34.331,5.540,2,31.87,WITHIN_TOLERANCE
00:35:34.437,5.650,11,19.67,WITHIN_TOLERANCE
00:35:34.542,5.431,5,24.08,WITHIN_TOLERANCE
00:35:34.648,5.589,9,22.03,WITHIN_TOLERANCE
00:35:34.753,5.461,2,31.83,WITHIN_TOLERANCE
00:35:34.859,5.452,10,25.58,WITHIN_TOLERANCE
00:35:35.288,5.165,2,19.12,WITHIN_TOLERANCE
00:35:35.394,5.380,9,10.96,WITHIN_TOLERANCE
00:35:35.505,10.920,2,20.19,WITHIN_TOLERANCE
00:35:35.716,5.351,5,20.64,WITHIN_TOLERANCE
00:35:35.928,5.549,11,24.52,WITHIN_TOLERANCE
00:35:36.033,5.544,2,17.9,WITHIN_TOLERANCE
00:35:36.139,5.214,10,24.28,WITHIN_TOLERANCE
00:35:36.245,5.690,2,20.33,WITHIN_TOLERANCE
00:35:36.350,5.668,9,28.84,WITHIN_TOLERANCE
00:35:36.456,5.316,12,22.31,WITHIN_TOLERANCE
00:35:36.561,5.384,6,29.37,WITHIN_TOLERANCE
00:35:36.667,5.472,2,24.69,WITHIN_TOLERANCE
00:35:36.778,9.976,8,30.59,WITHIN_TOLERANCE
00:35:36.884,5.532,11,24.7,WITHIN_TOLERANCE
00:35:36.989,5.217,6,31.63,WITHIN_TOLERANCE
00:35:37.098,8.867,9,14.43,WITHIN_TOLERANCE
00:35:37.310,5.574,4,24.45,WITHIN_TOLERANCE
00:35:37.521,5.366,12,31.5,WITHIN_TOLERANCE
00:35:37.626,5.585,8,24.32,WITHIN_TOLERANCE
00:35:37.732,5.484,5,24.36,WITHIN_TOLERANCE
00:35:37.837,5.152,12,21.33,WITHIN_TOLERANCE
00:35:37.943,5.595,9,27.63,WITHIN_TOLERANCE
00:35:38.049,5.422,4,24.32,WITHIN_TOLERANCE
00:35:38.793,5.318,4,25.6,WITHIN_TOLERANCE
00:35:39.640,5.447,8,24.23,WITHIN_TOLERANCE
00:35:39.850,5.566,3,31.05,WITHIN_TOLERANCE
00:35:40.167,5.296,9,19.63,WITHIN_TOLERANCE
00:35:40.378,5.500,3,36.68,WITHIN_TOLERANCE
00:35:40.488,8.433,12,33.86,WITHIN_TOLERANCE
00:35:40.593,5.262,7,27.44,WITHIN_TOLERANCE
00:35:40.808,5.356,3,35.55,WITHIN_TOLERANCE
00:35:41.023,5.246,9,23.82,WITHIN_TOLERANCE
00:35:41.234,5.452,2,23.41,WITHIN_TOLERANCE
00:35:41.340,5.378,11,26.76,WITHIN_TOLERANCE
00:35:41.551,5.546,6,32.1,WITHIN_TOLERANCE
00:35:41.657,5.584,11,27.24,WITHIN_TOLERANCE
00:35:41.871,5.395,6,15.08,WITHIN_TOLERANCE
00:35:41.979,7.712,9,12.36,WITHIN_TOLERANCE
00:35:42.085,5.288,2,28.75,WITHIN_TOLERANCE
00:35:42.195,8.775,10,30.69,WITHIN_TOLERANCE
00:35:42.413,12.759,7,27.05,WITHIN_TOLERANCE
00:35:42.523,9.332,3,28.49,WITHIN_TOLERANCE
00:35:42.840,5.463,10,22.46,WITHIN_TOLERANCE
00:35:42.945,5.652,7,26.58,WITHIN_TOLERANCE
00:35:43.051,5.301,11,19.94,WITHIN_TOLERANCE
00:35:43.156,5.188,7,23.63,WITHIN_TOLERANCE
00:35:43.368,5.536,3,28.56,WITHIN_TOLERANCE
00:35:43.473,5.499,6,27.85,WITHIN_TOLERANCE
00:35:43.581,7.393,10,29.37,WITHIN_TOLERANCE
00:35:43.686,5.287,6,24.44,WITHIN_TOLERANCE
00:35:43.905,5.474,11,27.97,WITHIN_TOLERANCE
00:35:44.010,5.394,6,35.28,WITHIN_TOLERANCE
00:35:44.116,5.469,12,25.44,WITHIN_TOLERANCE
00:35:44.222,5.545,6,27.26,WITHIN_TOLERANCE
00:35:44.327,5.556,9,32.07,WITHIN_TOLERANCE
00:35:44.539,5.439,3,23.53,WITHIN_TOLERANCE
00:35:44.753,8.200,7,21.13,WITHIN_TOLERANCE
00:35:44.859,5.524,2,27.82,WITHIN_TOLERANCE
00:35:44.964,5.286,10,17.84,WITHIN_TOLERANCE
00:35:45.191,7.809,11,32.6,WITHIN_TOLERANCE
00:35:45.298,5.248,7,31.02,WITHIN_TOLERANCE
00:35:45.404,5.558,4,29.56,WITHIN_TOLERANCE
00:35:45.518,13.274,8,25.74,WITHIN_TOLERANCE
00:35:45.623,5.392,2,24.36,WITHIN_TOLERANCE
00:35:45.944,5.521,11,28.33,WITHIN_TOLERANCE
00:35:46.049,5.414,8,18.11,WITHIN_TOLERANCE
00:35:46.155,5.491,11,20.77,WITHIN_TOLERANCE
00:35:46.260,5.405,4,24.54,WITHIN_TOLERANCE
00:35:46.366,5.474,8,21.93,WITHIN_TOLERANCE
00:35:46.472,5.402,4,19.11,WITHIN_TOLERANCE
00:35:46.577,5.365,7,21.99,WITHIN_TOLERANCE
00:35:46.684,5.113,12,29.08,WITHIN_TOLERANCE
00:35:46.792,8.228,3,26.43,WITHIN_TOLERANCE
00:35:47.149,16.737,2,24.04,WITHIN_TOLERANCE
00:35:47.255,6.008,12,19.05,WITHIN_TOLERANCE
00:35:47.361,5.833,3,17.98,WITHIN_TOLERANCE
00:35:47.467,5.644,12,21.66,WITHIN_TOLERANCE
00:35:47.572,5.433,5,18.76,WITHIN_TOLERANCE
00:35:47.786,7.306,4,25.92,WITHIN_TOLERANCE
00:35:47.999,6.843,10,16.9,WITHIN_TOLERANCE
00:35:48.104,5.432,7,27.26,WITHIN_TOLERANCE
00:35:48.210,5.407,2,26.94,WITHIN_TOLERANCE
00:35:48.315,5.456,10,28.55,WITHIN_TOLERANCE
00:35:48.421,5.598,2,19.09,WITHIN_TOLERANCE
00:35:48.527,5.406,12,26.98,WITHIN_TOLERANCE
00:35:48.632,5.641,6,20.17,WITHIN_TOLERANCE
00:35:48.738,5.467,10,16.06,WITHIN_TOLERANCE
00:35:48.844,5.578,5,25.42,WITHIN_TOLERANCE
00:35:48.949,5.318,10,26.12,WITHIN_TOLERANCE
00:35:49.055,5.623,4,25.51,WITHIN_TOLERANCE
00:35:49.266,5.268,9,22.46,WITHIN_TOLERANCE
00:35:49.585,5.218,2,26.17,WITHIN_TOLERANCE
00:35:49.803,7.217,10,14.72,WITHIN_TOLERANCE
00:35:49.912,8.706,3,26.68,WITHIN_TOLERANCE
00:35:50.018,5.178,7,33.22,WITHIN_TOLERANCE
00:35:50.124,5.997,2,24.95,WITHIN_TOLERANCE
00:35:50.235,10.954,9,17.41,WITHIN_TOLERANCE
00:35:50.551,5.575,9,21.08,WITHIN_TOLERANCE
00:35:50.868,5.288,3,39.97,WITHIN_TOLERANCE
00:35:50.974,5.498,8,22.08,WITHIN_TOLERANCE
00:35:51.081,7.548,12,15.23,WITHIN_TOLERANCE
00:35:51.187,5.279,9,31.42,WITHIN_TOLERANCE
00:35:51.402,5.241,5,24.2,WITHIN_TOLERANCE
00:35:51.721,5.395,12,19.51,WITHIN_TOLERANCE
00:35:51.932,5.480,5,21.27,WITHIN_TOLERANCE
00:35:52.145,7.161,10,21.69,WITHIN_TOLERANCE
00:35:52.362,7.648,5,19.93,WITHIN_TOLERANCE
00:35:52.695,6.593,10,30.98,WITHIN_TOLERANCE
00:35:52.915,9.733,4,31.53,WITHIN_TOLERANCE
00:35:53.126,5.597,10,21.1,WITHIN_TOLERANCE
00:35:53.337,5.486,2,26.87,WITHIN_TOLERANCE
00:35:53.443,5.528,12,25.6,WITHIN_TOLERANCE
00:35:53.549,5.506,7,26.98,WITHIN_TOLERANCE
00:35:53.655,5.650,4,23.54,WITHIN_TOLERANCE
00:35:53.971,5.628,11,19.72,WITHIN_TOLERANCE
00:35:54.077,5.533,4,27.11,WITHIN_TOLERANCE
00:35:54.182,5.197,12,10.61,WITHIN_TOLERANCE
00:35:54.394,5.274,5,22.52,WITHIN_TOLERANCE
00:35:54.504,9.734,10,32.12,WITHIN_TOLERANCE
00:35:54.715,5.195,6,31.05,WITHIN_TOLERANCE
00:35:54.820,5.551,10,23.17,WITHIN_TOLERANCE
00:35:54.926,5.316,3,14.26,WITHIN_TOLERANCE
06:59:49.264,6.714,10,15.6,WITHIN_TOLERANCE
06:59:49.585,5.529,5,18.52,WITHIN_TOLERANCE
06:59:49.690,5.437,11,16.52,WITHIN_TOLERANCE
06:59:50.006,5.261,6,21.53,WITHIN_TOLERANCE
06:59:50.219,7.093,3,31.23,WITHIN_TOLERANCE
06:59:50.325,5.674,8,22.43,WITHIN_TOLERANCE
06:59:50.437,11.259,3,28.5,WITHIN_TOLERANCE
06:59:50.790,5.447,10,18.81,WITHIN_TOLERANCE
06:59:50.896,5.429,4,30.53,WITHIN_TOLERANCE
06:59:51.001,5.369,7,30.76,WITHIN_TOLERANCE
06:59:51.107,5.521,4,26.99,WITHIN_TOLERANCE
06:59:51.213,5.744,8,18.48,WITHIN_TOLERANCE
06:59:51.318,5.634,12,24.03,WITHIN_TOLERANCE
06:59:51.424,5.398,7,21.71,WITHIN_TOLERANCE
06:59:51.532,7.355,3,20.76,WITHIN_TOLERANCE
06:59:51.743,5.360,12,20.51,WITHIN_TOLERANCE
06:59:51.848,5.581,7,22.4,WITHIN_TOLERANCE
06:59:51.955,5.909,3,21.32,WITHIN_TOLERANCE
06:59:52.060,5.277,7,27.89,WITHIN_TOLERANCE
06:59:52.271,5.590,11,30.47,WITHIN_TOLERANCE
06:59:52.377,5.421,6,28.61,WITHIN_TOLERANCE
06:59:52.483,5.694,12,24.66,WITHIN_TOLERANCE
06:59:52.698,5.592,8,28.07,WITHIN_TOLERANCE
06:59:52.914,7.639,12,23.61,WITHIN_TOLERANCE
06:59:53.022,7.624,5,25.22,WITHIN_TOLERANCE
06:59:53.234,5.960,11,21.64,WITHIN_TOLERANCE
06:59:53.340,5.505,6,26.03,WITHIN_TOLERANCE
06:59:53.551,5.265,11,27.79,WITHIN_TOLERANCE
06:59:53.656,5.464,8,21.64,WITHIN_TOLERANCE
06:59:53.762,5.649,4,19.51,WITHIN_TOLERANCE
06:59:53.868,6.073,9,22.82,WITHIN_TOLERANCE
06:59:53.974,5.500,6,15.96,WITHIN_TOLERANCE
06:59:54.080,5.548,11,28.13,WITHIN_TOLERANCE
06:59:54.186,5.707,5,28.94,WITHIN_TOLERANCE
06:59:54.291,5.431,10,26.4,WITHIN_TOLERANCE
06:59:54.397,5.585,6,20.41,WITHIN_TOLERANCE
06:59:54.719,5.778,9,14.96,WITHIN_TOLERANCE
06:59:54.825,5.598,2,27.56,WITHIN_TOLERANCE
06:59:54.931,5.476,10,29.68,WITHIN_TOLERANCE
06:59:55.037,5.625,2,29.26,WITHIN_TOLERANCE
06:59:55.143,6.086,10,22.27,WITHIN_TOLERANCE
06:59:55.361,5.444,6,25.1,WITHIN_TOLERANCE
06:59:55.470,8.365,10,19.72,WITHIN_TOLERANCE
06:59:55.575,5.213,4,31.07,WITHIN_TOLERANCE
06:59:55.997,5.454,8,22.95,WITHIN_TOLERANCE
06:59:56.103,5.512,11,24.89,WITHIN_TOLERANCE
06:59:56.314,5.292,5,31.48,WITHIN_TOLERANCE
06:59:56.526,5.467,2,19.85,WITHIN_TOLERANCE
06:59:56.632,5.934,12,24.62,WITHIN_TOLERANCE
06:59:56.742,5.415,4,23.93,WITHIN_TOLERANCE
06:59:56.887,45.517,11,22.01,WITHIN_TOLERANCE
06:59:57.099,5.754,5,22.96,WITHIN_TOLERANCE
06:59:57.311,5.730,12,25.52,WITHIN_TOLERANCE
06:59:57.417,5.549,5,28.62,WITHIN_TOLERANCE
06:59:57.629,6.548,3,29.79,WITHIN_TOLERANCE
06:59:57.841,5.526,10,33.58,WITHIN_TOLERANCE
06:59:58.052,5.357,6,19.28,WITHIN_TOLERANCE
06:59:58.379,5.769,11,30.49,WITHIN_TOLERANCE
06:59:58.485,5.884,5,24.83,WITHIN_TOLERANCE
06:59:58.590,5.251,11,40.1,WITHIN_TOLERANCE
06:59:58.696,5.735,2,16.01,WITHIN_TOLERANCE
06:59:58.802,5.466,6,28.75,WITHIN_TOLERANCE
06:59:59.119,5.547,11,20.57,WITHIN_TOLERANCE
06:59:59.225,5.361,3,23.1,WITHIN_TOLERANCE
06:59:59.331,6.437,10,25.62,WITHIN_TOLERANCE
06:59:59.546,9.274,6,28.96,WITHIN_TOLERANCE
06:59:59.652,5.527,9,23.99,WITHIN_TOLERANCE
06:59:59.758,5.540,4,15.68,WITHIN_TOLERANCE
06:59:59.874,15.602,12,29.7,WITHIN_TOLERANCE
06:59:59.982,5.879,8,29.56,WITHIN_TOLERANCE
07:00:00.089,6.243,4,23.89,WITHIN_TOLERANCE
07:00:00.300,5.597,9,24.28,WITHIN_TOLERANCE
07:00:00.723,5.242,9,18.49,WITHIN_TOLERANCE
07:00:00.934,5.242,3,30.96,WITHIN_TOLERANCE
07:00:01.040,5.571,8,26.19,WITHIN_TOLERANCE
07:00:01.146,5.722,4,36.27,WITHIN_TOLERANCE
07:00:01.361,5.776,11,29.26,WITHIN_TOLERANCE
07:00:01.467,5.764,6,22.38,WITHIN_TOLERANCE
07:00:01.573,5.641,9,33.55,WITHIN_TOLERANCE
07:00:01.784,5.355,12,22.74,WITHIN_TOLERANCE
07:00:01.996,5.890,5,24.05,WITHIN_TOLERANCE
07:00:02.328,6.025,10,23.55,WITHIN_TOLERANCE
07:00:02.434,6.093,6,24.02,WITHIN_TOLERANCE
07:00:02.648,6.004,9,19.92,WITHIN_TOLERANCE
07:00:02.966,5.972,9,26.07,WITHIN_TOLERANCE
07:00:03.180,7.249,2,29.12,WITHIN_TOLERANCE
07:00:03.286,5.807,8,22.54,WITHIN_TOLERANCE
07:00:03.604,5.662,12,29.68,WITHIN_TOLERANCE
07:00:03.711,6.733,9,27.39,WITHIN_TOLERANCE
07:00:04.252,6.022,5,23.93,WITHIN_TOLERANCE
07:00:04.477,19.155,11,21.98,WITHIN_TOLERANCE
07:00:04.583,5.748,6,28.63,WITHIN_TOLERANCE
07:00:04.795,5.599,9,28.71,WITHIN_TOLERANCE
07:00:04.901,5.987,4,30.81,WITHIN_TOLERANCE
07:00:05.007,5.895,8,18.9,WITHIN_TOLERANCE
07:00:05.326,5.868,2,22.67,WITHIN_TOLERANCE
07:00:05.538,5.990,11,30.21,WITHIN_TOLERANCE
07:00:05.858,7.319,2,26.07,WITHIN_TOLERANCE
07:00:06.072,7.772,9,29.8,WITHIN_TOLERANCE
07:00:06.286,5.190,12,27.79,WITHIN_TOLERANCE
07:00:06.395,8.708,5,30.92,WITHIN_TOLERANCE
07:00:06.500,5.511,10,28.38,WITHIN_TOLERANCE
07:00:06.835,21.436,12,18.06,WITHIN_TOLERANCE
07:00:06.941,5.444,3,33.79,WITHIN_TOLERANCE
07:00:07.153,5.706,10,19.52,WITHIN_TOLERANCE
07:00:07.365,5.643,5,34.68,WITHIN_TOLERANCE
07:00:07.471,5.758,10,26.98,WITHIN_TOLERANCE
07:00:07.578,6.766,5,22.35,WITHIN_TOLERANCE
07:00:07.791,6.997,12,28.61,WITHIN_TOLERANCE
07:00:07.897,5.847,2,23.72,WITHIN_TOLERANCE
07:00:08.003,5.856,10,21.33,WITHIN_TOLERANCE
07:00:08.217,5.682,2,22.15,WITHIN_TOLERANCE
07:00:08.324,6.307,6,26.67,WITHIN_TOLERANCE
07:00:08.437,12.928,11,26.4,WITHIN_TOLERANCE
07:00:08.543,5.867,5,28.16,WITHIN_TOLERANCE
07:00:08.758,5.039,7,25.12,WITHIN_TOLERANCE
07:00:08.970,5.556,11,25.6,WITHIN_TOLERANCE
07:00:09.083,9.913,7,22.92,WITHIN_TOLERANCE
07:00:09.298,8.907,4,27.6,WITHIN_TOLERANCE
07:00:09.404,5.063,12,24.64,WITHIN_TOLERANCE
07:00:09.724,9.234,7,22.13,WITHIN_TOLERANCE
07:00:09.830,5.218,12,20.75,WITHIN_TOLERANCE
07:00:10.147,5.780,4,21.5,WITHIN_TOLERANCE
07:00:10.253,5.665,12,27.5,WITHIN_TOLERANCE
07:00:10.359,5.651,5,29.09,WITHIN_TOLERANCE
07:00:10.464,5.300,10,19.19,WITHIN_TOLERANCE
07:00:10.890,6.122,7,23.79,WITHIN_TOLERANCE
07:00:10.996,5.948,3,23.53,WITHIN_TOLERANCE
07:00:11.102,5.999,11,24.06,WITHIN_TOLERANCE
07:00:11.209,5.502,5,29.55,WITHIN_TOLERANCE
07:00:11.428,5.531,7,17.55,WITHIN_TOLERANCE
07:00:11.534,5.934,2,22.03,WITHIN_TOLERANCE
07:00:11.641,6.192,8,29.28,WITHIN_TOLERANCE
07:00:11.747,5.759,11,25.9,WITHIN_TOLERANCE
07:00:11.856,9.499,5,24.6,WITHIN_TOLERANCE
07:00:11.962,5.234,10,26.95,WITHIN_TOLERANCE
07:00:12.067,5.555,7,29.3,WITHIN_TOLERANCE
07:00:12.279,5.581,9,21.93,WITHIN_TOLERANCE
07:00:12.385,5.594,5,14.32,WITHIN_TOLERANCE
07:00:12.491,5.982,11,24.47,WITHIN_TOLERANCE
07:00:12.596,5.446,4,27.57,WITHIN_TOLERANCE
07:00:12.808,5.791,9,23.59,WITHIN_TOLERANCE
07:00:13.128,5.683,2,22.94,WITHIN_TOLERANCE
07:00:13.234,5.963,7,24.68,WITHIN_TOLERANCE
07:00:13.553,5.944,6,23.92,WITHIN_TOLERANCE
07:00:13.870,5.746,2,25.52,WITHIN_TOLERANCE
07:00:14.295,5.895,10,26.85,WITHIN_TOLERANCE
07:00:14.400,5.694,7,25.42,WITHIN_TOLERANCE
07:00:14.612,5.805,8,22.38,WITHIN_TOLERANCE
07:00:14.824,5.450,4,24.3,WITHIN_TOLERANCE
07:00:14.930,6.046,11,18.79,WITHIN_TOLERANCE
07:00:15.036,5.930,2,28.65,WITHIN_TOLERANCE
07:00:15.360,10.896,11,28.29,WITHIN_TOLERANCE
07:00:15.466,5.863,2,29.2,WITHIN_TOLERANCE
07:00:15.572,5.558,9,23.71,WITHIN_TOLERANCE
07:00:15.678,5.660,4,23.51,WITHIN_TOLERANCE
07:00:15.783,5.632,9,30.35,WITHIN_TOLERANCE
07:00:15.890,6.066,6,26.27,WITHIN_TOLERANCE
07:00:16.102,5.576,9,18.9,WITHIN_TOLERANCE
07:00:16.314,5.770,6,29.69,WITHIN_TOLERANCE
07:00:16.420,5.747,12,21.91,WITHIN_TOLERANCE
07:00:16.525,5.368,9,11.74,WITHIN_TOLERANCE
07:00:16.737,5.759,12,27.2,WITHIN_TOLERANCE
07:00:16.843,5.929,6,17.44,WITHIN_TOLERANCE
07:00:16.949,5.518,3,27.44,WITHIN_TOLERANCE
07:00:17.055,5.933,11,30.83,WITHIN_TOLERANCE
07:00:17.375,8.474,6,29.02,WITHIN_TOLERANCE
07:00:17.588,6.205,10,19.37,WITHIN_TOLERANCE
07:00:17.694,6.650,5,20.74,WITHIN_TOLERANCE
07:00:17.800,5.288,9,21.34,WITHIN_TOLERANCE
07:00:18.117,5.899,3,23.07,WITHIN_TOLERANCE
07:00:18.435,5.653,9,17.53,WITHIN_TOLERANCE
07:00:18.541,5.625,12,23.28,WITHIN_TOLERANCE
07:00:18.754,5.073,2,21.54,WITHIN_TOLERANCE
07:00:18.861,6.014,7,30.08,WITHIN_TOLERANCE
07:00:19.073,5.810,12,27.48,WITHIN_TOLERANCE
07:00:19.179,5.726,8,29.95,WITHIN_TOLERANCE
07:00:19.284,5.242,3,30.22,WITHIN_TOLERANCE
07:00:19.496,5.459,8,23.42,WITHIN_TOLERANCE
07:00:19.603,6.517,11,26.03,WITHIN_TOLERANCE
07:00:19.708,5.327,2,23.91,WITHIN_TOLERANCE
07:00:19.819,10.942,6,29.83,WITHIN_TOLERANCE
07:00:20.138,6.464,9,26.32,WITHIN_TOLERANCE
07:00:20.244,5.825,5,27.71,WITHIN_TOLERANCE
07:00:20.986,5.822,3,25.2,WITHIN_TOLERANCE
07:00:21.092,5.344,8,21.54,WITHIN_TOLERANCE
07:00:21.728,6.121,7,31.16,WITHIN_TOLERANCE
07:00:21.834,6.115,10,19.26,WITHIN_TOLERANCE
07:00:21.940,5.831,7,25.14,WITHIN_TOLERANCE
07:00:22.259,6.272,3,29.45,WITHIN_TOLERANCE
07:00:22.683,5.898,7,19.66,WITHIN_TOLERANCE
07:00:22.790,6.069,3,27.64,WITHIN_TOLERANCE
07:00:22.896,5.935,9,19.57,WITHIN_TOLERANCE
07:00:23.426,6.070,2,19.86,WITHIN_TOLERANCE
07:00:23.532,6.176,12,28.58,WITHIN_TOLERANCE
07:00:23.643,9.340,4,27.68,WITHIN_TOLERANCE
07:00:23.749,5.969,10,29.2,WITHIN_TOLERANCE
07:00:23.855,6.007,7,26.47,WITHIN_TOLERANCE
07:00:24.070,6.118,2,22.27,WITHIN_TOLERANCE
07:00:24.177,6.376,11,30.19,WITHIN_TOLERANCE
07:00:24.283,6.243,6,24.35,WITHIN_TOLERANCE
07:00:24.389,5.401,12,17.9,WITHIN_TOLERANCE
07:00:24.495,5.747,6,23.61,WITHIN_TOLERANCE
07:00:24.601,5.847,9,20.52,WITHIN_TOLERANCE
07:00:24.711,8.771,6,28.73,WITHIN_TOLERANCE
07:00:25.030,6.060,10,28.29,WITHIN_TOLERANCE
07:00:25.242,6.165,11,15.17,WITHIN_TOLERANCE
07:00:25.349,6.215,4,24.64,WITHIN_TOLERANCE
07:00:25.561,5.545,2,23.74,WITHIN_TOLERANCE
07:00:25.773,5.754,7,17.27,WITHIN_TOLERANCE
07:00:26.306,5.836,7,29.45,WITHIN_TOLERANCE
07:00:26.412,5.944,10,29.93,WITHIN_TOLERANCE
07:00:26.624,5.486,5,28.98,WITHIN_TOLERANCE
07:00:26.730,5.653,9,17.67,WITHIN_TOLERANCE
07:00:26.948,9.744,12,25.2,WITHIN_TOLERANCE
07:00:27.055,6.074,8,21.12,WITHIN_TOLERANCE
07:00:27.161,5.421,3,11.65,WITHIN_TOLERANCE
07:00:27.373,5.972,9,25.9,WITHIN_TOLERANCE
07:00:27.479,6.188,5,23.07,WITHIN_TOLERANCE
07:00:27.585,5.995,10,29.83,WITHIN_TOLERANCE
07:00:27.691,5.948,2,19.9,WITHIN_TOLERANCE
07:00:27.797,5.532,5,26.8,WITHIN_TOLERANCE
07:00:28.009,5.984,3,26.62,WITHIN_TOLERANCE
07:00:28.327,6.366,12,27.73,WITHIN_TOLERANCE
07:00:28.434,5.984,4,20.51,WITHIN_TOLERANCE
07:00:28.539,5.665,8,25.81,WITHIN_TOLERANCE
07:00:28.755,9.739,3,24.48,WITHIN_TOLERANCE
07:00:28.862,6.048,9,25.27,WITHIN_TOLERANCE
07:00:29.081,5.885,11,25.4,WITHIN_TOLERANCE
07:00:29.187,6.068,2,25.72,WITHIN_TOLERANCE
07:00:29.293,5.837,8,31.24,WITHIN_TOLERANCE
07:00:29.399,5.966,11,24.8,WITHIN_TOLERANCE
07:00:29.505,5.747,3,31.86,WITHIN_TOLERANCE
07:00:29.611,5.767,11,21.68,WITHIN_TOLERANCE
07:00:29.931,6.783,3,30.61,WITHIN_TOLERANCE
07:00:30.142,5.727,9,21.21,WITHIN_TOLERANCE
07:00:30.461,6.150,3,22.48,WITHIN_TOLERANCE
07:00:30.567,5.944,12,21.4,WITHIN_TOLERANCE
07:00:30.782,8.721,6,26.47,WITHIN_TOLERANCE
07:00:30.888,5.735,2,21.3,WITHIN_TOLERANCE
07:00:30.994,5.942,7,30.22,WITHIN_TOLERANCE
07:00:31.099,5.267,10,21.92,WITHIN_TOLERANCE
07:00:31.316,10.278,5,30.89,WITHIN_TOLERANCE
07:00:31.422,5.813,11,18.58,WITHIN_TOLERANCE
07:00:31.633,5.920,3,20.36,WITHIN_TOLERANCE
07:00:32.057,5.789,7,22.12,WITHIN_TOLERANCE
07:00:32.164,6.580,2,22.92,WITHIN_TOLERANCE
07:00:32.270,5.839,6,17.07,WITHIN_TOLERANCE
07:00:32.588,5.847,3,26.21,WITHIN_TOLERANCE
07:00:32.694,5.902,10,25.29,WITHIN_TOLERANCE
07:00:32.800,5.823,3,17.4,WITHIN_TOLERANCE
07:00:33.016,5.650,10,23.5,WITHIN_TOLERANCE
07:00:33.334,5.961,3,22.19,WITHIN_TOLERANCE
07:00:33.545,5.409,12,22.07,WITHIN_TOLERANCE
07:00:33.757,6.099,3,26.2,WITHIN_TOLERANCE
07:00:33.864,6.985,6,17.76,WITHIN_TOLERANCE
07:00:34.182,6.058,8,29.07,WITHIN_TOLERANCE
07:00:34.288,6.281,2,30.46,WITHIN_TOLERANCE
07:00:34.712,5.749,12,32.12,WITHIN_TOLERANCE
07:00:34.818,6.000,8,28.61,WITHIN_TOLERANCE
07:00:34.924,5.700,5,23.87,WITHIN_TOLERANCE
07:00:35.244,6.133,9,24.87,WITHIN_TOLERANCE
07:00:35.350,5.695,5,32.84,WITHIN_TOLERANCE
07:00:35.456,5.819,8,25.64,WITHIN_TOLERANCE
07:00:35.561,5.248,3,16.5,WITHIN_TOLERANCE
07:00:35.669,5.503,11,23.21,WITHIN_TOLERANCE
07:00:35.986,5.944,12,28.53,WITHIN_TOLERANCE
07:00:36.093,6.816,2,22.91,WITHIN_TOLERANCE
07:00:36.518,5.954,8,25.15,WITHIN_TOLERANCE
07:00:36.837,6.267,2,31.04,WITHIN_TOLERANCE
07:00:36.942,5.530,11,18.88,WITHIN_TOLERANCE
07:00:37.051,8.691,5,67.55,WITHIN_TOLERANCE
07:00:37.582,5.664,12,28.85,WITHIN_TOLERANCE
07:00:37.688,6.133,5,28.15,WITHIN_TOLERANCE
07:00:38.114,6.105,2,18.65,WITHIN_TOLERANCE
07:00:38.327,5.950,8,28.13,WITHIN_TOLERANCE
07:00:38.433,6.242,5,20.82,WITHIN_TOLERANCE
07:00:38.539,5.302,8,37.47,WITHIN_TOLERANCE
07:00:38.645,5.563,11,20.8,WITHIN_TOLERANCE
07:00:38.750,5.747,4,15.74,WITHIN_TOLERANCE
07:00:38.857,6.018,7,23.97,WITHIN_TOLERANCE
07:00:39.093,11.280,11,24.67,WITHIN_TOLERANCE
07:00:39.199,6.122,2,34.93,WITHIN_TOLERANCE
07:00:39.305,5.467,6,22.59,WITHIN_TOLERANCE
07:00:39.517,6.155,11,27.79,WITHIN_TOLERANCE
07:00:39.623,5.697,7,23.02,WITHIN_TOLERANCE
07:00:39.941,5.815,3,24.62,WITHIN_TOLERANCE
07:00:40.258,5.742,12,26.18,WITHIN_TOLERANCE
07:00:40.364,5.638,3,26.85,WITHIN_TOLERANCE
07:00:40.470,5.941,10,21.3,WITHIN_TOLERANCE
07:00:40.576,5.718,6,26.25,WITHIN_TOLERANCE
07:00:40.791,7.924,10,34.1,WITHIN_TOLERANCE
07:00:40.897,5.740,7,23.95,WITHIN_TOLERANCE
07:00:41.003,6.088,3,20.19,WITHIN_TOLERANCE
07:00:41.427,5.780,2,29.83,WITHIN_TOLERANCE
07:00:41.639,5.741,11,23.71,WITHIN_TOLERANCE
07:00:41.745,5.893,7,26.0,WITHIN_TOLERANCE
07:00:41.957,5.639,4,24.62,WITHIN_TOLERANCE
07:00:42.063,5.982,11,25.67,WITHIN_TOLERANCE
07:00:42.172,8.584,8,27.36,WITHIN_TOLERANCE
07:00:42.277,5.204,12,29.68,WITHIN_TOLERANCE
07:00:42.383,5.749,5,28.21,WITHIN_TOLERANCE
07:00:42.489,5.407,12,27.33,WITHIN_TOLERANCE
07:00:42.807,5.797,6,15.87,WITHIN_TOLERANCE
07:00:43.340,5.714,2,21.97,WITHIN_TOLERANCE
07:00:43.446,5.694,9,27.81,WITHIN_TOLERANCE
07:00:43.552,5.872,6,27.11,WITHIN_TOLERANCE
07:00:43.764,5.818,8,26.33,WITHIN_TOLERANCE
07:00:43.981,10.916,7,25.49,WITHIN_TOLERANCE
07:00:44.199,11.411,11,23.8,WITHIN_TOLERANCE
07:00:44.305,5.579,4,25.0,WITHIN_TOLERANCE
07:00:44.517,5.691,11,26.15,WITHIN_TOLERANCE
07:00:44.623,5.838,5,24.2,WITHIN_TOLERANCE
07:00:44.730,7.496,11,29.21,WITHIN_TOLERANCE
07:00:44.836,5.831,3,17.66,WITHIN_TOLERANCE
07:00:45.157,5.325,9,28.71,WITHIN_TOLERANCE
07:00:45.263,5.793,3,22.78,WITHIN_TOLERANCE
07:00:45.475,5.673,12,18.4,WITHIN_TOLERANCE
07:00:45.686,5.579,3,24.43,WITHIN_TOLERANCE
07:00:46.110,5.737,10,28.19,WITHIN_TOLERANCE
07:00:46.324,5.676,11,19.3,WITHIN_TOLERANCE
07:00:46.536,6.080,2,26.04,WITHIN_TOLERANCE
07:00:46.959,5.492,12,25.87,WITHIN_TOLERANCE
07:00:47.065,5.791,4,15.68,WITHIN_TOLERANCE
07:00:47.171,5.964,10,28.67,WITHIN_TOLERANCE
07:00:47.279,7.118,5,32.01,WITHIN_TOLERANCE
07:00:47.385,5.720,12,27.93,WITHIN_TOLERANCE
07:00:47.497,11.865,2,22.54,WITHIN_TOLERANCE
07:00:47.604,7.131,6,26.09,WITHIN_TOLERANCE
07:00:48.027,5.703,12,27.51,WITHIN_TOLERANCE
07:00:48.242,8.614,5,25.86,WITHIN_TOLERANCE
07:00:48.348,5.653,8,26.39,WITHIN_TOLERANCE
07:00:48.454,5.940,11,23.16,WITHIN_TOLERANCE
07:00:48.559,5.465,8,27.95,WITHIN_TOLERANCE
07:00:48.665,5.700,12,23.4,WITHIN_TOLERANCE
07:00:48.880,7.675,4,36.36,WITHIN_TOLERANCE
07:00:49.305,5.767,11,23.06,WITHIN_TOLERANCE
07:00:49.517,5.751,5,24.81,WITHIN_TOLERANCE
07:00:49.623,5.884,8,19.2,WITHIN_TOLERANCE
07:00:49.729,5.743,12,27.7,WITHIN_TOLERANCE
07:00:49.835,5.726,5,12.26,WITHIN_TOLERANCE
07:00:50.046,5.636,12,31.14,WITHIN_TOLERANCE
07:00:50.152,5.686,8,23.38,WITHIN_TOLERANCE
07:00:50.473,5.769,7,26.45,WITHIN_TOLERANCE
07:00:50.580,6.259,4,31.84,WITHIN_TOLERANCE
07:00:50.903,6.001,8,19.91,WITHIN_TOLERANCE
07:00:51.009,5.902,11,36.03,WITHIN_TOLERANCE
07:00:51.114,5.299,4,22.02,WITHIN_TOLERANCE
07:00:51.220,5.234,9,22.78,WITHIN_TOLERANCE
07:00:51.644,6.364,2,29.13,WITHIN_TOLERANCE
07:00:51.750,5.656,7,22.24,WITHIN_TOLERANCE
07:00:51.855,5.587,10,20.19,WITHIN_TOLERANCE
07:00:52.067,5.432,12,26.81,WITHIN_TOLERANCE
07:00:52.173,5.763,3,30.57,WITHIN_TOLERANCE
07:00:52.384,5.333,9,15.2,WITHIN_TOLERANCE
07:00:52.490,5.672,2,24.24,WITHIN_TOLERANCE
07:00:52.597,6.830,11,23.62,WITHIN_TOLERANCE
07:00:52.817,5.353,2,21.34,WITHIN_TOLERANCE
07:00:52.922,5.750,7,32.76,WITHIN_TOLERANCE
07:00:53.028,5.694,11,27.06,WITHIN_TOLERANCE
07:00:53.133,4.962,4,19.41,WITHIN_TOLERANCE
07:00:53.239,5.246,10,20.73,WITHIN_TOLERANCE
07:00:53.345,5.583,6,23.86,WITHIN_TOLERANCE
07:00:53.662,5.610,2,25.91,WITHIN_TOLERANCE
07:00:53.768,5.934,5,27.82,WITHIN_TOLERANCE
07:00:53.874,5.371,9,30.12,WITHIN_TOLERANCE
07:00:53.979,5.591,3,29.47,WITHIN_TOLERANCE
07:00:54.195,5.686,11,20.6,WITHIN_TOLERANCE
07:00:54.301,5.818,8,36.2,WITHIN_TOLERANCE
07:00:54.407,5.643,12,27.66,WITHIN_TOLERANCE
07:00:54.513,5.621,2,21.55,WITHIN_TOLERANCE
07:00:54.725,5.842,12,21.26,WITHIN_TOLERANCE
07:00:54.833,8.135,2,20.48,WITHIN_TOLERANCE
07:00:55.055,12.525,12,17.64,WITHIN_TOLERANCE
07:00:55.161,5.996,5,24.74,WITHIN_TOLERANCE
07:00:55.373,5.425,12,31.23,WITHIN_TOLERANCE
07:00:55.586,6.830,2,26.34,WITHIN_TOLERANCE
07:00:55.692,5.935,8,30.69,WITHIN_TOLERANCE
07:00:55.797,5.656,3,28.43,WITHIN_TOLERANCE
07:00:55.903,5.738,12,23.06,WITHIN_TOLERANCE
07:00:56.009,5.605,8,36.08,WITHIN_TOLERANCE
07:00:56.221,5.507,4,24.75,WITHIN_TOLERANCE
07:00:56.433,5.677,8,31.85,WITHIN_TOLERANCE
07:00:56.645,5.770,12,19.61,WITHIN_TOLERANCE
07:00:56.751,5.712,7,30.33,WITHIN_TOLERANCE
07:00:56.963,5.441,5,19.24,WITHIN_TOLERANCE
07:00:57.069,6.019,8,22.47,WITHIN_TOLERANCE
07:00:57.281,5.397,5,19.37,WITHIN_TOLERANCE
07:00:57.492,5.402,10,25.68,WITHIN_TOLERANCE
07:00:57.598,5.664,3,25.05,WITHIN_TOLERANCE
07:00:57.704,6.411,8,26.96,WITHIN_TOLERANCE
07:00:57.916,5.805,5,30.32,WITHIN_TOLERANCE
07:00:58.342,6.065,8,23.45,WITHIN_TOLERANCE
07:00:58.554,5.814,4,18.0,WITHIN_TOLERANCE
07:00:58.660,5.579,9,38.61,WITHIN_TOLERANCE
07:00:58.766,6.228,5,19.16,WITHIN_TOLERANCE
07:00:58.873,6.532,11,29.04,WITHIN_TOLERANCE
07:00:58.981,7.153,6,25.12,WITHIN_TOLERANCE
07:00:59.091,9.673,2,23.6,WITHIN_TOLERANCE
07:00:59.196,5.741,7,16.53,WITHIN_TOLERANCE
07:00:59.302,5.274,4,28.82,WITHIN_TOLERANCE
07:00:59.413,9.950,7,29.24,WITHIN_TOLERANCE
07:00:59.521,8.380,3,23.79,WITHIN_TOLERANCE
07:00:59.628,5.373,12,24.39,WITHIN_TOLERANCE
07:00:59.734,4.888,4,19.3,WITHIN_TOLERANCE
07:00:59.840,5.624,7,28.03,WITHIN_TOLERANCE
07:01:00.052,5.666,11,16.03,WITHIN_TOLERANCE
07:01:00.157,5.479,7,22.13,WITHIN_TOLERANCE
07:01:00.793,5.835,12,21.21,WITHIN_TOLERANCE
07:01:00.899,5.480,7,38.4,WITHIN_TOLERANCE
07:01:01.110,5.405,2,32.84,WITHIN_TOLERANCE
07:01:01.226,5.174,9,29.79,WITHIN_TOLERANCE
07:01:01.755,5.515,5,22.04,WITHIN_TOLERANCE
07:01:01.966,5.529,2,19.63,WITHIN_TOLERANCE
07:01:02.072,5.624,7,28.22,WITHIN_TOLERANCE
07:01:02.178,5.944,10,32.52,WITHIN_TOLERANCE
07:01:02.495,5.683,2,21.49,WITHIN_TOLERANCE
07:01:02.707,5.362,8,31.15,WITHIN_TOLERANCE
07:01:02.918,5.604,12,23.86,WITHIN_TOLERANCE
07:01:03.024,5.512,4,19.2,WITHIN_TOLERANCE
07:01:03.343,4.940,8,23.66,WITHIN_TOLERANCE
07:01:03.556,6.985,11,20.68,WITHIN_TOLERANCE
07:01:03.769,7.070,6,25.44,WITHIN_TOLERANCE
07:01:03.874,5.613,11,21.41,WITHIN_TOLERANCE
07:01:03.980,5.751,3,22.37,WITHIN_TOLERANCE
07:01:04.087,5.971,9,21.99,WITHIN_TOLERANCE
07:01:04.192,5.812,4,22.88,WITHIN_TOLERANCE
07:01:04.404,5.908,11,18.51,WITHIN_TOLERANCE
07:01:04.615,5.365,8,29.67,WITHIN_TOLERANCE
07:01:04.721,5.456,5,26.73,WITHIN_TOLERANCE
07:01:05.039,5.652,3,22.11,WITHIN_TOLERANCE
07:01:05.364,5.589,7,26.72,WITHIN_TOLERANCE
07:01:05.469,5.200,4,28.5,WITHIN_TOLERANCE
07:01:05.575,5.424,8,21.09,WITHIN_TOLERANCE
07:01:05.786,5.597,5,19.17,WITHIN_TOLERANCE
07:01:05.892,5.472,11,23.94,WITHIN_TOLERANCE
07:01:05.998,5.507,4,26.59,WITHIN_TOLERANCE
07:01:06.421,5.583,2,22.3,WITHIN_TOLERANCE
07:01:06.526,5.370,10,36.71,WITHIN_TOLERANCE
07:01:06.844,5.692,5,30.38,WITHIN_TOLERANCE
07:01:07.055,5.702,11,17.06,WITHIN_TOLERANCE
07:01:07.269,7.785,5,24.75,WITHIN_TOLERANCE
07:01:07.375,5.454,9,21.18,WITHIN_TOLERANCE
07:01:07.483,7.992,12,34.44,WITHIN_TOLERANCE
07:01:07.905,5.596,7,27.18,WITHIN_TOLERANCE
07:01:08.011,5.601,2,18.7,WITHIN_TOLERANCE
07:01:08.117,5.821,5,27.93,WITHIN_TOLERANCE
07:01:08.438,5.673,11,15.61,WITHIN_TOLERANCE
07:01:08.544,5.751,8,21.87,WITHIN_TOLERANCE
07:01:08.756,6.397,2,22.17,WITHIN_TOLERANCE
07:01:08.862,5.477,5,25.6,WITHIN_TOLERANCE
07:01:08.970,7.808,11,24.51,WITHIN_TOLERANCE
07:01:09.076,5.472,7,32.61,WITHIN_TOLERANCE
07:01:09.184,8.024,2,22.41,WITHIN_TOLERANCE
07:01:09.289,5.406,5,29.49,WITHIN_TOLERANCE
07:01:09.400,10.079,9,20.83,WITHIN_TOLERANCE
07:01:09.612,5.739,10,34.32,WITHIN_TOLERANCE
07:01:09.718,6.552,3,24.72,WITHIN_TOLERANCE
07:01:09.824,5.610,11,25.02,WITHIN_TOLERANCE
07:01:09.930,5.593,4,30.1,WITHIN_TOLERANCE
07:01:10.038,7.645,12,20.12,WITHIN_TOLERANCE
07:01:10.143,5.173,5,24.26,WITHIN_TOLERANCE
07:01:10.566,5.617,8,21.32,WITHIN_TOLERANCE
07:01:10.777,5.761,11,27.27,WITHIN_TOLERANCE
07:01:10.993,5.520,4,30.74,WITHIN_TOLERANCE
07:01:11.098,5.553,7,27.39,WITHIN_TOLERANCE
07:01:11.204,5.673,4,27.62,WITHIN_TOLERANCE
07:01:11.310,5.659,12,17.9,WITHIN_TOLERANCE
07:01:11.420,9.458,2,22.89,WITHIN_TOLERANCE
07:01:11.736,5.287,12,18.04,WITHIN_TOLERANCE
07:01:11.842,5.724,2,23.35,WITHIN_TOLERANCE
07:01:11.948,5.345,5,26.25,WITHIN_TOLERANCE
07:01:12.159,5.451,10,22.31,WITHIN_TOLERANCE
07:01:12.265,6.164,6,27.53,WITHIN_TOLERANCE
07:01:12.370,4.971,2,33.63,WITHIN_TOLERANCE
07:01:12.476,5.444,10,19.06,WITHIN_TOLERANCE
07:01:12.581,5.497,4,24.87,WITHIN_TOLERANCE
07:01:12.687,5.885,8,17.61,WITHIN_TOLERANCE
07:01:12.899,5.545,11,29.23,WITHIN_TOLERANCE
07:01:13.005,5.769,7,29.79,WITHIN_TOLERANCE
07:01:13.110,5.608,11,26.35,WITHIN_TOLERANCE
07:01:13.216,5.638,3,27.06,WITHIN_TOLERANCE
07:01:13.322,5.717,12,17.75,WITHIN_TOLERANCE
07:01:13.428,5.406,2,22.63,WITHIN_TOLERANCE
07:01:13.533,5.175,7,30.05,WITHIN_TOLERANCE
07:01:13.640,6.631,2,16.3,WITHIN_TOLERANCE
07:01:13.746,5.458,7,26.52,WITHIN_TOLERANCE
07:01:13.851,5.317,3,18.63,WITHIN_TOLERANCE
07:01:13.964,12.409,11,13.12,WITHIN_TOLERANCE
07:01:14.177,6.285,6,28.36,WITHIN_TOLERANCE
07:01:14.282,5.503,2,23.83,WITHIN_TOLERANCE
07:01:14.388,5.140,8,26.73,WITHIN_TOLERANCE
07:01:14.916,5.367,10,20.27,WITHIN_TOLERANCE
07:01:15.022,5.604,4,16.19,WITHIN_TOLERANCE
07:01:15.127,5.448,12,17.4,WITHIN_TOLERANCE
07:01:15.339,5.343,5,21.96,WITHIN_TOLERANCE
07:01:15.560,14.865,8,32.16,WITHIN_TOLERANCE
07:01:15.667,5.472,11,33.71,WITHIN_TOLERANCE
07:01:15.773,5.399,5,23.25,WITHIN_TOLERANCE
07:01:16.090,5.470,10,26.95,WITHIN_TOLERANCE
07:01:16.302,5.622,4,16.44,WITHIN_TOLERANCE
07:01:16.408,6.016,12,27.19,WITHIN_TOLERANCE
07:01:16.620,5.976,4,24.36,WITHIN_TOLERANCE
07:01:17.044,5.869,4,21.27,WITHIN_TOLERANCE
07:01:17.149,5.610,9,30.68,WITHIN_TOLERANCE
07:01:17.255,5.418,12,23.23,WITHIN_TOLERANCE
07:01:17.361,5.388,8,29.39,WITHIN_TOLERANCE
07:01:17.579,12.153,11,20.9,WITHIN_TOLERANCE
07:01:17.685,6.018,2,22.41,WITHIN_TOLERANCE
07:01:17.791,5.679,12,22.47,WITHIN_TOLERANCE
07:01:18.008,11.173,4,26.94,WITHIN_TOLERANCE
07:01:18.114,5.981,8,31.95,WITHIN_TOLERANCE
07:01:18.220,5.590,2,17.65,WITHIN_TOLERANCE
07:01:18.326,6.494,8,18.88,WITHIN_TOLERANCE
07:01:18.537,5.381,11,33.38,WITHIN_TOLERANCE
07:01:18.643,5.752,7,26.47,WITHIN_TOLERANCE
07:01:18.855,5.478,9,18.25,WITHIN_TOLERANCE
07:01:19.175,5.612,5,19.11,WITHIN_TOLERANCE
07:01:19.283,7.060,2,31.03,WITHIN_TOLERANCE
07:01:19.388,5.204,7,23.23,WITHIN_TOLERANCE
07:01:19.718,17.708,4,29.7,WITHIN_TOLERANCE
07:01:19.832,10.447,12,22.83,WITHIN_TOLERANCE
07:01:19.937,5.234,5,26.55,WITHIN_TOLERANCE
07:01:20.148,5.541,12,30.18,WITHIN_TOLERANCE
07:01:20.359,5.184,2,20.01,WITHIN_TOLERANCE
07:01:20.465,5.795,6,27.55,WITHIN_TOLERANCE
07:01:20.782,5.736,10,26.73,WITHIN_TOLERANCE
07:01:20.888,5.711,7,24.18,WITHIN_TOLERANCE
07:01:21.312,5.734,11,21.67,WITHIN_TOLERANCE
07:01:21.418,5.736,5,25.61,WITHIN_TOLERANCE
07:01:21.523,5.560,8,23.13,WITHIN_TOLERANCE
07:01:21.946,5.773,2,30.0,WITHIN_TOLERANCE
07:01:22.157,5.669,11,25.87,WITHIN_TOLERANCE
07:01:22.478,4.935,4,29.17,WITHIN_TOLERANCE
07:01:22.584,5.731,10,21.27,WITHIN_TOLERANCE
07:01:22.795,5.462,3,22.09,WITHIN_TOLERANCE
07:01:22.901,5.794,6,38.25,WITHIN_TOLERANCE
07:01:23.007,5.876,10,32.88,WITHIN_TOLERANCE
07:01:23.218,5.419,7,18.62,WITHIN_TOLERANCE
07:01:23.430,5.825,6,23.51,WITHIN_TOLERANCE
07:01:23.747,5.585,6,17.3,WITHIN_TOLERANCE
07:01:23.971,5.386,8,16.71,WITHIN_TOLERANCE
07:01:24.076,5.710,3,25.82,WITHIN_TOLERANCE
07:01:24.503,5.669,12,21.11,WITHIN_TOLERANCE
07:01:24.609,5.949,3,26.52,WITHIN_TOLERANCE
07:01:24.716,6.458,11,15.97,WITHIN_TOLERANCE
07:01:24.823,7.215,7,27.94,WITHIN_TOLERANCE
07:01:25.141,5.628,5,23.79,WITHIN_TOLERANCE
07:01:25.353,5.590,3,31.68,WITHIN_TOLERANCE
07:01:25.459,5.721,6,29.37,WITHIN_TOLERANCE
07:01:25.565,5.490,3,26.13,WITHIN_TOLERANCE
07:01:25.671,5.818,10,29.18,WITHIN_TOLERANCE
07:01:25.888,5.701,3,29.08,WITHIN_TOLERANCE
07:01:25.994,5.751,6,30.57,WITHIN_TOLERANCE
07:01:26.099,5.433,11,31.21,WITHIN_TOLERANCE
07:01:26.205,5.511,2,18.48,WITHIN_TOLERANCE
07:01:26.311,5.357,6,18.84,WITHIN_TOLERANCE
07:01:26.628,6.145,11,22.83,WITHIN_TOLERANCE
07:01:26.734,5.486,6,33.66,WITHIN_TOLERANCE
07:01:27.052,5.888,3,29.77,WITHIN_TOLERANCE
07:01:27.158,5.745,11,30.46,WITHIN_TOLERANCE
07:01:27.369,5.677,7,25.24,WITHIN_TOLERANCE
07:01:27.475,5.788,3,25.07,WITHIN_TOLERANCE
07:01:27.582,6.675,7,20.38,WITHIN_TOLERANCE
07:01:27.688,5.702,2,27.83,WITHIN_TOLERANCE
07:01:27.794,5.209,6,34.97,WITHIN_TOLERANCE
07:01:28.012,12.174,4,17.97,WITHIN_TOLERANCE
07:01:28.118,5.765,10,20.05,WITHIN_TOLERANCE
07:01:28.224,6.457,6,15.41,WITHIN_TOLERANCE
07:01:28.332,7.581,2,34.16,WITHIN_TOLERANCE
07:01:28.438,5.500,6,26.33,WITHIN_TOLERANCE
07:01:28.545,7.055,9,23.32,WITHIN_TOLERANCE
07:01:28.862,5.544,3,26.19,WITHIN_TOLERANCE
07:01:28.977,10.929,11,31.26,WITHIN_TOLERANCE
07:01:29.083,5.805,7,28.39,WITHIN_TOLERANCE
07:01:29.188,5.553,2,21.49,WITHIN_TOLERANCE
07:01:29.294,5.660,6,16.16,WITHIN_TOLERANCE
07:01:29.506,5.631,12,27.47,WITHIN_TOLERANCE
07:01:29.613,6.708,3,30.78,WITHIN_TOLERANCE
07:01:29.825,6.559,9,27.0,WITHIN_TOLERANCE
07:01:30.056,20.729,3,24.24,WITHIN_TOLERANCE
07:01:30.269,5.628,12,21.28,WITHIN_TOLERANCE
07:01:30.692,5.798,2,32.4,WITHIN_TOLERANCE
07:01:30.798,5.458,5,27.06,WITHIN_TOLERANCE
07:01:30.904,5.626,8,23.26,WITHIN_TOLERANCE
07:01:31.116,5.581,2,28.09,WITHIN_TOLERANCE
07:01:31.221,5.668,6,35.2,WITHIN_TOLERANCE
07:01:31.327,5.745,9,17.01,WITHIN_TOLERANCE
07:01:31.645,5.773,2,23.52,WITHIN_TOLERANCE
07:01:31.856,5.636,6,24.1,WITHIN_TOLERANCE
07:01:31.962,5.713,9,27.99,WITHIN_TOLERANCE
07:01:32.068,5.704,2,26.66,WITHIN_TOLERANCE
07:01:32.280,5.517,11,24.55,WITHIN_TOLERANCE
07:01:32.387,7.236,3,20.27,WITHIN_TOLERANCE
07:01:32.599,5.677,12,18.9,WITHIN_TOLERANCE
07:01:32.811,5.738,4,16.67,WITHIN_TOLERANCE
07:01:33.034,9.206,12,26.81,WITHIN_TOLERANCE
07:01:33.139,5.362,5,14.35,WITHIN_TOLERANCE
07:01:33.245,5.807,11,30.17,WITHIN_TOLERANCE
07:01:33.351,5.215,3,24.45,WITHIN_TOLERANCE
07:01:33.457,5.638,10,18.75,WITHIN_TOLERANCE
07:01:33.562,5.656,4,27.31,WITHIN_TOLERANCE
07:01:33.774,5.356,9,22.91,WITHIN_TOLERANCE
07:01:33.879,5.725,12,21.48,WITHIN_TOLERANCE
07:01:33.985,5.617,3,28.42,WITHIN_TOLERANCE
07:01:34.091,5.665,7,26.19,WITHIN_TOLERANCE
07:01:34.408,5.422,11,20.24,WITHIN_TOLERANCE
07:01:34.515,6.289,4,27.36,WITHIN_TOLERANCE
07:01:34.620,5.339,12,20.38,WITHIN_TOLERANCE
07:01:34.726,5.476,8,24.98,WITHIN_TOLERANCE
07:01:34.833,5.537,4,27.02,WITHIN_TOLERANCE
07:01:34.938,5.285,10,25.13,WITHIN_TOLERANCE
07:01:35.044,5.517,4,18.11,WITHIN_TOLERANCE
07:01:35.255,5.887,7,25.48,WITHIN_TOLERANCE
07:01:35.467,5.870,9,25.82,WITHIN_TOLERANCE
07:01:35.679,5.415,7,20.0,WITHIN_TOLERANCE
07:01:35.784,5.581,11,16.02,WITHIN_TOLERANCE
07:01:36.106,5.456,2,25.17,WITHIN_TOLERANCE
07:01:36.212,4.997,12,17.38,WITHIN_TOLERANCE
07:01:36.747,5.687,5,33.85,WITHIN_TOLERANCE
07:01:36.852,5.630,10,27.39,WITHIN_TOLERANCE
07:01:37.064,5.508,3,15.91,WITHIN_TOLERANCE
07:01:37.170,5.563,11,18.56,WITHIN_TOLERANCE
07:01:37.275,5.507,4,18.19,WITHIN_TOLERANCE
07:01:37.487,5.633,12,18.39,WITHIN_TOLERANCE
07:01:37.804,5.768,4,34.21,WITHIN_TOLERANCE
07:01:37.910,5.745,7,13.29,WITHIN_TOLERANCE
07:01:38.123,5.713,2,29.73,WITHIN_TOLERANCE
07:01:38.229,5.604,11,23.89,WITHIN_TOLERANCE
07:01:38.335,6.382,4,25.03,WITHIN_TOLERANCE
07:01:38.441,5.402,8,25.97,WITHIN_TOLERANCE
07:01:38.547,5.705,12,21.17,WITHIN_TOLERANCE
07:01:38.652,5.286,2,24.03,WITHIN_TOLERANCE
07:01:38.758,5.662,6,22.88,WITHIN_TOLERANCE
07:01:38.866,7.289,2,24.98,WITHIN_TOLERANCE
07:01:38.971,5.430,9,23.16,WITHIN_TOLERANCE
07:01:39.288,5.722,2,26.73,WITHIN_TOLERANCE
07:01:39.717,5.671,7,27.67,WITHIN_TOLERANCE
07:01:39.823,5.659,2,31.74,WITHIN_TOLERANCE
07:01:40.142,5.584,9,22.3,WITHIN_TOLERANCE
07:01:40.783,5.552,2,24.87,WITHIN_TOLERANCE
07:01:40.889,5.702,11,16.66,WITHIN_TOLERANCE
07:01:40.997,7.612,6,13.86,WITHIN_TOLERANCE
07:01:41.103,5.417,9,27.04,WITHIN_TOLERANCE
07:01:41.314,5.710,2,26.34,WITHIN_TOLERANCE
07:01:41.420,5.833,10,16.73,WITHIN_TOLERANCE
07:01:41.526,5.664,7,24.73,WITHIN_TOLERANCE
07:01:41.632,5.549,11,20.86,WITHIN_TOLERANCE
07:01:41.737,5.353,4,23.79,WITHIN_TOLERANCE
07:01:41.948,5.392,7,15.68,WITHIN_TOLERANCE
07:01:42.054,5.651,12,30.98,WITHIN_TOLERANCE
07:01:42.267,6.837,8,19.16,WITHIN_TOLERANCE
07:01:42.373,5.522,4,32.6,WITHIN_TOLERANCE
07:01:42.478,5.696,9,21.65,WITHIN_TOLERANCE
07:01:42.584,5.682,6,34.82,WITHIN_TOLERANCE
07:01:42.797,5.655,10,22.9,WITHIN_TOLERANCE
07:01:43.116,5.942,2,33.27,WITHIN_TOLERANCE
07:01:43.222,5.658,11,30.18,WITHIN_TOLERANCE
07:01:43.539,5.544,6,28.37,WITHIN_TOLERANCE
07:01:43.750,5.592,7,32.87,WITHIN_TOLERANCE
07:01:43.856,5.639,12,26.82,WITHIN_TOLERANCE
07:01:44.068,5.541,6,25.86,WITHIN_TOLERANCE
07:01:44.279,5.582,2,25.54,WITHIN_TOLERANCE
07:01:44.385,5.623,8,24.04,WITHIN_TOLERANCE
07:01:44.491,5.224,4,20.76,WITHIN_TOLERANCE
07:01:44.712,6.883,12,17.82,WITHIN_TOLERANCE
07:01:44.818,5.747,9,28.23,WITHIN_TOLERANCE
07:01:44.924,5.636,4,26.93,WITHIN_TOLERANCE
07:01:45.135,5.511,10,33.26,WITHIN_TOLERANCE
07:01:45.241,5.447,3,23.25,WITHIN_TOLERANCE
07:01:45.669,5.770,2,29.74,WITHIN_TOLERANCE
07:01:45.775,6.188,9,31.74,WITHIN_TOLERANCE
07:01:45.884,9.045,4,25.04,WITHIN_TOLERANCE
07:01:45.990,5.496,8,23.0,WITHIN_TOLERANCE
07:01:46.307,5.592,3,18.49,WITHIN_TOLERANCE
07:01:46.625,5.546,11,30.54,WITHIN_TOLERANCE
07:01:46.838,5.398,7,30.41,WITHIN_TOLERANCE
07:01:46.944,6.084,2,22.34,WITHIN_TOLERANCE
07:01:47.050,5.414,6,22.22,WITHIN_TOLERANCE
07:01:47.156,6.055,2,33.7,WITHIN_TOLERANCE
07:01:47.262,5.419,12,35.34,WITHIN_TOLERANCE
07:01:47.372,9.798,9,14.61,WITHIN_TOLERANCE
07:01:47.690,5.639,12,23.53,WITHIN_TOLERANCE
07:01:47.796,5.612,8,24.51,WITHIN_TOLERANCE
07:01:47.902,5.541,3,23.94,WITHIN_TOLERANCE
07:01:48.007,5.438,8,25.53,WITHIN_TOLERANCE
07:01:48.113,5.522,2,31.07,WITHIN_TOLERANCE
07:01:48.218,5.296,8,33.73,WITHIN_TOLERANCE
07:01:48.325,6.154,3,32.09,WITHIN_TOLERANCE
07:01:48.430,5.561,6,27.0,WITHIN_TOLERANCE
07:01:48.643,7.142,2,24.43,WITHIN_TOLERANCE
07:01:48.749,5.892,7,25.84,WITHIN_TOLERANCE
07:01:48.855,5.381,4,25.28,WITHIN_TOLERANCE
07:01:49.069,5.607,12,20.52,WITHIN_TOLERANCE
07:01:49.175,5.601,9,31.84,WITHIN_TOLERANCE
07:01:49.280,5.657,4,20.62,WITHIN_TOLERANCE
07:01:49.494,8.342,10,22.47,WITHIN_TOLERANCE
07:01:49.706,5.717,11,17.79,WITHIN_TOLERANCE
07:01:49.812,5.508,2,11.63,WITHIN_TOLERANCE
07:01:50.236,5.708,5,28.07,WITHIN_TOLERANCE
07:01:50.343,6.831,10,23.9,WITHIN_TOLERANCE
07:01:50.563,5.348,4,21.19,WITHIN_TOLERANCE
07:01:50.668,5.675,9,24.82,WITHIN_TOLERANCE
07:01:50.784,10.554,4,24.87,WITHIN_TOLERANCE
07:01:50.999,5.575,8,21.17,WITHIN_TOLERANCE
07:01:51.116,16.181,4,30.84,WITHIN_TOLERANCE
07:01:51.222,5.660,11,24.45,WITHIN_TOLERANCE
07:01:51.645,5.871,3,24.08,WITHIN_TOLERANCE
07:01:51.751,5.788,6,11.67,WITHIN_TOLERANCE
07:01:52.070,5.651,11,34.52,WITHIN_TOLERANCE
07:01:52.176,5.773,7,27.48,WITHIN_TOLERANCE
07:01:52.282,5.611,2,23.85,WITHIN_TOLERANCE
07:01:52.391,8.847,11,23.84,WITHIN_TOLERANCE
07:01:52.497,5.876,4,26.5,WITHIN_TOLERANCE
07:01:52.602,5.293,10,24.47,WITHIN_TOLERANCE
07:01:52.708,5.604,2,22.54,WITHIN_TOLERANCE
07:01:53.032,5.373,8,22.99,WITHIN_TOLERANCE
07:01:53.349,5.644,2,23.63,WITHIN_TOLERANCE
07:01:53.455,5.416,6,16.05,WITHIN_TOLERANCE
07:01:53.560,5.600,2,30.37,WITHIN_TOLERANCE
07:01:53.666,5.634,7,19.85,WITHIN_TOLERANCE
07:01:53.878,5.648,2,22.99,WITHIN_TOLERANCE
07:01:53.984,5.621,10,18.52,WITHIN_TOLERANCE
07:01:54.195,5.728,4,17.7,WITHIN_TOLERANCE
07:01:54.408,5.506,12,34.79,WITHIN_TOLERANCE
07:01:54.513,5.436,9,27.46,WITHIN_TOLERANCE
07:01:54.619,5.651,3,16.24,WITHIN_TOLERANCE
07:01:54.725,5.469,8,32.06,WITHIN_TOLERANCE
07:01:54.831,5.330,2,26.86,WITHIN_TOLERANCE
07:01:54.940,7.302,10,16.53,WITHIN_TOLERANCE
07:01:55.046,5.492,7,23.03,WITHIN_TOLERANCE
07:01:55.364,5.593,9,32.34,WITHIN_TOLERANCE
07:01:55.470,5.706,12,28.0,WITHIN_TOLERANCE
07:01:55.576,6.201,2,25.49,WITHIN_TOLERANCE
07:01:55.999,5.432,7,27.63,WITHIN_TOLERANCE
07:01:56.428,5.444,5,31.53,WITHIN_TOLERANCE
07:01:56.533,5.718,12,29.97,WITHIN_TOLERANCE
07:01:56.745,5.298,4,21.0,WITHIN_TOLERANCE
07:01:56.956,4.934,8,15.09,WITHIN_TOLERANCE
07:01:57.062,5.974,11,27.24,WITHIN_TOLERANCE
07:01:57.485,5.619,5,30.97,WITHIN_TOLERANCE
07:01:57.909,5.635,7,25.89,WITHIN_TOLERANCE
07:01:58.015,6.055,11,30.78,WITHIN_TOLERANCE
07:01:58.226,5.550,3,28.26,WITHIN_TOLERANCE
07:01:58.755,5.467,10,22.76,WITHIN_TOLERANCE
07:01:58.862,6.799,3,20.31,WITHIN_TOLERANCE
07:01:58.967,5.314,7,26.93,WITHIN_TOLERANCE
07:01:59.185,5.479,6,31.62,WITHIN_TOLERANCE
07:01:59.291,5.547,10,21.24,WITHIN_TOLERANCE
07:01:59.396,5.428,3,23.57,WITHIN_TOLERANCE
07:01:59.502,5.524,6,21.41,WITHIN_TOLERANCE
07:01:59.608,5.571,11,30.08,WITHIN_TOLERANCE
07:01:59.819,5.415,8,32.41,WITHIN_TOLERANCE
07:02:00.031,5.800,12,22.02,WITHIN_TOLERANCE
07:02:00.137,5.587,4,25.06,WITHIN_TOLERANCE
07:02:00.348,5.519,11,26.16,WITHIN_TOLERANCE
07:02:00.454,5.815,8,24.39,WITHIN_TOLERANCE
07:02:00.780,5.688,3,26.6,WITHIN_TOLERANCE
07:02:00.886,5.638,11,32.99,WITHIN_TOLERANCE
07:02:00.991,5.439,6,19.07,WITHIN_TOLERANCE
07:02:01.325,8.356,11,21.65,WITHIN_TOLERANCE
07:02:01.642,5.536,3,31.09,WITHIN_TOLERANCE
07:02:01.748,5.841,8,25.51,WITHIN_TOLERANCE
07:02:02.177,5.679,2,30.65,WITHIN_TOLERANCE
07:02:02.282,5.573,6,28.22,WITHIN_TOLERANCE
07:02:02.706,5.630,12,18.52,WITHIN_TOLERANCE
07:02:02.812,5.821,9,31.39,WITHIN_TOLERANCE
07:02:02.917,5.444,12,18.83,WITHIN_TOLERANCE
07:02:03.024,6.636,3,18.87,WITHIN_TOLERANCE
07:02:03.342,5.494,9,27.56,WITHIN_TOLERANCE
07:02:03.447,5.545,6,28.53,WITHIN_TOLERANCE
07:02:03.553,5.641,10,33.46,WITHIN_TOLERANCE
07:02:03.659,5.686,6,29.28,WITHIN_TOLERANCE
07:02:03.870,5.617,11,27.86,WITHIN_TOLERANCE
07:02:04.295,5.396,8,23.86,WITHIN_TOLERANCE
07:02:04.401,5.753,11,23.83,WITHIN_TOLERANCE
07:02:04.507,5.656,4,18.58,WITHIN_TOLERANCE
07:02:04.721,5.334,8,27.89,WITHIN_TOLERANCE
07:02:04.934,5.825,12,28.88,WITHIN_TOLERANCE
07:02:05.039,5.666,3,36.11,WITHIN_TOLERANCE
07:02:05.145,5.480,8,20.16,WITHIN_TOLERANCE
07:02:05.358,5.357,2,19.6,WITHIN_TOLERANCE
07:02:05.464,5.748,5,24.06,WITHIN_TOLERANCE
07:02:05.675,5.448,11,25.18,WITHIN_TOLERANCE
07:02:05.781,5.452,7,22.17,WITHIN_TOLERANCE
07:02:05.992,5.309,2,27.6,WITHIN_TOLERANCE
07:02:06.098,6.099,6,18.45,WITHIN_TOLERANCE
07:02:06.204,5.263,3,21.85,WITHIN_TOLERANCE
07:02:06.311,7.541,7,24.47,WITHIN_TOLERANCE
07:02:06.527,5.538,5,26.86,WITHIN_TOLERANCE
07:02:06.633,5.598,11,28.19,WITHIN_TOLERANCE
07:02:06.844,5.567,3,32.89,WITHIN_TOLERANCE
07:02:06.949,5.293,8,19.44,WITHIN_TOLERANCE
07:02:07.266,5.653,2,24.43,WITHIN_TOLERANCE
07:02:07.377,9.295,8,34.47,WITHIN_TOLERANCE
07:02:07.592,5.291,4,22.95,WITHIN_TOLERANCE
07:02:07.698,5.813,11,28.35,WITHIN_TOLERANCE
07:02:07.805,6.423,7,23.98,WITHIN_TOLERANCE
07:02:08.016,5.916,2,28.9,WITHIN_TOLERANCE
07:02:08.122,5.623,7,28.11,WITHIN_TOLERANCE
07:02:08.335,5.819,10,16.52,WITHIN_TOLERANCE
07:02:08.758,5.649,12,37.96,WITHIN_TOLERANCE
07:02:08.970,5.502,8,26.35,WITHIN_TOLERANCE
07:02:09.076,5.659,4,24.11,WITHIN_TOLERANCE
07:02:09.289,7.227,8,22.02,WITHIN_TOLERANCE
07:02:09.408,18.559,11,22.4,WITHIN_TOLERANCE
07:02:09.619,5.569,12,24.59,WITHIN_TOLERANCE
07:02:09.831,5.346,4,33.94,WITHIN_TOLERANCE
07:02:10.042,5.470,12,21.81,WITHIN_TOLERANCE
07:02:10.148,5.753,2,26.4,WITHIN_TOLERANCE
07:02:10.254,5.470,11,28.88,WITHIN_TOLERANCE
07:02:10.361,7.580,8,31.37,WITHIN_TOLERANCE
07:02:10.572,5.364,9,25.75,WITHIN_TOLERANCE
07:02:10.791,12.600,5,28.81,WITHIN_TOLERANCE
07:02:11.004,6.153,11,28.44,WITHIN_TOLERANCE
07:02:11.453,24.951,12,29.09,WITHIN_TOLERANCE
07:02:11.671,11.168,7,33.14,WITHIN_TOLERANCE
07:02:11.882,5.287,10,35.47,WITHIN_TOLERANCE
07:02:11.988,6.060,3,28.64,WITHIN_TOLERANCE
07:02:12.094,5.575,11,25.55,WITHIN_TOLERANCE
07:02:12.307,5.473,7,26.19,WITHIN_TOLERANCE
07:02:12.625,5.966,12,26.56,WITHIN_TOLERANCE
07:02:12.734,7.963,2,14.56,WITHIN_TOLERANCE
07:02:12.841,7.274,10,61.03,WITHIN_TOLERANCE
07:02:12.947,5.627,7,23.07,WITHIN_TOLERANCE
07:02:13.374,5.732,3,25.22,WITHIN_TOLERANCE
07:02:13.479,5.478,11,27.45,WITHIN_TOLERANCE
07:02:13.903,5.749,2,26.64,WITHIN_TOLERANCE
07:02:14.115,5.632,8,32.71,WITHIN_TOLERANCE
07:02:14.432,5.736,6,26.46,WITHIN_TOLERANCE
07:02:14.538,5.616,9,32.19,WITHIN_TOLERANCE
07:02:14.643,5.429,12,35.2,WITHIN_TOLERANCE
07:02:14.961,5.764,7,24.35,WITHIN_TOLERANCE
07:02:15.067,5.920,11,33.0,WITHIN_TOLERANCE
07:02:15.174,6.231,8,23.67,WITHIN_TOLERANCE
07:02:15.280,6.023,11,20.74,WITHIN_TOLERANCE
07:02:15.386,5.892,6,30.41,WITHIN_TOLERANCE
07:02:15.492,5.856,3,26.11,WITHIN_TOLERANCE
07:02:15.604,11.866,9,22.67,WITHIN_TOLERANCE
07:02:15.710,5.358,12,26.77,WITHIN_TOLERANCE
07:02:15.817,7.038,3,27.55,WITHIN_TOLERANCE
07:02:15.923,6.257,10,23.1,WITHIN_TOLERANCE
07:02:16.029,5.758,5,26.09,WITHIN_TOLERANCE
07:02:16.135,5.463,12,17.94,WITHIN_TOLERANCE
07:02:16.569,5.583,6,18.32,WITHIN_TOLERANCE
07:02:16.674,5.560,10,21.72,WITHIN_TOLERANCE
07:02:16.886,5.518,3,31.03,WITHIN_TOLERANCE
07:02:16.992,5.764,11,21.74,WITHIN_TOLERANCE
07:02:17.098,5.618,4,29.99,WITHIN_TOLERANCE
07:02:17.313,9.628,9,23.95,WITHIN_TOLERANCE
07:02:17.419,5.653,5,21.92,WITHIN_TOLERANCE
07:02:17.525,5.547,2,21.38,WITHIN_TOLERANCE
07:02:17.632,6.382,11,31.69,WITHIN_TOLERANCE
07:02:17.844,5.558,2,19.6,WITHIN_TOLERANCE
07:02:17.950,5.581,6,27.06,WITHIN_TOLERANCE
07:02:18.055,5.559,9,22.59,WITHIN_TOLERANCE
07:02:18.161,5.335,12,29.3,WITHIN_TOLERANCE
07:02:18.266,5.498,2,32.77,WITHIN_TOLERANCE
07:02:18.372,5.658,6,23.66,WITHIN_TOLERANCE
07:02:18.584,5.541,12,13.28,WITHIN_TOLERANCE
07:02:18.795,5.600,7,20.05,WITHIN_TOLERANCE
07:02:19.007,5.617,5,16.73,WITHIN_TOLERANCE
07:02:19.325,5.834,12,23.8,WITHIN_TOLERANCE
07:02:19.431,5.609,3,19.7,WITHIN_TOLERANCE
07:02:19.537,5.590,9,21.0,WITHIN_TOLERANCE
07:02:19.752,9.366,2,25.85,WITHIN_TOLERANCE
07:02:19.858,5.745,12,29.0,WITHIN_TOLERANCE
07:02:19.977,17.839,3,20.82,WITHIN_TOLERANCE
07:02:20.083,5.702,7,24.64,WITHIN_TOLERANCE
07:02:20.294,5.411,9,20.99,WITHIN_TOLERANCE
07:02:20.400,5.660,4,24.17,WITHIN_TOLERANCE
07:02:20.505,5.291,10,27.25,WITHIN_TOLERANCE
07:02:20.611,5.372,7,22.37,WITHIN_TOLERANCE
07:02:20.822,5.743,11,23.87,WITHIN_TOLERANCE
07:02:21.038,9.497,7,21.84,WITHIN_TOLERANCE
07:02:21.363,9.567,5,23.78,WITHIN_TOLERANCE
07:02:21.469,5.950,8,21.32,WITHIN_TOLERANCE
07:02:21.681,5.533,4,27.67,WITHIN_TOLERANCE
07:02:21.892,5.351,9,28.83,WITHIN_TOLERANCE
07:02:21.998,5.842,6,21.93,WITHIN_TOLERANCE
07:02:22.104,5.606,9,29.94,WITHIN_TOLERANCE
07:02:22.315,5.647,4,29.81,WITHIN_TOLERANCE
07:02:22.421,5.824,10,24.43,WITHIN_TOLERANCE
07:02:22.527,5.981,7,29.18,WITHIN_TOLERANCE
07:02:22.950,5.840,5,22.11,WITHIN_TOLERANCE
07:02:23.056,5.680,11,21.7,WITHIN_TOLERANCE
07:02:23.268,5.447,8,26.14,WITHIN_TOLERANCE
07:02:23.691,5.555,9,26.33,WITHIN_TOLERANCE
07:02:23.796,5.394,4,19.56,WITHIN_TOLERANCE
07:02:23.907,10.710,10,34.73,WITHIN_TOLERANCE
07:02:24.119,5.693,6,31.81,WITHIN_TOLERANCE
07:02:24.225,5.796,10,25.13,WITHIN_TOLERANCE
07:02:24.437,5.680,4,26.46,WITHIN_TOLERANCE
07:02:24.648,5.550,12,33.07,WITHIN_TOLERANCE
07:02:25.294,6.345,8,23.97,WITHIN_TOLERANCE
07:02:25.823,5.673,6,34.36,WITHIN_TOLERANCE
07:02:25.934,10.699,12,32.66,WITHIN_TOLERANCE
07:02:26.042,5.728,4,25.54,WITHIN_TOLERANCE
07:02:26.253,5.237,9,26.08,WITHIN_TOLERANCE
07:02:26.359,5.792,6,19.39,WITHIN_TOLERANCE
07:02:26.465,5.486,9,28.16,WITHIN_TOLERANCE
07:02:26.681,5.652,4,19.81,WITHIN_TOLERANCE
07:02:26.786,5.588,8,24.67,WITHIN_TOLERANCE
07:02:26.892,5.784,12,31.36,WITHIN_TOLERANCE
07:02:26.998,5.523,5,25.53,WITHIN_TOLERANCE
07:02:27.104,5.402,10,25.4,WITHIN_TOLERANCE
07:02:27.209,5.582,2,23.67,WITHIN_TOLERANCE
07:02:27.315,5.265,12,23.58,WITHIN_TOLERANCE
07:02:27.420,5.511,9,25.35,WITHIN_TOLERANCE
07:02:27.526,5.241,6,18.23,WITHIN_TOLERANCE
07:02:27.738,6.546,10,27.11,WITHIN_TOLERANCE
07:02:27.950,5.427,6,36.72,WITHIN_TOLERANCE
07:02:28.055,5.435,10,37.16,WITHIN_TOLERANCE
07:02:28.161,5.570,7,18.03,WITHIN_TOLERANCE
07:02:28.372,5.604,10,30.75,WITHIN_TOLERANCE
07:02:28.478,5.559,5,30.21,WITHIN_TOLERANCE
07:02:28.584,5.435,2,18.23,WITHIN_TOLERANCE
07:02:28.688,3.951,5,22.83,WITHIN_TOLERANCE
07:02:28.899,3.933,9,13.65,WITHIN_TOLERANCE
07:02:29.250,6.847,3,31.67,WITHIN_TOLERANCE
07:02:29.356,5.612,7,23.6,WITHIN_TOLERANCE
07:02:29.673,5.390,12,24.33,WITHIN_TOLERANCE
07:02:29.779,5.444,9,30.95,WITHIN_TOLERANCE
07:02:29.990,5.741,7,26.58,WITHIN_TOLERANCE
07:02:30.209,5.802,2,23.7,WITHIN_TOLERANCE
07:02:30.421,5.514,11,18.32,WITHIN_TOLERANCE
07:02:30.526,5.528,3,31.62,WITHIN_TOLERANCE
07:02:30.632,5.403,9,20.51,WITHIN_TOLERANCE
07:02:30.737,5.208,12,24.14,WITHIN_TOLERANCE
07:02:30.949,5.456,6,10.74,WITHIN_TOLERANCE
07:02:31.055,5.878,2,30.0,WITHIN_TOLERANCE
07:02:31.166,10.703,10,18.47,WITHIN_TOLERANCE
07:02:31.385,5.626,4,22.83,WITHIN_TOLERANCE
07:02:31.597,5.482,8,24.47,WITHIN_TOLERANCE
07:02:31.702,5.494,5,29.47,WITHIN_TOLERANCE
07:02:31.808,5.548,8,33.77,WITHIN_TOLERANCE
07:02:32.020,5.555,5,26.65,WITHIN_TOLERANCE
07:02:32.342,5.998,10,20.95,WITHIN_TOLERANCE
07:02:32.554,5.705,7,29.43,WITHIN_TOLERANCE
07:02:32.766,5.507,2,28.96,WITHIN_TOLERANCE
07:02:32.871,5.710,11,22.14,WITHIN_TOLERANCE
07:02:33.188,5.403,12,29.07,WITHIN_TOLERANCE
07:02:33.400,5.964,5,21.99,WITHIN_TOLERANCE
07:02:33.612,5.634,11,20.77,WITHIN_TOLERANCE
07:02:34.035,5.720,4,23.85,WITHIN_TOLERANCE
07:02:34.356,7.721,10,24.0,WITHIN_TOLERANCE
07:02:34.675,5.567,7,25.74,WITHIN_TOLERANCE
07:02:34.886,5.240,5,20.05,WITHIN_TOLERANCE
07:02:34.994,5.537,8,19.73,WITHIN_TOLERANCE
07:02:35.103,8.938,3,39.61,WITHIN_TOLERANCE
07:02:35.318,6.881,9,24.36,WITHIN_TOLERANCE
07:02:35.423,5.430,4,18.45,WITHIN_TOLERANCE
07:02:35.529,5.340,8,28.4,WITHIN_TOLERANCE
07:02:35.634,5.397,12,21.48,WITHIN_TOLERANCE
07:02:35.740,5.557,9,18.25,WITHIN_TOLERANCE
07:02:35.847,6.345,3,28.86,WITHIN_TOLERANCE
07:02:35.952,5.538,12,24.71,WITHIN_TOLERANCE
07:02:36.058,5.421,2,19.53,WITHIN_TOLERANCE
07:02:36.164,5.431,11,28.81,WITHIN_TOLERANCE
07:02:36.269,5.323,2,25.03,WITHIN_TOLERANCE
07:02:36.375,5.621,11,28.26,WITHIN_TOLERANCE
07:02:36.586,5.451,5,24.97,WITHIN_TOLERANCE
07:02:37.014,5.525,9,34.97,WITHIN_TOLERANCE
07:02:37.333,5.672,3,27.52,WITHIN_TOLERANCE
07:02:37.439,5.558,10,18.79,WITHIN_TOLERANCE
07:02:37.861,5.480,3,28.7,WITHIN_TOLERANCE
07:02:38.072,5.330,9,22.63,WITHIN_TOLERANCE
07:02:38.178,5.638,6,20.32,WITHIN_TOLERANCE
07:02:38.284,5.897,2,33.18,WITHIN_TOLERANCE
07:02:38.390,5.620,7,20.52,WITHIN_TOLERANCE
07:02:38.496,5.744,11,26.26,WITHIN_TOLERANCE
07:02:38.602,5.433,5,25.75,WITHIN_TOLERANCE
07:02:38.919,5.784,2,21.34,WITHIN_TOLERANCE
07:02:39.132,5.635,8,20.38,WITHIN_TOLERANCE
07:02:39.237,5.734,4,21.57,WITHIN_TOLERANCE
07:02:39.343,5.569,10,19.39,WITHIN_TOLERANCE
07:02:39.660,5.553,3,27.76,WITHIN_TOLERANCE
07:02:39.769,8.579,8,22.44,WITHIN_TOLERANCE
07:02:39.879,7.526,4,24.09,WITHIN_TOLERANCE
07:02:39.995,15.880,7,27.08,WITHIN_TOLERANCE
07:02:40.101,5.631,2,28.65,WITHIN_TOLERANCE
07:02:40.206,5.495,9,12.89,WITHIN_TOLERANCE
07:02:40.312,5.778,6,26.02,WITHIN_TOLERANCE
07:02:40.419,6.112,12,13.56,WITHIN_TOLERANCE
07:02:40.842,5.624,3,16.17,WITHIN_TOLERANCE
07:02:40.947,5.716,11,23.53,WITHIN_TOLERANCE
07:02:41.159,5.736,3,12.78,WITHIN_TOLERANCE
07:02:41.265,5.749,10,19.79,WITHIN_TOLERANCE
07:02:41.477,5.342,2,22.96,WITHIN_TOLERANCE
07:02:41.583,6.276,10,19.78,WITHIN_TOLERANCE
07:02:41.689,5.549,3,22.52,WITHIN_TOLERANCE
07:02:41.799,9.590,9,24.08,WITHIN_TOLERANCE
07:02:41.905,5.546,12,30.48,WITHIN_TOLERANCE
07:02:42.010,5.508,7,26.96,WITHIN_TOLERANCE
07:02:42.438,6.929,4,27.44,WITHIN_TOLERANCE
07:02:42.547,7.115,11,22.49,WITHIN_TOLERANCE
07:02:42.653,5.307,8,26.54,WITHIN_TOLERANCE
07:02:42.970,5.976,3,18.37,WITHIN_TOLERANCE
07:02:43.182,5.580,7,22.44,WITHIN_TOLERANCE
07:02:43.288,5.749,3,43.48,WITHIN_TOLERANCE
07:02:43.394,5.745,10,33.0,WITHIN_TOLERANCE
07:02:43.817,5.665,8,19.24,WITHIN_TOLERANCE
07:02:43.923,5.686,11,15.82,WITHIN_TOLERANCE
07:02:44.135,5.911,8,20.29,WITHIN_TOLERANCE
07:02:44.241,5.758,3,27.7,WITHIN_TOLERANCE
07:02:44.347,5.699,11,22.51,WITHIN_TOLERANCE
07:02:44.558,5.666,3,22.66,WITHIN_TOLERANCE
07:02:44.664,5.121,10,29.42,WITHIN_TOLERANCE
07:02:44.992,15.052,11,18.66,WITHIN_TOLERANCE
07:02:45.098,5.846,5,33.8,WITHIN_TOLERANCE
07:02:45.208,8.975,2,20.69,WITHIN_TOLERANCE
07:02:45.420,5.504,6,24.01,WITHIN_TOLERANCE
07:02:45.526,5.806,10,22.34,WITHIN_TOLERANCE
07:02:45.740,5.839,12,29.22,WITHIN_TOLERANCE
07:02:45.953,5.526,5,37.29,WITHIN_TOLERANCE
07:02:46.058,5.485,8,21.47,WITHIN_TOLERANCE
07:02:46.277,9.106,5,23.77,WITHIN_TOLERANCE
07:02:46.488,5.615,9,27.95,WITHIN_TOLERANCE
07:02:47.026,6.392,11,21.95,WITHIN_TOLERANCE
07:02:47.132,5.756,5,31.94,WITHIN_TOLERANCE
07:02:47.237,5.477,10,31.78,WITHIN_TOLERANCE
07:02:47.343,5.457,5,23.39,WITHIN_TOLERANCE
07:02:47.449,5.463,10,22.38,WITHIN_TOLERANCE
07:02:47.660,5.213,2,20.31,WITHIN_TOLERANCE
07:02:47.977,5.587,9,28.43,WITHIN_TOLERANCE
07:02:48.083,5.524,4,30.65,WITHIN_TOLERANCE
07:02:48.188,5.455,12,17.16,WITHIN_TOLERANCE
07:02:48.294,5.700,5,30.48,WITHIN_TOLERANCE
07:02:48.400,5.664,8,29.06,WITHIN_TOLERANCE
07:02:48.506,5.674,3,25.26,WITHIN_TOLERANCE
07:02:48.625,16.983,11,23.49,WITHIN_TOLERANCE
07:02:48.961,24.476,2,24.93,WITHIN_TOLERANCE
07:02:49.066,5.141,9,18.85,WITHIN_TOLERANCE
07:02:49.172,5.680,12,32.68,WITHIN_TOLERANCE
07:02:49.278,5.418,2,25.69,WITHIN_TOLERANCE
07:02:49.384,5.605,10,32.76,WITHIN_TOLERANCE
07:02:49.700,5.401,3,26.82,WITHIN_TOLERANCE
07:02:50.129,5.166,12,31.35,WITHIN_TOLERANCE
07:02:50.552,5.668,3,29.6,WITHIN_TOLERANCE
07:02:50.874,5.057,11,26.99,WITHIN_TOLERANCE
07:02:50.979,5.437,6,23.44,WITHIN_TOLERANCE
07:02:51.085,5.728,11,24.23,WITHIN_TOLERANCE
07:02:51.403,5.655,8,31.79,WITHIN_TOLERANCE
07:02:51.510,7.267,5,20.79,WITHIN_TOLERANCE
07:02:51.838,5.628,11,31.8,WITHIN_TOLERANCE
07:02:51.956,18.426,7,22.09,WITHIN_TOLERANCE
07:02:52.276,5.584,4,22.44,WITHIN_TOLERANCE
07:02:52.382,6.008,9,22.9,WITHIN_TOLERANCE
07:02:52.488,6.133,3,32.7,WITHIN_TOLERANCE
07:02:52.917,5.743,11,31.79,WITHIN_TOLERANCE
07:02:53.129,5.641,3,23.32,WITHIN_TOLERANCE
07:02:53.234,5.405,6,27.01,WITHIN_TOLERANCE
07:02:53.446,5.633,8,25.11,WITHIN_TOLERANCE
07:02:53.552,5.744,11,24.74,WITHIN_TOLERANCE
07:02:53.658,5.487,3,21.64,WITHIN_TOLERANCE
07:02:53.765,6.440,10,29.52,WITHIN_TOLERANCE
07:02:54.082,5.558,3,27.79,WITHIN_TOLERANCE
07:02:54.188,5.823,6,30.76,WITHIN_TOLERANCE
07:02:54.506,5.719,12,33.01,WITHIN_TOLERANCE
07:02:54.611,5.653,6,19.55,WITHIN_TOLERANCE
07:02:54.717,5.582,3,23.61,WITHIN_TOLERANCE
07:02:54.823,5.837,10,33.15,WITHIN_TOLERANCE
07:02:54.929,5.679,2,25.19,WITHIN_TOLERANCE
07:02:55.035,5.446,7,17.65,WITHIN_TOLERANCE
07:02:55.140,5.347,4,21.97,WITHIN_TOLERANCE
07:02:55.246,5.472,7,28.92,WITHIN_TOLERANCE
07:02:55.564,5.874,4,32.61,WITHIN_TOLERANCE
07:02:55.669,5.719,11,24.92,WITHIN_TOLERANCE
07:02:55.880,5.622,8,24.32,WITHIN_TOLERANCE
07:02:55.986,5.680,2,20.64,WITHIN_TOLERANCE
07:02:56.197,5.303,5,26.46,WITHIN_TOLERANCE
07:02:56.409,5.730,12,25.39,WITHIN_TOLERANCE
07:02:56.514,5.406,2,22.48,WITHIN_TOLERANCE
07:02:56.620,5.874,10,31.18,WITHIN_TOLERANCE
07:02:56.943,10.225,3,20.96,WITHIN_TOLERANCE
07:02:57.154,5.543,9,20.55,WITHIN_TOLERANCE
07:02:57.260,5.766,6,34.76,WITHIN_TOLERANCE
07:02:57.366,5.497,3,18.11,WITHIN_TOLERANCE
07:02:57.472,5.561,7,20.84,WITHIN_TOLERANCE
07:02:57.577,5.429,3,28.44,WITHIN_TOLERANCE
07:02:57.894,5.556,12,24.19,WITHIN_TOLERANCE
07:02:58.000,5.471,3,34.87,WITHIN_TOLERANCE
07:02:58.106,5.712,9,24.53,WITHIN_TOLERANCE
07:02:58.212,5.798,3,26.33,WITHIN_TOLERANCE
07:02:58.317,5.390,6,25.74,WITHIN_TOLERANCE
07:02:58.740,5.489,9,23.65,WITHIN_TOLERANCE
07:02:58.846,5.520,5,22.76,WITHIN_TOLERANCE
07:02:59.376,5.786,10,27.08,WITHIN_TOLERANCE
07:02:59.482,5.455,5,27.66,WITHIN_TOLERANCE
07:02:59.694,5.521,6,21.51,WITHIN_TOLERANCE
07:02:59.905,5.390,4,22.63,WITHIN_TOLERANCE
07:03:00.119,7.746,11,34.59,WITHIN_TOLERANCE
07:03:00.225,5.678,3,22.18,WITHIN_TOLERANCE
07:03:00.753,5.456,9,26.26,WITHIN_TOLERANCE
07:03:00.859,5.541,6,27.64,WITHIN_TOLERANCE
07:03:00.965,5.417,12,28.03,WITHIN_TOLERANCE
07:03:01.179,6.122,9,27.79,WITHIN_TOLERANCE
07:03:01.284,5.314,4,21.24,WITHIN_TOLERANCE
07:03:01.390,5.352,10,28.93,WITHIN_TOLERANCE
07:03:01.495,5.349,2,29.59,WITHIN_TOLERANCE
07:03:01.606,10.425,6,15.14,WITHIN_TOLERANCE
07:03:01.713,7.378,10,26.57,WITHIN_TOLERANCE
07:03:01.927,7.512,2,29.51,WITHIN_TOLERANCE
07:03:02.041,13.559,7,20.17,WITHIN_TOLERANCE
07:03:02.252,5.599,2,21.34,WITHIN_TOLERANCE
07:03:02.358,5.416,9,25.17,WITHIN_TOLERANCE
07:03:02.675,5.642,3,18.52,WITHIN_TOLERANCE
07:03:02.781,5.527,12,24.95,WITHIN_TOLERANCE
07:03:02.888,6.994,4,24.98,WITHIN_TOLERANCE
07:03:02.994,5.908,11,26.01,WITHIN_TOLERANCE
07:03:04.158,5.791,12,27.47,WITHIN_TOLERANCE
07:03:04.369,5.483,5,31.73,WITHIN_TOLERANCE
07:03:04.475,5.646,11,20.03,WITHIN_TOLERANCE
07:03:04.584,8.684,3,23.61,WITHIN_TOLERANCE
07:03:04.798,8.039,8,24.91,WITHIN_TOLERANCE
07:03:04.904,5.512,3,29.0,WITHIN_TOLERANCE
07:03:05.010,5.577,8,22.18,WITHIN_TOLERANCE
07:03:05.230,14.094,12,23.76,WITHIN_TOLERANCE
07:03:05.654,5.507,12,21.94,WITHIN_TOLERANCE
07:03:05.760,5.450,5,22.2,WITHIN_TOLERANCE
07:03:05.972,5.712,9,17.33,WITHIN_TOLERANCE
07:03:06.078,5.654,6,18.0,WITHIN_TOLERANCE
07:03:06.184,5.569,9,17.75,WITHIN_TOLERANCE
07:03:06.290,5.371,3,25.32,WITHIN_TOLERANCE
07:03:06.396,5.709,7,13.52,WITHIN_TOLERANCE
07:03:06.501,5.512,2,25.08,WITHIN_TOLERANCE
07:03:06.713,5.479,12,19.93,WITHIN_TOLERANCE
07:03:06.818,5.414,9,32.75,WITHIN_TOLERANCE
07:03:07.029,5.291,10,24.18,WITHIN_TOLERANCE
07:03:07.253,12.832,5,23.14,WITHIN_TOLERANCE
07:03:07.359,5.121,11,19.58,WITHIN_TOLERANCE
07:03:07.464,5.628,6,18.18,WITHIN_TOLERANCE
07:03:07.676,5.564,11,29.55,WITHIN_TOLERANCE
07:03:07.782,5.608,8,29.23,WITHIN_TOLERANCE
07:03:07.887,5.388,5,33.68,WITHIN_TOLERANCE
07:03:07.994,6.773,8,20.53,WITHIN_TOLERANCE
07:03:08.209,5.777,4,26.35,WITHIN_TOLERANCE
07:03:08.421,5.997,2,28.17,WITHIN_TOLERANCE
07:03:08.527,5.644,5,27.67,WITHIN_TOLERANCE
07:03:08.632,5.253,11,23.63,WITHIN_TOLERANCE
07:03:08.738,5.326,3,18.25,WITHIN_TOLERANCE
07:03:08.843,5.583,11,25.44,WITHIN_TOLERANCE
07:03:09.073,5.875,2,17.44,WITHIN_TOLERANCE
07:03:09.179,5.538,8,26.45,WITHIN_TOLERANCE
07:03:09.285,5.447,2,30.53,WITHIN_TOLERANCE
07:03:09.496,5.281,8,26.28,WITHIN_TOLERANCE
07:03:09.601,5.441,4,22.83,WITHIN_TOLERANCE
07:03:09.919,5.782,12,23.8,WITHIN_TOLERANCE
07:03:10.024,5.594,2,21.57,WITHIN_TOLERANCE
07:03:10.130,5.502,6,32.28,WITHIN_TOLERANCE
07:03:10.236,5.685,12,15.29,WITHIN_TOLERANCE
07:03:10.342,5.748,9,14.37,WITHIN_TOLERANCE
07:03:10.448,5.516,4,16.49,WITHIN_TOLERANCE
07:03:10.659,5.574,9,31.6,WITHIN_TOLERANCE
07:03:10.871,5.519,4,33.0,WITHIN_TOLERANCE
07:03:11.083,5.516,12,33.04,WITHIN_TOLERANCE
07:03:11.295,5.806,7,24.44,WITHIN_TOLERANCE
07:03:11.520,18.522,11,21.55,WITHIN_TOLERANCE
07:03:11.635,12.882,4,29.4,WITHIN_TOLERANCE
07:03:11.745,9.446,9,15.36,WITHIN_TOLERANCE
07:03:12.363,11.540,2,22.44,WITHIN_TOLERANCE
07:03:12.486,21.833,8,22.03,WITHIN_TOLERANCE
07:03:12.659,57.846,11,25.12,WITHIN_TOLERANCE
07:03:13.315,5.611,3,25.03,WITHIN_TOLERANCE
07:03:13.423,8.204,12,29.51,WITHIN_TOLERANCE
07:03:13.536,12.266,9,33.69,WITHIN_TOLERANCE
07:03:13.642,5.791,3,18.56,WITHIN_TOLERANCE
07:03:13.853,5.491,12,30.7,WITHIN_TOLERANCE
07:03:14.067,5.373,2,20.13,WITHIN_TOLERANCE
07:03:14.597,5.685,4,25.21,WITHIN_TOLERANCE
07:03:14.811,7.156,12,17.68,WITHIN_TOLERANCE
07:03:14.917,5.802,4,25.76,WITHIN_TOLERANCE
07:03:15.130,5.549,10,15.95,WITHIN_TOLERANCE
07:03:15.235,5.408,7,24.58,WITHIN_TOLERANCE
07:03:15.553,6.219,12,28.24,WITHIN_TOLERANCE
07:03:15.659,5.691,9,22.0,WITHIN_TOLERANCE
07:03:15.765,5.570,2,25.32,WITHIN_TOLERANCE
07:03:15.977,5.705,9,14.98,WITHIN_TOLERANCE
07:03:16.083,5.785,2,23.63,WITHIN_TOLERANCE
07:03:16.295,5.785,8,19.47,WITHIN_TOLERANCE
07:03:16.400,5.744,12,23.52,WITHIN_TOLERANCE
07:03:16.506,5.846,6,24.71,WITHIN_TOLERANCE
07:03:16.612,5.247,2,25.47,WITHIN_TOLERANCE
07:03:16.727,14.494,7,20.68,WITHIN_TOLERANCE
07:03:16.838,10.680,11,19.12,WITHIN_TOLERANCE
07:03:17.099,22.729,2,20.91,WITHIN_TOLERANCE
07:03:17.329,10.482,10,14.45,WITHIN_TOLERANCE
07:03:17.459,29.829,5,27.05,WITHIN_TOLERANCE
07:03:17.701,31.515,6,22.73,WITHIN_TOLERANCE
07:03:17.807,5.905,11,18.71,WITHIN_TOLERANCE
07:03:17.913,6.236,4,10.77,WITHIN_TOLERANCE
07:03:18.020,6.789,8,30.34,WITHIN_TOLERANCE
07:03:18.126,5.959,4,20.96,WITHIN_TOLERANCE
07:03:18.232,5.534,12,27.46,WITHIN_TOLERANCE
07:03:18.447,8.456,9,31.07,WITHIN_TOLERANCE
07:03:18.553,5.817,12,19.53,WITHIN_TOLERANCE
07:03:18.659,5.609,8,23.57,WITHIN_TOLERANCE
07:03:18.764,5.510,2,21.81,WITHIN_TOLERANCE
07:03:18.976,5.273,7,17.35,WITHIN_TOLERANCE
07:03:19.400,5.838,10,31.54,WITHIN_TOLERANCE
07:03:19.506,5.725,5,20.47,WITHIN_TOLERANCE
07:03:19.611,5.418,10,19.23,WITHIN_TOLERANCE
07:03:19.823,6.098,4,28.55,WITHIN_TOLERANCE
07:03:19.929,5.699,7,21.61,WITHIN_TOLERANCE
07:03:20.572,7.237,11,15.53,WITHIN_TOLERANCE
07:03:20.678,5.521,8,18.86,WITHIN_TOLERANCE
07:03:20.783,5.693,5,23.26,WITHIN_TOLERANCE
07:03:20.995,5.558,12,25.89,WITHIN_TOLERANCE
07:03:21.207,5.703,4,24.94,WITHIN_TOLERANCE
07:03:21.314,6.856,9,22.47,WITHIN_TOLERANCE
07:03:21.525,5.569,7,27.35,WITHIN_TOLERANCE
07:03:21.737,5.234,12,22.76,WITHIN_TOLERANCE
07:03:22.063,5.741,4,22.08,WITHIN_TOLERANCE
07:03:22.275,5.799,3,21.54,WITHIN_TOLERANCE
07:03:22.601,5.560,5,24.3,WITHIN_TOLERANCE
07:03:22.813,5.718,2,19.81,WITHIN_TOLERANCE
07:03:22.918,5.703,12,23.35,WITHIN_TOLERANCE
07:03:23.024,5.626,8,19.95,WITHIN_TOLERANCE
07:03:23.131,6.147,3,28.48,WITHIN_TOLERANCE
07:03:23.343,6.037,6,27.41,WITHIN_TOLERANCE
07:03:23.448,5.496,10,26.19,WITHIN_TOLERANCE
07:03:23.664,9.437,5,20.91,WITHIN_TOLERANCE
07:03:23.770,5.633,9,27.98,WITHIN_TOLERANCE
07:03:23.896,25.506,6,29.26,WITHIN_TOLERANCE
07:03:24.004,6.075,3,17.53,WITHIN_TOLERANCE
07:03:24.535,5.758,2,24.95,WITHIN_TOLERANCE
07:03:24.641,5.888,10,28.15,WITHIN_TOLERANCE
07:03:24.747,5.670,7,24.2,WITHIN_TOLERANCE
07:03:25.064,5.812,9,24.5,WITHIN_TOLERANCE
07:03:25.279,8.657,5,30.63,WITHIN_TOLERANCE
07:03:25.385,5.826,8,18.4,WITHIN_TOLERANCE
07:03:25.810,5.613,5,14.5,WITHIN_TOLERANCE
07:03:26.234,5.692,10,20.0,WITHIN_TOLERANCE
07:03:26.340,5.670,3,29.83,WITHIN_TOLERANCE
07:03:26.446,5.556,8,23.94,WITHIN_TOLERANCE
07:03:26.870,5.850,2,32.12,WITHIN_TOLERANCE
07:03:26.976,5.977,9,32.81,WITHIN_TOLERANCE
07:03:27.187,5.381,8,22.73,WITHIN_TOLERANCE
07:03:27.505,5.759,3,31.44,WITHIN_TOLERANCE
07:03:27.720,5.009,9,36.26,WITHIN_TOLERANCE
07:03:28.052,16.426,5,21.45,WITHIN_TOLERANCE
07:03:28.688,5.575,2,23.91,WITHIN_TOLERANCE
07:03:28.794,5.784,11,32.84,WITHIN_TOLERANCE
07:03:28.900,5.771,3,26.55,WITHIN_TOLERANCE
07:03:29.112,5.715,11,23.63,WITHIN_TOLERANCE
07:03:29.218,5.733,7,35.15,WITHIN_TOLERANCE
07:03:29.536,5.852,11,26.87,WITHIN_TOLERANCE
07:03:29.642,5.894,4,36.18,WITHIN_TOLERANCE
07:03:29.854,5.666,7,26.5,WITHIN_TOLERANCE
07:03:30.065,5.989,5,27.62,WITHIN_TOLERANCE
07:03:30.277,5.491,10,23.45,WITHIN_TOLERANCE
07:03:30.806,5.527,2,13.36,WITHIN_TOLERANCE
07:03:30.912,5.685,12,21.51,WITHIN_TOLERANCE
07:03:31.018,6.099,4,34.53,WITHIN_TOLERANCE
07:03:31.653,5.718,8,18.82,WITHIN_TOLERANCE
07:03:31.759,5.509,12,26.18,WITHIN_TOLERANCE
07:03:31.864,5.544,8,13.6,WITHIN_TOLERANCE
07:03:31.972,7.261,12,22.49,WITHIN_TOLERANCE
07:03:32.080,7.462,3,16.91,WITHIN_TOLERANCE
07:03:32.301,5.994,8,27.45,WITHIN_TOLERANCE
07:03:32.407,5.632,4,30.84,WITHIN_TOLERANCE
07:03:32.514,7.095,8,33.2,WITHIN_TOLERANCE
07:03:32.844,5.700,2,21.66,WITHIN_TOLERANCE
07:03:32.950,5.457,7,20.79,WITHIN_TOLERANCE
07:03:33.479,5.438,4,18.67,WITHIN_TOLERANCE
07:03:33.691,5.631,6,30.92,WITHIN_TOLERANCE
07:03:33.903,5.736,8,25.56,WITHIN_TOLERANCE
07:03:34.009,5.763,11,22.34,WITHIN_TOLERANCE
07:03:34.115,5.842,3,24.43,WITHIN_TOLERANCE
07:03:34.351,5.775,11,23.49,WITHIN_TOLERANCE
07:03:34.457,5.957,6,23.25,WITHIN_TOLERANCE
07:03:34.563,5.690,9,27.68,WITHIN_TOLERANCE
07:03:34.669,5.978,12,30.92,WITHIN_TOLERANCE
07:03:34.881,5.411,7,26.24,WITHIN_TOLERANCE
07:03:34.986,5.499,4,20.69,WITHIN_TOLERANCE
07:03:35.303,5.156,11,26.35,WITHIN_TOLERANCE
07:03:35.409,5.822,3,16.54,WITHIN_TOLERANCE
07:03:35.515,5.941,7,35.67,WITHIN_TOLERANCE
07:03:35.835,5.881,10,27.67,WITHIN_TOLERANCE
07:03:35.941,5.653,6,22.61,WITHIN_TOLERANCE
07:03:36.047,5.656,9,28.44,WITHIN_TOLERANCE
07:03:36.153,5.422,4,30.01,WITHIN_TOLERANCE
07:03:36.366,7.310,6,28.46,WITHIN_TOLERANCE
07:03:36.472,5.618,11,20.85,WITHIN_TOLERANCE
07:03:36.789,5.752,3,24.36,WITHIN_TOLERANCE
07:03:36.895,5.710,6,28.4,WITHIN_TOLERANCE
07:03:37.001,5.714,10,29.4,WITHIN_TOLERANCE
07:03:37.106,5.620,2,34.66,WITHIN_TOLERANCE
07:03:37.212,5.570,9,25.58,WITHIN_TOLERANCE
07:03:37.529,5.653,12,29.16,WITHIN_TOLERANCE
07:03:37.635,5.761,5,20.71,WITHIN_TOLERANCE
07:03:37.745,9.503,8,24.81,WITHIN_TOLERANCE
07:03:37.962,5.820,3,25.1,WITHIN_TOLERANCE
07:03:38.279,5.488,11,27.54,WITHIN_TOLERANCE
07:03:38.499,6.389,7,23.81,WITHIN_TOLERANCE
07:03:38.923,5.908,10,22.0,WITHIN_TOLERANCE
07:03:39.240,5.370,5,26.48,WITHIN_TOLERANCE
07:03:39.346,5.846,11,25.7,WITHIN_TOLERANCE
07:03:39.663,5.599,4,26.73,WITHIN_TOLERANCE
07:03:39.875,5.661,11,26.8,WITHIN_TOLERANCE
07:03:39.980,5.265,8,20.24,WITHIN_TOLERANCE
07:03:40.197,5.689,10,30.5,WITHIN_TOLERANCE
07:03:40.303,6.072,6,30.46,WITHIN_TOLERANCE
07:03:40.410,6.965,10,21.01,WITHIN_TOLERANCE
07:03:40.627,5.239,5,23.69,WITHIN_TOLERANCE
07:03:40.734,7.604,9,23.74,WITHIN_TOLERANCE
07:03:40.946,5.404,3,26.28,WITHIN_TOLERANCE
07:03:41.052,5.712,8,23.79,WITHIN_TOLERANCE
07:03:41.157,5.609,12,19.86,WITHIN_TOLERANCE
07:03:41.263,5.514,2,16.76,WITHIN_TOLERANCE
07:03:41.476,5.455,8,36.94,WITHIN_TOLERANCE
07:03:41.793,5.927,5,20.31,WITHIN_TOLERANCE
07:03:42.007,7.619,10,25.12,WITHIN_TOLERANCE
07:03:42.113,5.714,7,27.06,WITHIN_TOLERANCE
07:03:42.430,5.773,9,26.43,WITHIN_TOLERANCE
07:03:42.641,5.661,8,18.76,WITHIN_TOLERANCE
07:03:42.970,5.901,7,23.69,WITHIN_TOLERANCE
07:03:43.076,5.661,3,21.58,WITHIN_TOLERANCE
07:03:43.182,5.857,12,29.13,WITHIN_TOLERANCE
07:03:43.288,5.658,2,19.8,WITHIN_TOLERANCE
07:03:43.394,5.981,9,24.63,WITHIN_TOLERANCE
07:03:43.606,5.561,11,14.46,WITHIN_TOLERANCE
07:03:43.712,5.701,2,18.06,WITHIN_TOLERANCE
07:03:44.347,6.031,10,26.39,WITHIN_TOLERANCE
07:03:44.453,5.765,4,23.69,WITHIN_TOLERANCE
07:03:44.562,8.946,11,28.05,WITHIN_TOLERANCE
07:03:44.668,5.437,5,34.15,WITHIN_TOLERANCE
07:03:44.985,5.415,9,32.19,WITHIN_TOLERANCE
07:03:45.091,5.588,12,22.32,WITHIN_TOLERANCE
07:03:45.315,14.814,7,21.45,WITHIN_TOLERANCE
07:03:45.429,5.358,12,30.31,WITHIN_TOLERANCE
07:03:45.543,12.587,7,15.66,WITHIN_TOLERANCE
07:03:45.754,5.396,12,19.78,WITHIN_TOLERANCE
07:03:45.860,6.077,8,22.59,WITHIN_TOLERANCE
07:03:46.318,22.534,2,29.3,WITHIN_TOLERANCE
07:03:46.429,5.745,9,29.11,WITHIN_TOLERANCE
07:03:46.536,7.235,2,19.18,WITHIN_TOLERANCE
07:03:46.755,5.203,10,22.67,WITHIN_TOLERANCE
07:03:47.178,5.623,5,24.67,WITHIN_TOLERANCE
07:03:47.284,5.647,2,18.45,WITHIN_TOLERANCE
07:03:47.390,5.603,10,19.93,WITHIN_TOLERANCE
07:03:48.026,5.788,3,24.99,WITHIN_TOLERANCE
07:03:48.132,5.962,8,19.08,WITHIN_TOLERANCE
07:03:48.238,6.439,12,34.77,WITHIN_TOLERANCE
07:03:48.344,5.718,7,23.15,WITHIN_TOLERANCE
07:03:48.450,5.278,12,33.88,WITHIN_TOLERANCE
07:03:48.555,5.495,2,18.18,WITHIN_TOLERANCE
07:03:48.661,5.780,12,27.17,WITHIN_TOLERANCE
07:03:48.775,14.023,4,17.0,WITHIN_TOLERANCE
07:03:48.881,5.703,8,19.85,WITHIN_TOLERANCE
07:03:48.987,5.171,12,74.65,WITHIN_TOLERANCE
07:03:49.097,9.094,9,25.5,WITHIN_TOLERANCE
07:03:49.203,5.874,4,14.71,WITHIN_TOLERANCE
07:03:49.418,9.297,3,24.22,WITHIN_TOLERANCE
07:03:49.524,5.735,11,26.86,WITHIN_TOLERANCE
07:03:49.735,5.154,5,22.72,WITHIN_TOLERANCE
07:03:49.946,5.313,12,35.19,WITHIN_TOLERANCE
07:03:50.052,5.745,6,24.78,WITHIN_TOLERANCE
07:03:50.158,5.911,11,24.26,WITHIN_TOLERANCE
07:03:50.370,5.261,8,27.46,WITHIN_TOLERANCE
07:03:50.476,5.925,5,19.5,WITHIN_TOLERANCE
07:03:50.688,5.758,7,21.78,WITHIN_TOLERANCE
07:03:51.013,8.814,12,22.73,WITHIN_TOLERANCE
07:03:51.119,5.268,7,31.23,WITHIN_TOLERANCE
07:03:51.330,5.345,9,28.53,WITHIN_TOLERANCE
07:03:51.435,4.990,2,34.81,WITHIN_TOLERANCE
07:03:51.752,5.573,8,13.59,WITHIN_TOLERANCE
07:03:51.858,5.640,3,18.34,WITHIN_TOLERANCE
07:03:51.964,5.610,7,19.66,WITHIN_TOLERANCE
07:03:52.069,5.561,2,26.42,WITHIN_TOLERANCE
07:03:52.175,5.337,8,23.64,WITHIN_TOLERANCE
07:03:52.389,8.453,3,23.1,WITHIN_TOLERANCE
07:03:52.495,5.473,9,22.73,WITHIN_TOLERANCE
07:03:52.706,5.546,11,29.44,WITHIN_TOLERANCE
07:03:53.029,6.018,6,28.63,WITHIN_TOLERANCE
07:03:53.135,5.429,3,27.21,WITHIN_TOLERANCE
07:03:53.241,5.612,11,18.07,WITHIN_TOLERANCE
07:03:53.347,5.802,8,26.18,WITHIN_TOLERANCE
07:03:53.664,5.639,9,23.87,WITHIN_TOLERANCE
07:03:53.770,5.522,2,21.77,WITHIN_TOLERANCE
07:03:53.876,5.743,9,24.99,WITHIN_TOLERANCE
07:03:54.088,5.807,6,19.95,WITHIN_TOLERANCE
07:03:54.193,5.604,9,30.42,WITHIN_TOLERANCE
07:03:54.299,5.404,4,24.12,WITHIN_TOLERANCE
07:03:54.405,5.461,10,24.72,WITHIN_TOLERANCE
07:03:54.616,5.809,4,24.85,WITHIN_TOLERANCE
07:03:54.942,12.966,10,34.0,WITHIN_TOLERANCE
07:03:55.262,5.849,8,24.86,WITHIN_TOLERANCE
07:03:55.475,5.711,3,19.0,WITHIN_TOLERANCE
07:03:55.795,5.311,7,26.56,WITHIN_TOLERANCE
07:03:56.006,5.508,11,24.23,WITHIN_TOLERANCE
07:03:56.218,5.654,6,30.43,WITHIN_TOLERANCE
07:03:56.536,5.990,12,25.26,WITHIN_TOLERANCE
07:03:56.854,5.923,5,27.99,WITHIN_TOLERANCE
07:03:57.065,5.305,11,21.47,WITHIN_TOLERANCE
07:03:57.170,5.682,7,14.87,WITHIN_TOLERANCE
07:03:57.276,5.615,10,27.53,WITHIN_TOLERANCE
07:03:57.382,5.490,3,26.02,WITHIN_TOLERANCE
07:03:57.487,5.276,12,8.82,WITHIN_TOLERANCE
07:03:57.593,5.399,8,24.17,WITHIN_TOLERANCE
07:03:58.128,7.511,7,18.88,WITHIN_TOLERANCE
07:03:58.239,11.617,4,22.88,WITHIN_TOLERANCE
07:03:58.451,5.626,8,22.85,WITHIN_TOLERANCE
07:03:58.557,5.718,2,26.0,WITHIN_TOLERANCE
07:03:58.663,5.612,11,34.49,WITHIN_TOLERANCE
07:03:58.769,5.600,3,24.9,WITHIN_TOLERANCE
07:03:58.874,5.605,8,26.53,WITHIN_TOLERANCE
07:03:58.980,5.731,11,21.56,WITHIN_TOLERANCE
07:03:59.304,5.896,3,31.57,WITHIN_TOLERANCE
07:03:59.410,5.977,10,31.16,WITHIN_TOLERANCE
07:03:59.515,5.487,2,23.71,WITHIN_TOLERANCE
07:03:59.621,5.382,8,17.04,WITHIN_TOLERANCE
07:03:59.726,5.322,4,27.24,WITHIN_TOLERANCE
07:03:59.833,6.105,7,20.03,WITHIN_TOLERANCE
07:03:59.938,5.501,10,25.97,WITHIN_TOLERANCE
07:04:00.150,5.284,5,32.49,WITHIN_TOLERANCE
07:04:00.255,5.489,11,30.12,WITHIN_TOLERANCE
07:04:00.361,5.241,2,26.0,WITHIN_TOLERANCE
07:04:00.466,5.449,9,19.31,WITHIN_TOLERANCE
07:04:00.576,9.413,3,29.21,WITHIN_TOLERANCE
07:04:00.681,5.219,7,32.93,WITHIN_TOLERANCE
07:04:00.787,5.317,11,30.19,WITHIN_TOLERANCE
07:04:01.210,5.477,12,30.42,WITHIN_TOLERANCE
07:04:01.315,5.624,9,23.04,WITHIN_TOLERANCE
07:04:01.423,7.253,2,12.79,WITHIN_TOLERANCE
07:04:01.531,5.482,7,24.51,WITHIN_TOLERANCE
07:04:01.848,5.702,3,27.62,WITHIN_TOLERANCE
07:04:01.955,6.571,6,26.83,WITHIN_TOLERANCE
07:04:02.062,5.957,2,28.16,WITHIN_TOLERANCE
07:04:02.168,5.623,10,22.35,WITHIN_TOLERANCE
07:04:02.485,5.669,12,30.41,WITHIN_TOLERANCE
07:04:02.696,5.174,5,21.14,WITHIN_TOLERANCE
07:04:03.014,5.664,7,25.61,WITHIN_TOLERANCE
07:04:03.120,5.683,4,29.47,WITHIN_TOLERANCE
07:04:03.237,15.481,10,30.12,WITHIN_TOLERANCE
07:04:03.360,21.525,7,22.14,WITHIN_TOLERANCE
07:04:03.465,5.106,12,20.22,WITHIN_TOLERANCE
07:04:03.677,5.139,6,20.85,WITHIN_TOLERANCE
07:04:03.888,5.620,5,30.74,WITHIN_TOLERANCE
07:04:04.206,5.770,10,25.95,WITHIN_TOLERANCE
07:04:04.418,5.525,8,22.5,WITHIN_TOLERANCE
07:04:04.630,5.899,2,20.0,WITHIN_TOLERANCE
07:04:04.841,5.180,11,31.52,WITHIN_TOLERANCE
07:04:04.947,5.510,8,27.66,WITHIN_TOLERANCE
07:04:05.054,6.491,5,25.6,WITHIN_TOLERANCE
07:04:05.160,6.057,11,26.74,WITHIN_TOLERANCE
07:04:05.266,5.708,8,29.65,WITHIN_TOLERANCE
07:04:05.591,5.644,3,12.6,WITHIN_TOLERANCE
07:04:05.699,8.120,12,21.08,WITHIN_TOLERANCE
07:04:05.806,6.455,9,27.94,WITHIN_TOLERANCE
07:04:05.912,6.273,12,30.54,WITHIN_TOLERANCE
07:04:06.020,7.921,5,24.22,WITHIN_TOLERANCE
07:04:06.232,5.849,10,23.38,WITHIN_TOLERANCE
07:04:06.339,6.372,6,27.21,WITHIN_TOLERANCE
07:04:06.445,6.195,10,27.31,WITHIN_TOLERANCE
07:04:06.551,5.946,3,22.53,WITHIN_TOLERANCE
07:04:06.657,5.513,10,32.33,WITHIN_TOLERANCE
07:04:06.763,5.619,4,25.8,WITHIN_TOLERANCE
07:04:06.869,5.731,10,20.34,WITHIN_TOLERANCE
07:04:07.189,7.111,3,19.58,WITHIN_TOLERANCE
07:04:07.507,5.394,10,22.61,WITHIN_TOLERANCE
07:04:07.721,8.155,6,31.46,WITHIN_TOLERANCE
07:04:07.826,4.977,12,28.58,WITHIN_TOLERANCE
07:04:07.935,8.518,2,23.37,WITHIN_TOLERANCE
07:04:08.042,6.697,5,21.38,WITHIN_TOLERANCE
07:04:08.148,5.857,10,18.3,WITHIN_TOLERANCE
07:04:08.253,5.355,2,22.57,WITHIN_TOLERANCE
07:04:08.367,13.329,12,27.42,WITHIN_TOLERANCE
07:04:09.001,5.718,3,23.12,WITHIN_TOLERANCE
07:04:09.536,6.889,7,30.03,WITHIN_TOLERANCE
07:04:09.747,5.666,11,20.49,WITHIN_TOLERANCE
07:04:09.958,4.841,5,22.25,WITHIN_TOLERANCE
07:04:10.173,6.530,4,30.8,WITHIN_TOLERANCE
07:04:10.280,6.551,12,26.63,WITHIN_TOLERANCE
07:04:10.386,5.831,4,27.99,WITHIN_TOLERANCE
07:04:10.492,5.581,10,28.42,WITHIN_TOLERANCE
07:04:10.703,5.529,7,36.26,WITHIN_TOLERANCE
07:04:10.809,5.996,12,28.47,WITHIN_TOLERANCE
07:04:10.915,5.586,5,27.93,WITHIN_TOLERANCE
07:04:11.444,5.877,2,33.59,WITHIN_TOLERANCE
07:04:11.550,6.010,11,24.83,WITHIN_TOLERANCE
07:04:11.768,5.949,12,17.9,WITHIN_TOLERANCE
07:04:11.874,5.878,4,24.84,WITHIN_TOLERANCE
07:04:12.193,6.735,12,23.31,WITHIN_TOLERANCE
07:04:12.300,6.233,6,23.84,WITHIN_TOLERANCE
07:04:12.513,5.333,3,27.78,WITHIN_TOLERANCE
07:04:12.724,5.319,10,29.83,WITHIN_TOLERANCE
07:04:12.944,12.920,2,21.07,WITHIN_TOLERANCE
07:04:13.050,6.498,6,24.11,WITHIN_TOLERANCE
07:04:13.157,6.585,2,23.81,WITHIN_TOLERANCE
07:04:13.484,12.846,10,24.84,WITHIN_TOLERANCE
07:04:13.598,13.396,6,28.93,WITHIN_TOLERANCE
07:04:13.717,15.851,10,20.53,WITHIN_TOLERANCE
07:04:13.823,5.648,2,19.4,WITHIN_TOLERANCE
07:04:14.035,5.834,8,26.37,WITHIN_TOLERANCE
07:04:14.141,5.676,2,21.64,WITHIN_TOLERANCE
07:04:14.247,5.722,7,16.69,WITHIN_TOLERANCE
07:04:14.353,6.131,3,24.61,WITHIN_TOLERANCE
07:04:14.565,5.649,12,28.99,WITHIN_TOLERANCE
07:04:14.883,5.511,4,20.18,WITHIN_TOLERANCE
07:04:14.988,5.646,11,25.53,WITHIN_TOLERANCE
07:04:15.096,7.213,3,27.47,WITHIN_TOLERANCE
07:04:15.310,7.034,8,27.36,WITHIN_TOLERANCE
07:04:15.416,6.011,2,25.44,WITHIN_TOLERANCE
07:04:15.522,5.707,6,25.02,WITHIN_TOLERANCE
07:04:15.733,5.208,11,25.14,WITHIN_TOLERANCE
07:04:16.273,8.929,2,23.52,WITHIN_TOLERANCE
07:04:16.390,16.679,9,23.84,WITHIN_TOLERANCE
07:04:16.834,5.207,5,21.71,WITHIN_TOLERANCE
07:04:17.179,9.707,9,23.04,WITHIN_TOLERANCE
07:04:17.287,8.204,3,20.26,WITHIN_TOLERANCE
07:04:17.394,6.493,12,25.06,WITHIN_TOLERANCE
07:04:17.500,6.080,5,18.48,WITHIN_TOLERANCE
07:04:17.712,5.745,10,20.09,WITHIN_TOLERANCE
07:04:17.924,5.861,9,30.11,WITHIN_TOLERANCE
07:04:18.246,6.278,5,24.05,WITHIN_TOLERANCE
07:04:18.351,5.630,9,26.03,WITHIN_TOLERANCE
07:04:18.457,5.574,3,22.98,WITHIN_TOLERANCE
07:04:18.668,5.252,12,21.72,WITHIN_TOLERANCE
07:04:18.881,5.752,7,21.87,WITHIN_TOLERANCE
07:04:19.092,5.682,4,21.61,WITHIN_TOLERANCE
07:04:19.409,5.917,10,30.6,WITHIN_TOLERANCE
07:04:19.622,5.675,2,14.86,WITHIN_TOLERANCE
07:04:19.728,6.050,9,24.92,WITHIN_TOLERANCE
07:04:19.948,13.953,6,33.0,WITHIN_TOLERANCE
07:04:20.054,5.756,3,34.68,WITHIN_TOLERANCE
07:04:20.161,6.868,10,34.85,WITHIN_TOLERANCE
07:04:20.268,6.538,5,20.9,WITHIN_TOLERANCE
07:04:20.484,9.951,11,24.33,WITHIN_TOLERANCE
07:04:20.590,6.076,5,28.64,WITHIN_TOLERANCE
07:04:21.122,5.778,10,29.24,WITHIN_TOLERANCE
07:04:21.548,5.814,5,27.47,WITHIN_TOLERANCE
07:04:21.761,6.340,2,24.39,WITHIN_TOLERANCE
07:04:21.868,6.548,11,35.56,WITHIN_TOLERANCE
07:04:22.303,5.935,2,26.84,WITHIN_TOLERANCE
07:04:22.516,5.935,9,26.89,WITHIN_TOLERANCE
07:04:23.156,6.842,4,22.11,WITHIN_TOLERANCE
07:04:23.263,6.701,7,30.54,WITHIN_TOLERANCE
07:04:23.589,9.162,3,28.51,WITHIN_TOLERANCE
07:04:23.832,15.002,11,26.04,WITHIN_TOLERANCE
07:04:23.976,29.159,3,24.1,WITHIN_TOLERANCE
07:04:24.097,20.694,9,23.57,WITHIN_TOLERANCE
07:04:24.218,21.193,5,15.91,WITHIN_TOLERANCE
07:04:24.324,5.677,9,24.36,WITHIN_TOLERANCE
07:04:24.714,35.196,3,22.59,WITHIN_TOLERANCE
07:04:25.030,5.372,8,29.86,WITHIN_TOLERANCE
07:04:25.249,6.374,5,20.82,WITHIN_TOLERANCE
07:04:25.355,5.835,10,20.83,WITHIN_TOLERANCE
07:04:25.781,7.587,6,24.3,WITHIN_TOLERANCE
07:04:25.887,5.685,3,32.73,WITHIN_TOLERANCE
07:04:25.993,5.976,7,27.56,WITHIN_TOLERANCE
07:04:26.204,5.789,4,23.86,WITHIN_TOLERANCE
07:04:26.310,5.893,9,27.85,WITHIN_TOLERANCE
07:04:26.522,5.978,3,20.75,WITHIN_TOLERANCE
07:04:26.734,5.506,9,18.8,WITHIN_TOLERANCE
07:04:26.840,5.475,6,20.75,WITHIN_TOLERANCE
07:04:27.157,5.735,12,29.08,WITHIN_TOLERANCE
07:04:27.263,5.645,4,28.83,WITHIN_TOLERANCE
07:04:27.474,5.542,9,20.93,WITHIN_TOLERANCE
07:04:28.113,7.312,4,27.84,WITHIN_TOLERANCE
07:04:28.220,6.430,7,20.66,WITHIN_TOLERANCE
07:04:28.326,5.800,4,16.17,WITHIN_TOLERANCE
07:04:28.432,5.815,11,26.13,WITHIN_TOLERANCE
07:04:28.537,5.651,5,24.13,WITHIN_TOLERANCE
07:04:28.749,5.711,11,19.24,WITHIN_TOLERANCE
07:04:29.109,16.971,7,28.29,WITHIN_TOLERANCE
07:04:29.321,5.651,11,21.96,WITHIN_TOLERANCE
07:04:29.426,5.605,7,26.5,WITHIN_TOLERANCE
07:04:29.535,8.950,3,22.61,WITHIN_TOLERANCE
07:04:29.641,5.769,11,23.11,WITHIN_TOLERANCE
07:04:29.747,5.547,7,21.45,WITHIN_TOLERANCE
07:04:29.853,5.719,2,15.96,WITHIN_TOLERANCE
07:04:29.965,12.470,8,20.02,WITHIN_TOLERANCE
07:04:30.388,5.556,11,23.01,WITHIN_TOLERANCE
07:04:30.600,5.278,2,24.78,WITHIN_TOLERANCE
07:04:30.706,5.759,10,28.88,WITHIN_TOLERANCE
07:04:30.812,5.728,2,22.55,WITHIN_TOLERANCE
07:04:30.919,7.241,12,28.6,WITHIN_TOLERANCE
07:04:31.025,5.861,9,19.32,WITHIN_TOLERANCE
07:04:31.130,5.303,12,24.05,WITHIN_TOLERANCE
07:04:31.236,5.710,6,23.83,WITHIN_TOLERANCE
07:04:31.342,5.563,3,25.52,WITHIN_TOLERANCE
07:04:31.765,5.613,12,27.83,WITHIN_TOLERANCE
07:04:31.871,5.706,3,23.8,WITHIN_TOLERANCE
07:04:32.083,5.745,6,33.53,WITHIN_TOLERANCE
07:04:32.406,11.365,6,23.98,WITHIN_TOLERANCE
07:04:33.149,7.083,12,21.47,WITHIN_TOLERANCE
07:04:33.259,5.626,6,23.87,WITHIN_TOLERANCE
07:04:33.365,5.674,12,21.46,WITHIN_TOLERANCE
07:04:33.471,5.648,4,28.66,WITHIN_TOLERANCE
07:04:33.682,5.071,10,24.11,WITHIN_TOLERANCE
07:04:33.999,5.757,6,34.39,WITHIN_TOLERANCE
07:04:34.529,5.722,12,29.61,WITHIN_TOLERANCE
07:04:34.635,5.967,8,17.56,WITHIN_TOLERANCE
07:04:34.742,6.754,3,32.32,WITHIN_TOLERANCE
07:04:34.956,5.853,8,28.75,WITHIN_TOLERANCE
07:04:35.062,5.748,5,21.14,WITHIN_TOLERANCE
07:04:35.273,5.157,11,21.19,WITHIN_TOLERANCE
07:04:35.379,5.735,8,31.19,WITHIN_TOLERANCE
07:04:35.592,6.723,2,31.55,WITHIN_TOLERANCE
07:04:35.697,5.452,9,23.82,WITHIN_TOLERANCE
07:04:35.805,7.374,5,23.49,WITHIN_TOLERANCE
07:04:36.016,5.593,10,30.78,WITHIN_TOLERANCE
07:04:36.228,5.709,3,26.97,WITHIN_TOLERANCE
07:04:36.440,5.933,7,23.81,WITHIN_TOLERANCE
07:04:36.652,5.790,6,27.08,WITHIN_TOLERANCE
07:04:36.863,5.472,2,30.87,WITHIN_TOLERANCE
07:04:36.968,5.392,6,25.5,WITHIN_TOLERANCE
07:04:37.180,5.370,12,67.7,WITHIN_TOLERANCE
07:04:37.406,6.070,4,22.71,WITHIN_TOLERANCE
07:04:37.511,5.576,10,24.69,WITHIN_TOLERANCE
07:04:37.725,7.544,7,28.53,WITHIN_TOLERANCE
07:04:37.831,5.642,4,20.55,WITHIN_TOLERANCE
07:04:37.939,8.175,12,27.52,WITHIN_TOLERANCE
07:04:38.151,5.528,4,30.19,WITHIN_TOLERANCE
07:04:38.257,5.929,12,19.67,WITHIN_TOLERANCE
07:04:38.574,5.532,2,15.33,WITHIN_TOLERANCE
07:04:38.680,5.775,10,28.71,WITHIN_TOLERANCE
07:04:39.105,5.568,4,32.03,WITHIN_TOLERANCE
07:04:39.317,5.457,9,17.04,WITHIN_TOLERANCE
07:04:39.529,5.676,11,29.34,WITHIN_TOLERANCE
07:04:39.741,5.454,4,23.75,WITHIN_TOLERANCE
07:04:39.952,5.577,6,24.81,WITHIN_TOLERANCE
07:04:40.058,5.742,3,28.74,WITHIN_TOLERANCE
07:04:40.270,5.642,9,20.57,WITHIN_TOLERANCE
07:04:40.376,5.697,3,23.35,WITHIN_TOLERANCE
07:04:40.483,6.914,10,34.57,WITHIN_TOLERANCE
07:04:40.694,5.547,2,29.82,WITHIN_TOLERANCE
07:04:40.905,5.139,6,22.13,WITHIN_TOLERANCE
07:04:41.012,6.240,11,26.5,WITHIN_TOLERANCE
07:04:41.118,5.613,5,21.16,WITHIN_TOLERANCE
07:04:41.331,7.604,10,28.53,WITHIN_TOLERANCE
07:04:41.443,10.789,6,26.39,WITHIN_TOLERANCE
07:04:41.657,4.893,8,15.89,WITHIN_TOLERANCE
07:04:41.763,6.085,3,26.04,WITHIN_TOLERANCE
07:04:41.869,5.374,6,21.29,WITHIN_TOLERANCE
07:04:41.974,5.404,10,28.43,WITHIN_TOLERANCE
07:04:42.187,7.236,8,11.83,WITHIN_TOLERANCE
07:04:42.293,5.501,2,26.92,WITHIN_TOLERANCE
07:04:42.399,5.782,7,27.45,WITHIN_TOLERANCE
07:04:42.610,5.622,5,21.71,WITHIN_TOLERANCE
07:04:43.034,5.797,3,25.13,WITHIN_TOLERANCE
07:04:43.140,5.636,7,18.81,WITHIN_TOLERANCE
07:04:43.245,5.316,2,21.35,WITHIN_TOLERANCE
07:04:43.351,5.606,12,20.77,WITHIN_TOLERANCE
07:04:43.456,4.934,7,28.12,WITHIN_TOLERANCE
07:04:43.562,5.781,2,32.47,WITHIN_TOLERANCE
07:04:43.668,5.372,12,19.95,WITHIN_TOLERANCE
07:04:43.774,5.728,2,21.04,WITHIN_TOLERANCE
07:04:43.883,9.300,5,23.2,WITHIN_TOLERANCE
07:04:43.989,5.388,11,28.62,WITHIN_TOLERANCE
07:04:44.095,5.813,6,28.1,WITHIN_TOLERANCE
07:04:44.201,5.882,3,27.42,WITHIN_TOLERANCE
07:04:44.308,7.113,12,27.2,WITHIN_TOLERANCE
07:04:44.414,5.458,6,26.35,WITHIN_TOLERANCE
07:04:44.730,5.297,6,22.24,WITHIN_TOLERANCE
07:04:45.471,5.762,6,22.77,WITHIN_TOLERANCE
07:04:45.696,5.006,12,34.48,WITHIN_TOLERANCE
07:04:45.801,5.114,7,20.07,WITHIN_TOLERANCE
07:04:45.907,5.344,3,22.44,WITHIN_TOLERANCE
07:04:46.014,6.880,7,29.72,WITHIN_TOLERANCE
07:04:46.336,6.031,6,21.52,WITHIN_TOLERANCE
07:04:46.456,5.520,11,29.57,WITHIN_TOLERANCE
07:04:46.667,5.816,9,21.93,WITHIN_TOLERANCE
07:04:46.773,5.725,3,30.96,WITHIN_TOLERANCE
07:04:46.880,6.542,7,26.97,WITHIN_TOLERANCE
07:04:46.988,5.716,2,20.32,WITHIN_TOLERANCE
07:04:47.094,5.360,7,25.72,WITHIN_TOLERANCE
07:04:47.199,5.534,4,19.33,WITHIN_TOLERANCE
07:04:47.410,5.534,10,28.33,WITHIN_TOLERANCE
07:04:47.742,5.691,2,29.1,WITHIN_TOLERANCE
07:04:48.059,5.661,10,30.23,WITHIN_TOLERANCE
07:04:48.165,5.558,7,27.38,WITHIN_TOLERANCE
07:04:48.482,5.496,4,28.67,WITHIN_TOLERANCE
07:04:48.694,5.664,12,23.37,WITHIN_TOLERANCE
07:04:48.800,5.589,4,32.34,WITHIN_TOLERANCE
07:04:48.914,13.490,11,26.2,WITHIN_TOLERANCE
07:04:49.019,5.719,5,24.3,WITHIN_TOLERANCE
07:04:49.231,5.816,8,28.46,WITHIN_TOLERANCE
07:04:49.337,5.721,3,21.53,WITHIN_TOLERANCE
07:04:49.443,5.287,10,24.87,WITHIN_TOLERANCE
07:04:49.548,5.394,5,21.07,WITHIN_TOLERANCE
07:04:49.654,5.783,10,19.1,WITHIN_TOLERANCE
07:04:49.866,5.695,6,36.76,WITHIN_TOLERANCE
07:04:50.184,5.852,12,27.42,WITHIN_TOLERANCE
07:04:50.290,5.718,3,28.65,WITHIN_TOLERANCE
07:04:50.396,5.791,6,22.72,WITHIN_TOLERANCE
07:04:50.609,7.017,2,25.66,WITHIN_TOLERANCE
07:04:50.821,5.332,9,25.02,WITHIN_TOLERANCE
07:04:51.142,5.583,4,35.86,WITHIN_TOLERANCE
07:04:51.353,5.611,8,23.53,WITHIN_TOLERANCE
07:04:51.464,10.217,5,19.66,WITHIN_TOLERANCE
07:04:51.797,16.709,12,23.99,WITHIN_TOLERANCE
07:04:51.915,15.937,9,32.68,WITHIN_TOLERANCE
07:04:52.021,5.686,12,27.03,WITHIN_TOLERANCE
07:04:52.126,5.723,3,30.13,WITHIN_TOLERANCE
07:04:52.232,5.701,6,29.88,WITHIN_TOLERANCE
07:04:52.448,9.712,8,24.62,WITHIN_TOLERANCE
07:04:52.767,5.762,6,31.59,WITHIN_TOLERANCE
07:04:52.873,5.723,10,26.63,WITHIN_TOLERANCE
07:04:53.084,5.195,12,32.82,WITHIN_TOLERANCE
07:04:53.401,5.608,6,22.04,WITHIN_TOLERANCE
07:04:53.507,5.796,11,29.09,WITHIN_TOLERANCE
07:04:53.613,5.563,8,21.97,WITHIN_TOLERANCE
07:04:53.960,26.555,2,23.12,WITHIN_TOLERANCE
07:04:54.066,5.715,8,20.52,WITHIN_TOLERANCE
07:04:54.172,5.950,3,23.41,WITHIN_TOLERANCE
07:04:54.278,5.803,10,27.84,WITHIN_TOLERANCE
07:04:54.388,8.629,3,32.05,WITHIN_TOLERANCE
07:04:54.607,9.159,8,21.12,WITHIN_TOLERANCE
07:04:54.820,7.323,3,30.67,WITHIN_TOLERANCE
07:04:54.926,5.754,7,20.23,WITHIN_TOLERANCE
07:04:55.139,5.689,4,23.68,WITHIN_TOLERANCE
07:04:55.244,5.141,7,30.87,WITHIN_TOLERANCE
07:04:55.350,5.517,3,26.53,WITHIN_TOLERANCE
07:04:55.456,5.700,11,31.38,WITHIN_TOLERANCE
07:04:55.563,5.263,7,19.94,WITHIN_TOLERANCE
07:04:55.775,5.549,8,18.58,WITHIN_TOLERANCE
07:04:55.883,8.527,12,25.49,WITHIN_TOLERANCE
07:04:56.094,5.502,8,23.64,WITHIN_TOLERANCE
07:04:56.200,5.681,2,23.31,WITHIN_TOLERANCE
07:04:56.306,5.727,10,23.16,WITHIN_TOLERANCE
07:04:56.623,5.548,8,24.99,WITHIN_TOLERANCE
07:04:56.729,5.787,11,25.15,WITHIN_TOLERANCE
07:04:56.836,7.290,6,28.62,WITHIN_TOLERANCE
07:04:57.160,5.917,12,23.91,WITHIN_TOLERANCE
07:04:57.266,5.545,6,29.44,WITHIN_TOLERANCE
07:04:57.383,15.777,11,21.41,WITHIN_TOLERANCE
07:04:57.489,5.376,5,22.21,WITHIN_TOLERANCE
07:04:57.596,7.570,11,28.27,WITHIN_TOLERANCE
07:04:57.702,5.075,5,20.48,WITHIN_TOLERANCE
07:04:57.913,5.678,9,24.67,WITHIN_TOLERANCE
07:04:58.124,5.836,12,30.88,WITHIN_TOLERANCE
07:04:58.230,5.963,3,26.34,WITHIN_TOLERANCE
07:04:58.336,5.758,7,31.78,WITHIN_TOLERANCE
07:04:58.442,5.719,2,26.54,WITHIN_TOLERANCE
07:04:58.548,5.636,8,23.03,WITHIN_TOLERANCE
07:04:58.654,5.833,5,21.01,WITHIN_TOLERANCE
07:04:58.866,5.771,11,19.87,WITHIN_TOLERANCE
07:04:58.972,5.694,4,26.03,WITHIN_TOLERANCE
07:04:59.089,17.214,11,31.25,WITHIN_TOLERANCE
07:04:59.301,5.725,7,25.16,WITHIN_TOLERANCE
07:04:59.406,5.633,10,24.02,WITHIN_TOLERANCE
07:04:59.829,5.710,11,14.02,WITHIN_TOLERANCE
07:04:59.935,5.802,8,22.2,WITHIN_TOLERANCE
07:05:00.050,14.201,2,25.45,WITHIN_TOLERANCE
07:05:00.368,5.833,10,16.99,WITHIN_TOLERANCE
07:05:00.587,12.651,2,20.27,WITHIN_TOLERANCE
07:05:00.693,6.223,11,25.88,WITHIN_TOLERANCE
07:05:00.800,6.169,6,18.19,WITHIN_TOLERANCE
07:05:01.227,5.668,7,28.85,WITHIN_TOLERANCE
07:05:01.333,5.716,10,26.13,WITHIN_TOLERANCE
07:05:01.440,7.380,7,20.93,WITHIN_TOLERANCE
07:05:01.546,5.265,2,30.2,WITHIN_TOLERANCE
07:05:01.652,5.811,5,14.13,WITHIN_TOLERANCE
07:05:01.757,5.515,2,17.73,WITHIN_TOLERANCE
07:05:01.863,5.961,6,22.21,WITHIN_TOLERANCE
07:05:02.403,10.479,9,26.42,WITHIN_TOLERANCE
07:05:02.615,5.874,3,27.31,WITHIN_TOLERANCE
07:05:02.721,6.192,11,30.85,WITHIN_TOLERANCE
07:05:02.832,10.639,4,25.33,WITHIN_TOLERANCE
07:05:02.940,5.721,8,28.69,WITHIN_TOLERANCE
07:05:03.154,6.042,2,29.84,WITHIN_TOLERANCE
07:05:03.261,6.380,11,28.9,WITHIN_TOLERANCE
07:05:03.367,6.392,2,23.83,WITHIN_TOLERANCE
07:05:03.474,5.879,5,24.1,WITHIN_TOLERANCE
07:05:03.580,6.170,2,28.99,WITHIN_TOLERANCE
07:05:03.686,5.889,7,20.6,WITHIN_TOLERANCE
07:05:04.216,5.124,5,30.77,WITHIN_TOLERANCE
07:05:04.429,6.303,12,23.53,WITHIN_TOLERANCE
07:05:04.641,5.321,4,26.49,WITHIN_TOLERANCE
07:05:04.749,7.315,10,23.25,WITHIN_TOLERANCE
07:05:04.854,5.466,2,21.06,WITHIN_TOLERANCE
07:05:04.960,5.713,5,26.23,WITHIN_TOLERANCE
07:05:05.174,7.757,11,21.89,WITHIN_TOLERANCE
07:05:05.281,6.196,7,19.51,WITHIN_TOLERANCE
07:05:05.604,8.260,2,17.31,WITHIN_TOLERANCE
07:05:05.817,6.125,8,25.64,WITHIN_TOLERANCE
07:05:06.135,5.963,4,16.65,WITHIN_TOLERANCE
07:05:06.241,5.899,9,26.3,WITHIN_TOLERANCE
07:05:06.347,5.969,5,23.86,WITHIN_TOLERANCE
07:05:06.562,8.167,12,22.53,WITHIN_TOLERANCE
07:05:06.669,6.906,6,24.72,WITHIN_TOLERANCE
07:05:06.775,6.121,12,23.04,WITHIN_TOLERANCE
07:05:06.881,6.034,8,25.93,WITHIN_TOLERANCE
07:05:07.094,6.404,6,24.94,WITHIN_TOLERANCE
07:05:07.307,5.780,9,31.64,WITHIN_TOLERANCE
07:05:07.519,6.118,3,30.86,WITHIN_TOLERANCE
07:05:07.625,5.924,12,29.17,WITHIN_TOLERANCE
07:05:07.731,5.215,4,25.03,WITHIN_TOLERANCE
07:05:08.154,5.850,10,20.57,WITHIN_TOLERANCE
07:05:08.261,6.073,2,26.8,WITHIN_TOLERANCE
07:05:08.366,5.523,6,25.29,WITHIN_TOLERANCE
07:05:08.473,6.221,9,16.26,WITHIN_TOLERANCE
07:05:08.579,6.082,3,23.47,WITHIN_TOLERANCE
07:05:08.897,5.757,11,12.81,WITHIN_TOLERANCE
07:05:09.109,5.790,6,23.2,WITHIN_TOLERANCE
07:05:09.428,3.947,10,26.14,WITHIN_TOLERANCE
07:05:09.666,34.049,6,24.17,WITHIN_TOLERANCE
07:05:09.772,5.634,11,24.52,WITHIN_TOLERANCE
07:05:09.881,8.445,3,29.0,WITHIN_TOLERANCE
07:05:09.986,5.265,10,24.86,WITHIN_TOLERANCE
07:05:10.198,5.950,11,23.59,WITHIN_TOLERANCE
07:05:10.304,5.376,7,17.69,WITHIN_TOLERANCE
07:05:10.542,8.271,12,20.56,WITHIN_TOLERANCE
07:05:10.648,5.776,9,21.88,WITHIN_TOLERANCE
07:05:10.754,5.845,5,24.49,WITHIN_TOLERANCE
07:05:11.072,5.783,2,24.96,WITHIN_TOLERANCE
07:05:11.178,5.806,7,31.2,WITHIN_TOLERANCE
07:05:11.284,5.784,12,29.63,WITHIN_TOLERANCE
07:05:11.390,5.280,4,25.64,WITHIN_TOLERANCE
07:05:11.496,5.727,12,31.11,WITHIN_TOLERANCE
07:05:11.603,7.476,2,22.72,WITHIN_TOLERANCE
07:05:11.709,5.351,6,30.97,WITHIN_TOLERANCE
07:05:11.815,5.714,10,30.28,WITHIN_TOLERANCE
07:05:12.026,5.135,11,25.35,WITHIN_TOLERANCE
07:05:12.345,6.013,4,31.06,WITHIN_TOLERANCE
07:05:12.456,10.879,9,21.23,WITHIN_TOLERANCE
07:05:12.562,5.886,6,33.86,WITHIN_TOLERANCE
07:05:12.667,5.442,2,18.74,WITHIN_TOLERANCE
07:05:12.774,6.574,10,21.12,WITHIN_TOLERANCE
07:05:12.880,6.306,2,27.84,WITHIN_TOLERANCE
07:05:13.094,7.205,10,27.64,WITHIN_TOLERANCE
07:05:13.306,5.908,5,21.11,WITHIN_TOLERANCE
07:05:13.412,6.178,12,19.82,WITHIN_TOLERANCE
07:05:13.518,5.906,4,26.83,WITHIN_TOLERANCE
07:05:13.842,6.769,12,24.71,WITHIN_TOLERANCE
07:05:14.061,5.865,6,20.85,WITHIN_TOLERANCE
07:05:14.167,5.894,3,23.16,WITHIN_TOLERANCE
07:05:14.274,6.876,10,29.04,WITHIN_TOLERANCE
07:05:14.384,7.830,4,27.62,WITHIN_TOLERANCE
07:05:14.599,6.769,8,26.87,WITHIN_TOLERANCE
07:05:14.705,6.361,2,38.39,WITHIN_TOLERANCE
07:05:15.025,5.476,11,27.48,WITHIN_TOLERANCE
07:05:15.238,6.072,5,27.74,WITHIN_TOLERANCE
07:05:15.344,6.110,9,24.45,WITHIN_TOLERANCE
07:05:15.450,5.447,4,28.84,WITHIN_TOLERANCE
07:05:15.556,5.879,11,25.45,WITHIN_TOLERANCE
07:05:15.662,5.776,4,22.41,WITHIN_TOLERANCE
07:05:15.767,5.103,12,29.65,WITHIN_TOLERANCE
07:05:15.872,5.471,9,15.74,WITHIN_TOLERANCE
07:05:16.084,4.900,6,25.51,WITHIN_TOLERANCE
07:05:16.190,5.961,11,30.48,WITHIN_TOLERANCE
07:05:16.296,5.858,3,19.42,WITHIN_TOLERANCE
07:05:16.512,10.244,8,19.14,WITHIN_TOLERANCE
07:05:16.724,5.315,2,26.41,WITHIN_TOLERANCE
07:05:16.830,5.743,6,25.09,WITHIN_TOLERANCE
07:05:16.936,5.838,2,21.28,WITHIN_TOLERANCE
07:05:17.048,12.113,9,18.31,WITHIN_TOLERANCE
07:05:17.365,5.497,2,29.18,WITHIN_TOLERANCE
07:05:17.471,5.584,10,24.42,WITHIN_TOLERANCE
07:05:17.577,5.473,3,18.48,WITHIN_TOLERANCE
07:05:17.683,5.500,6,22.17,WITHIN_TOLERANCE
07:05:18.003,5.908,7,14.51,WITHIN_TOLERANCE
07:05:18.109,5.824,10,22.66,WITHIN_TOLERANCE
07:05:18.217,7.144,5,21.97,WITHIN_TOLERANCE
07:05:18.428,5.577,3,25.74,WITHIN_TOLERANCE
07:05:18.536,7.466,9,28.62,WITHIN_TOLERANCE
07:05:18.858,6.028,3,19.79,WITHIN_TOLERANCE
07:05:19.187,5.956,12,24.58,WITHIN_TOLERANCE
07:05:19.294,6.566,6,39.06,WITHIN_TOLERANCE
07:05:19.402,7.786,9,21.98,WITHIN_TOLERANCE
07:05:20.040,6.235,2,21.3,WITHIN_TOLERANCE
07:05:20.146,6.409,11,31.28,WITHIN_TOLERANCE
07:05:20.465,6.027,8,32.11,WITHIN_TOLERANCE
07:05:20.677,6.144,4,33.67,WITHIN_TOLERANCE
07:05:21.530,6.087,11,30.12,WITHIN_TOLERANCE
07:05:21.743,6.153,8,27.37,WITHIN_TOLERANCE
07:05:21.849,6.048,5,16.92,WITHIN_TOLERANCE
07:05:21.955,5.954,12,24.03,WITHIN_TOLERANCE
07:05:22.061,5.741,9,26.11,WITHIN_TOLERANCE
07:05:22.167,5.559,4,27.76,WITHIN_TOLERANCE
07:05:22.275,8.241,9,25.31,WITHIN_TOLERANCE
07:05:22.383,7.586,3,20.69,WITHIN_TOLERANCE
07:05:22.490,6.298,12,26.67,WITHIN_TOLERANCE
07:05:22.595,5.396,3,32.74,WITHIN_TOLERANCE
07:05:23.020,5.859,11,26.86,WITHIN_TOLERANCE
07:05:23.127,6.141,2,37.97,WITHIN_TOLERANCE
07:05:23.233,5.799,12,24.81,WITHIN_TOLERANCE
07:05:23.445,6.049,5,19.92,WITHIN_TOLERANCE
07:05:23.658,6.416,3,16.96,WITHIN_TOLERANCE
07:05:24.191,6.091,6,13.21,WITHIN_TOLERANCE
07:05:24.404,6.354,2,23.36,WITHIN_TOLERANCE
07:05:24.512,7.436,7,27.64,WITHIN_TOLERANCE
07:05:24.728,10.735,5,25.69,WITHIN_TOLERANCE
07:05:25.269,6.309,9,30.32,WITHIN_TOLERANCE
07:05:25.374,5.782,4,29.6,WITHIN_TOLERANCE
07:05:25.480,5.365,7,15.16,WITHIN_TOLERANCE
07:05:26.014,5.847,4,23.67,WITHIN_TOLERANCE
07:05:26.230,9.381,6,22.73,WITHIN_TOLERANCE
07:05:26.549,8.443,12,26.53,WITHIN_TOLERANCE
07:05:26.656,7.032,8,25.96,WITHIN_TOLERANCE
07:05:26.762,5.882,2,29.68,WITHIN_TOLERANCE
07:05:26.869,5.956,7,26.47,WITHIN_TOLERANCE
07:05:27.188,5.843,12,24.95,WITHIN_TOLERANCE
07:05:27.294,5.815,5,25.42,WITHIN_TOLERANCE
07:05:27.717,5.753,9,26.67,WITHIN_TOLERANCE
07:05:27.823,5.840,6,20.12,WITHIN_TOLERANCE
07:05:27.929,5.396,2,19.41,WITHIN_TOLERANCE
07:05:28.035,5.526,10,26.49,WITHIN_TOLERANCE
07:05:28.246,5.470,6,29.14,WITHIN_TOLERANCE
07:05:28.352,5.973,3,24.58,WITHIN_TOLERANCE
07:05:28.670,6.005,10,24.33,WITHIN_TOLERANCE
07:05:28.776,6.016,4,16.61,WITHIN_TOLERANCE
07:05:28.988,5.783,11,23.28,WITHIN_TOLERANCE
07:05:29.094,5.762,8,23.68,WITHIN_TOLERANCE
07:05:29.306,5.940,9,22.84,WITHIN_TOLERANCE
07:05:29.412,6.015,2,29.32,WITHIN_TOLERANCE
07:05:29.517,5.318,6,29.58,WITHIN_TOLERANCE
07:05:29.729,5.521,11,29.51,WITHIN_TOLERANCE
07:05:30.047,5.706,2,17.5,WITHIN_TOLERANCE
07:05:30.153,5.940,8,30.05,WITHIN_TOLERANCE
07:05:30.365,5.660,10,37.68,WITHIN_TOLERANCE
07:05:30.471,5.841,7,24.1,WITHIN_TOLERANCE
07:05:30.683,5.377,9,29.78,WITHIN_TOLERANCE
07:05:31.113,12.235,6,24.48,WITHIN_TOLERANCE
07:05:31.218,5.734,9,26.58,WITHIN_TOLERANCE
07:05:31.324,5.773,5,31.07,WITHIN_TOLERANCE
07:05:31.537,5.623,12,27.67,WITHIN_TOLERANCE
07:05:31.644,5.985,8,26.0,WITHIN_TOLERANCE
07:05:31.749,5.566,11,23.11,WITHIN_TOLERANCE
07:05:31.961,5.903,5,15.21,WITHIN_TOLERANCE
07:05:32.173,6.014,12,23.53,WITHIN_TOLERANCE
07:05:32.279,5.955,2,19.9,WITHIN_TOLERANCE
07:05:32.387,7.590,8,29.39,WITHIN_TOLERANCE
07:05:32.493,5.580,4,21.28,WITHIN_TOLERANCE
07:05:32.709,7.781,9,31.36,WITHIN_TOLERANCE
07:05:33.027,5.788,3,31.48,WITHIN_TOLERANCE
07:05:33.132,5.707,10,30.0,WITHIN_TOLERANCE
07:05:33.344,5.733,3,29.44,WITHIN_TOLERANCE
07:05:33.450,5.830,9,29.56,WITHIN_TOLERANCE
07:05:33.663,6.217,4,23.85,WITHIN_TOLERANCE
07:05:34.089,5.605,12,20.44,WITHIN_TOLERANCE
07:05:34.195,5.873,9,25.66,WITHIN_TOLERANCE
07:05:34.301,5.549,6,32.44,WITHIN_TOLERANCE
07:05:34.407,5.473,11,19.5,WITHIN_TOLERANCE
07:05:34.512,5.575,8,17.65,WITHIN_TOLERANCE
07:05:34.618,5.689,4,17.69,WITHIN_TOLERANCE
07:05:34.725,6.160,10,18.18,WITHIN_TOLERANCE
07:05:34.831,5.705,2,21.47,WITHIN_TOLERANCE
07:05:34.937,5.940,12,20.68,WITHIN_TOLERANCE
07:05:35.148,5.860,3,34.25,WITHIN_TOLERANCE
07:05:35.268,18.092,7,21.71,WITHIN_TOLERANCE
07:05:35.376,6.491,11,16.41,WITHIN_TOLERANCE
07:05:35.588,6.531,5,25.22,WITHIN_TOLERANCE
07:05:35.693,5.032,10,24.71,WITHIN_TOLERANCE
07:05:35.799,5.620,6,24.18,WITHIN_TOLERANCE
07:05:35.908,8.513,12,26.54,WITHIN_TOLERANCE
07:05:36.013,4.871,9,27.21,WITHIN_TOLERANCE
07:05:36.225,5.723,7,32.57,WITHIN_TOLERANCE
07:05:36.436,5.198,2,17.33,WITHIN_TOLERANCE
07:05:36.542,6.165,8,20.89,WITHIN_TOLERANCE
07:05:36.648,5.835,2,33.34,WITHIN_TOLERANCE
07:05:36.755,5.993,5,21.64,WITHIN_TOLERANCE
07:05:36.861,5.849,10,26.83,WITHIN_TOLERANCE
07:05:36.967,5.505,4,21.94,WITHIN_TOLERANCE
07:05:37.072,5.495,7,20.74,WITHIN_TOLERANCE
07:05:37.283,5.591,12,14.99,WITHIN_TOLERANCE
07:05:37.391,6.543,7,28.39,WITHIN_TOLERANCE
07:05:37.498,7.096,4,26.71,WITHIN_TOLERANCE
07:05:37.606,8.308,12,28.54,WITHIN_TOLERANCE
07:05:37.818,5.270,9,30.35,WITHIN_TOLERANCE
07:05:38.032,7.329,10,30.92,WITHIN_TOLERANCE
07:05:38.244,5.643,2,7.28,WITHIN_TOLERANCE
07:05:38.456,5.862,11,32.97,WITHIN_TOLERANCE
07:05:38.562,5.861,5,21.86,WITHIN_TOLERANCE
07:05:38.668,5.909,8,24.1,WITHIN_TOLERANCE
07:05:38.774,5.735,4,18.96,WITHIN_TOLERANCE
07:05:39.091,5.651,8,17.25,WITHIN_TOLERANCE
07:05:39.198,6.144,4,27.87,WITHIN_TOLERANCE
07:05:39.424,15.526,9,24.56,WITHIN_TOLERANCE
07:05:39.529,5.432,3,27.33,WITHIN_TOLERANCE
07:05:39.746,4.958,8,20.6,WITHIN_TOLERANCE
07:05:39.853,6.003,2,27.7,WITHIN_TOLERANCE
07:05:40.064,5.736,12,27.64,WITHIN_TOLERANCE
07:05:40.170,5.915,2,23.08,WITHIN_TOLERANCE
07:05:40.595,7.248,11,23.13,WITHIN_TOLERANCE
07:05:40.701,5.933,6,26.87,WITHIN_TOLERANCE
07:05:41.022,5.869,8,29.47,WITHIN_TOLERANCE
07:05:41.128,6.078,11,23.58,WITHIN_TOLERANCE
07:05:41.235,7.273,7,24.77,WITHIN_TOLERANCE
07:05:41.344,8.046,12,22.02,WITHIN_TOLERANCE
07:05:41.555,5.642,6,19.3,WITHIN_TOLERANCE
07:05:41.661,5.816,12,27.25,WITHIN_TOLERANCE
07:05:41.770,8.489,4,25.83,WITHIN_TOLERANCE
07:05:42.090,5.743,10,22.42,WITHIN_TOLERANCE
07:05:42.304,7.660,7,18.9,WITHIN_TOLERANCE
07:05:42.410,5.950,11,24.72,WITHIN_TOLERANCE
07:05:42.834,5.752,2,23.87,WITHIN_TOLERANCE
07:05:42.940,5.866,7,26.26,WITHIN_TOLERANCE
07:05:43.050,8.710,11,24.15,WITHIN_TOLERANCE
07:05:43.158,7.616,4,27.67,WITHIN_TOLERANCE
07:05:43.264,6.824,11,21.18,WITHIN_TOLERANCE
07:05:43.477,5.888,5,29.39,WITHIN_TOLERANCE
07:05:44.011,5.905,12,22.27,WITHIN_TOLERANCE
07:05:44.117,5.428,8,19.26,WITHIN_TOLERANCE
07:05:44.225,5.887,3,20.6,WITHIN_TOLERANCE
07:05:44.331,5.880,9,24.76,WITHIN_TOLERANCE
07:05:44.543,5.853,2,25.07,WITHIN_TOLERANCE
07:05:44.649,5.689,8,17.63,WITHIN_TOLERANCE
07:05:44.754,5.595,11,21.16,WITHIN_TOLERANCE
07:05:44.966,5.864,2,24.53,WITHIN_TOLERANCE
07:05:45.072,5.888,10,20.08,WITHIN_TOLERANCE
07:05:45.285,6.180,5,20.49,WITHIN_TOLERANCE
07:05:45.391,6.214,11,25.47,WITHIN_TOLERANCE
07:05:45.609,9.913,2,21.26,WITHIN_TOLERANCE
07:05:45.715,5.865,12,26.85,WITHIN_TOLERANCE
07:05:45.828,12.629,3,23.59,WITHIN_TOLERANCE
07:05:45.934,6.211,7,21.67,WITHIN_TOLERANCE
07:05:46.040,5.742,10,24.06,WITHIN_TOLERANCE
07:05:46.258,10.036,2,29.33,WITHIN_TOLERANCE
07:05:46.364,5.589,6,27.13,WITHIN_TOLERANCE
07:05:46.473,8.941,10,26.09,WITHIN_TOLERANCE
07:05:46.579,5.713,5,22.1,WITHIN_TOLERANCE
07:05:47.007,5.807,10,29.48,WITHIN_TOLERANCE
07:05:47.114,6.241,2,33.64,WITHIN_TOLERANCE
07:05:47.220,5.575,11,17.73,WITHIN_TOLERANCE
07:05:47.326,5.824,6,22.22,WITHIN_TOLERANCE
07:05:47.537,5.666,10,29.94,WITHIN_TOLERANCE
07:05:47.764,19.630,6,14.74,WITHIN_TOLERANCE
07:05:48.191,5.908,2,17.85,WITHIN_TOLERANCE
07:05:48.297,5.997,5,21.51,WITHIN_TOLERANCE
07:05:48.403,5.286,12,23.99,WITHIN_TOLERANCE
07:05:48.508,5.467,4,26.38,WITHIN_TOLERANCE
07:05:48.614,5.605,10,17.78,WITHIN_TOLERANCE
07:05:48.827,6.382,8,28.06,WITHIN_TOLERANCE
07:05:49.040,6.721,4,25.99,WITHIN_TOLERANCE
07:05:49.146,5.910,10,14.69,WITHIN_TOLERANCE
07:05:49.357,5.691,3,20.43,WITHIN_TOLERANCE
07:05:49.676,5.646,9,28.04,WITHIN_TOLERANCE
07:05:49.781,5.736,4,32.3,WITHIN_TOLERANCE
07:05:49.887,5.280,8,13.67,WITHIN_TOLERANCE
07:05:50.098,5.414,4,17.94,WITHIN_TOLERANCE
07:05:50.310,5.733,12,15.95,WITHIN_TOLERANCE
07:05:50.416,5.736,9,22.73,WITHIN_TOLERANCE
07:05:50.522,5.912,12,25.17,WITHIN_TOLERANCE
07:05:50.628,5.424,3,30.11,WITHIN_TOLERANCE
07:05:50.735,6.989,7,28.02,WITHIN_TOLERANCE
07:05:50.947,5.878,5,26.92,WITHIN_TOLERANCE
07:05:51.160,5.902,11,29.66,WITHIN_TOLERANCE
07:05:51.266,5.904,8,28.82,WITHIN_TOLERANCE
07:05:51.372,5.944,12,29.89,WITHIN_TOLERANCE
07:05:51.584,5.768,2,10.79,WITHIN_TOLERANCE
07:05:51.690,5.914,12,23.81,WITHIN_TOLERANCE
07:05:51.796,5.295,7,27.71,WITHIN_TOLERANCE
07:05:51.908,11.904,10,26.59,WITHIN_TOLERANCE
07:05:52.013,5.452,7,26.32,WITHIN_TOLERANCE
07:05:52.225,5.795,9,15.41,WITHIN_TOLERANCE
07:05:52.331,5.815,4,22.46,WITHIN_TOLERANCE
07:05:52.756,6.136,9,29.09,WITHIN_TOLERANCE
07:05:52.862,5.820,12,22.7,WITHIN_TOLERANCE
07:05:52.968,5.959,8,25.31,WITHIN_TOLERANCE
07:05:53.074,5.800,4,20.93,WITHIN_TOLERANCE
07:05:53.285,5.290,10,30.14,WITHIN_TOLERANCE
07:05:53.391,5.899,3,32.48,WITHIN_TOLERANCE
07:05:53.497,5.771,9,20.74,WITHIN_TOLERANCE
07:05:53.815,5.845,3,21.0,WITHIN_TOLERANCE
07:05:53.922,6.716,10,26.84,WITHIN_TOLERANCE
07:05:54.033,7.546,7,25.99,WITHIN_TOLERANCE
07:05:54.245,5.796,3,16.1,WITHIN_TOLERANCE
07:05:54.351,5.821,9,20.29,WITHIN_TOLERANCE
07:05:54.669,5.967,11,23.28,WITHIN_TOLERANCE
07:05:54.775,5.856,8,31.06,WITHIN_TOLERANCE
07:05:55.094,5.855,12,33.2,WITHIN_TOLERANCE
07:05:55.307,6.148,2,18.0,WITHIN_TOLERANCE
07:05:55.413,5.778,12,20.49,WITHIN_TOLERANCE
07:05:55.519,5.688,7,26.29,WITHIN_TOLERANCE
07:05:55.625,6.132,11,32.82,WITHIN_TOLERANCE
07:05:56.056,8.260,3,28.27,WITHIN_TOLERANCE
07:05:56.268,5.749,6,24.49,WITHIN_TOLERANCE
07:05:56.599,18.387,3,27.33,WITHIN_TOLERANCE
07:05:56.811,5.918,9,19.43,WITHIN_TOLERANCE
07:05:57.023,5.708,11,20.66,WITHIN_TOLERANCE
07:05:57.238,8.466,4,20.44,WITHIN_TOLERANCE
07:05:57.450,6.125,11,30.37,WITHIN_TOLERANCE
07:05:57.666,8.722,4,28.74,WITHIN_TOLERANCE
07:05:57.877,5.520,10,18.7,WITHIN_TOLERANCE
07:05:57.983,5.673,6,25.6,WITHIN_TOLERANCE
07:05:58.089,5.314,2,25.76,WITHIN_TOLERANCE
07:05:58.195,5.884,7,20.63,WITHIN_TOLERANCE
07:05:58.300,5.270,11,24.9,WITHIN_TOLERANCE
07:05:58.406,5.795,4,21.06,WITHIN_TOLERANCE
07:05:58.618,5.818,10,16.57,WITHIN_TOLERANCE
07:05:58.724,5.784,2,17.09,WITHIN_TOLERANCE
07:05:58.937,7.216,8,20.53,WITHIN_TOLERANCE
07:05:59.043,5.682,4,20.51,WITHIN_TOLERANCE
07:05:59.151,7.544,9,14.26,WITHIN_TOLERANCE
07:05:59.257,5.707,3,21.5,WITHIN_TOLERANCE
07:05:59.682,5.374,8,21.99,WITHIN_TOLERANCE
07:05:59.788,5.970,4,20.31,WITHIN_TOLERANCE
07:06:00.013,16.551,8,21.54,WITHIN_TOLERANCE
07:06:00.228,7.573,12,26.54,WITHIN_TOLERANCE
07:06:00.334,5.869,4,33.05,WITHIN_TOLERANCE
07:06:00.652,5.744,9,14.15,WITHIN_TOLERANCE
07:06:00.758,5.930,5,24.05,WITHIN_TOLERANCE
07:06:00.864,5.897,8,19.93,WITHIN_TOLERANCE
07:06:01.394,6.104,3,19.85,WITHIN_TOLERANCE
07:06:01.611,10.106,10,23.73,WITHIN_TOLERANCE
07:06:01.929,5.698,8,12.22,WITHIN_TOLERANCE
07:06:02.035,5.237,4,26.71,WITHIN_TOLERANCE
07:06:02.140,5.213,8,12.64,WITHIN_TOLERANCE
07:06:02.368,5.628,4,24.88,WITHIN_TOLERANCE
07:06:02.899,5.908,8,29.67,WITHIN_TOLERANCE
07:06:03.228,6.002,5,25.68,WITHIN_TOLERANCE
07:06:03.334,5.884,2,22.79,WITHIN_TOLERANCE
07:06:03.440,5.775,10,27.76,WITHIN_TOLERANCE
07:06:03.863,5.611,5,22.97,WITHIN_TOLERANCE
07:06:04.180,5.367,2,29.61,WITHIN_TOLERANCE
07:06:04.391,5.324,12,25.61,WITHIN_TOLERANCE
07:06:04.602,5.602,6,30.49,WITHIN_TOLERANCE
07:06:04.708,5.110,3,34.77,WITHIN_TOLERANCE
07:06:04.927,12.451,10,25.65,WITHIN_TOLERANCE
07:06:05.032,5.142,2,26.3,WITHIN_TOLERANCE
07:06:05.350,6.102,9,18.62,WITHIN_TOLERANCE
07:06:05.563,5.879,3,27.08,WITHIN_TOLERANCE
07:06:05.775,5.507,12,28.4,WITHIN_TOLERANCE
07:06:05.883,7.334,7,27.52,WITHIN_TOLERANCE
07:06:06.202,5.710,11,23.57,WITHIN_TOLERANCE
07:06:06.419,9.839,6,30.74,WITHIN_TOLERANCE
07:06:06.632,7.112,10,18.79,WITHIN_TOLERANCE
07:06:07.057,5.728,6,27.6,WITHIN_TOLERANCE
07:06:07.270,6.469,9,28.78,WITHIN_TOLERANCE
07:06:07.376,5.771,3,17.96,WITHIN_TOLERANCE
07:06:07.481,5.286,11,28.21,WITHIN_TOLERANCE
07:06:07.696,6.829,4,22.75,WITHIN_TOLERANCE
07:06:07.907,5.416,11,17.33,WITHIN_TOLERANCE
07:06:08.013,5.917,7,25.04,WITHIN_TOLERANCE
07:06:08.651,5.535,7,31.74,WITHIN_TOLERANCE
07:06:08.972,9.337,11,22.46,WITHIN_TOLERANCE
07:06:09.078,5.532,5,25.21,WITHIN_TOLERANCE
07:06:09.183,5.404,2,18.49,WITHIN_TOLERANCE
07:06:09.289,5.447,10,27.59,WITHIN_TOLERANCE
07:06:09.394,5.350,5,19.15,WITHIN_TOLERANCE
07:06:09.500,5.317,12,22.84,WITHIN_TOLERANCE
07:06:09.606,5.819,2,18.63,WITHIN_TOLERANCE
07:06:09.820,7.757,9,21.64,WITHIN_TOLERANCE
07:06:09.925,5.675,6,23.9,WITHIN_TOLERANCE
07:06:10.455,5.735,9,26.03,WITHIN_TOLERANCE
07:06:10.560,5.621,12,27.09,WITHIN_TOLERANCE
07:06:10.772,5.501,2,26.28,WITHIN_TOLERANCE
07:06:10.877,5.541,8,23.22,WITHIN_TOLERANCE
07:06:11.089,5.443,10,26.72,WITHIN_TOLERANCE
07:06:11.194,5.490,7,23.72,WITHIN_TOLERANCE
07:06:11.300,5.190,11,31.13,WITHIN_TOLERANCE
07:06:11.405,5.426,4,26.81,WITHIN_TOLERANCE
07:06:11.620,8.925,8,24.93,WITHIN_TOLERANCE
07:06:11.830,5.121,4,22.25,WITHIN_TOLERANCE
07:06:11.936,5.842,8,29.09,WITHIN_TOLERANCE
07:06:12.253,5.740,3,34.06,WITHIN_TOLERANCE
07:06:12.359,5.658,9,23.72,WITHIN_TOLERANCE
07:06:12.903,5.580,2,18.23,WITHIN_TOLERANCE
07:06:13.009,5.780,7,27.78,WITHIN_TOLERANCE
07:06:13.327,5.437,8,23.49,WITHIN_TOLERANCE
07:06:13.751,5.513,2,25.08,WITHIN_TOLERANCE
07:06:13.862,9.567,5,28.24,WITHIN_TOLERANCE
07:06:14.081,5.489,3,25.35,WITHIN_TOLERANCE
07:06:14.189,7.570,11,26.43,WITHIN_TOLERANCE
07:06:14.294,5.631,4,12.96,WITHIN_TOLERANCE
07:06:14.506,5.587,10,26.3,WITHIN_TOLERANCE
07:06:14.614,8.359,7,9.44,WITHIN_TOLERANCE
07:06:14.720,5.491,4,26.11,WITHIN_TOLERANCE
07:06:14.826,5.866,10,19.81,WITHIN_TOLERANCE
07:06:15.037,5.453,2,26.22,WITHIN_TOLERANCE
07:06:15.143,5.605,5,27.53,WITHIN_TOLERANCE
07:06:15.249,5.488,10,16.44,WITHIN_TOLERANCE
07:06:15.355,5.668,5,28.01,WITHIN_TOLERANCE
07:06:15.778,5.222,6,20.04,WITHIN_TOLERANCE
07:06:16.095,5.328,10,21.38,WITHIN_TOLERANCE
07:06:16.306,5.417,9,16.59,WITHIN_TOLERANCE
07:06:16.842,5.457,5,19.84,WITHIN_TOLERANCE
07:06:16.948,5.436,11,25.95,WITHIN_TOLERANCE
07:06:17.054,5.544,6,30.19,WITHIN_TOLERANCE
07:06:17.159,5.497,11,31.76,WITHIN_TOLERANCE
07:06:17.265,5.725,5,27.29,WITHIN_TOLERANCE
07:06:17.477,5.840,11,19.54,WITHIN_TOLERANCE
07:06:17.688,5.408,7,27.18,WITHIN_TOLERANCE
07:06:17.794,5.760,4,32.46,WITHIN_TOLERANCE
07:06:18.006,5.669,10,24.02,WITHIN_TOLERANCE
07:06:18.112,5.748,5,27.42,WITHIN_TOLERANCE
07:06:18.323,5.799,8,23.42,WITHIN_TOLERANCE
07:06:18.746,5.547,10,25.48,WITHIN_TOLERANCE
07:06:18.959,6.735,6,29.24,WITHIN_TOLERANCE
07:06:19.383,5.646,8,24.59,WITHIN_TOLERANCE
07:06:19.489,5.495,12,25.76,WITHIN_TOLERANCE
07:06:19.595,5.770,5,27.09,WITHIN_TOLERANCE
07:06:19.701,5.817,10,26.98,WITHIN_TOLERANCE
07:06:19.806,5.662,6,27.95,WITHIN_TOLERANCE
07:06:20.233,5.657,2,30.75,WITHIN_TOLERANCE
07:06:20.339,5.653,12,32.6,WITHIN_TOLERANCE
07:06:20.551,5.679,2,28.08,WITHIN_TOLERANCE
07:06:20.762,5.694,7,24.04,WITHIN_TOLERANCE
07:06:20.875,12.462,4,30.16,WITHIN_TOLERANCE
07:06:21.193,5.726,9,21.78,WITHIN_TOLERANCE
07:06:21.404,5.847,4,24.99,WITHIN_TOLERANCE
07:06:21.510,5.592,9,35.87,WITHIN_TOLERANCE
07:06:21.616,5.892,4,25.61,WITHIN_TOLERANCE
07:06:21.722,5.711,8,12.7,WITHIN_TOLERANCE
07:06:21.933,5.536,12,27.21,WITHIN_TOLERANCE
07:06:22.040,5.949,2,18.1,WITHIN_TOLERANCE
07:06:22.251,5.672,10,23.01,WITHIN_TOLERANCE
07:06:22.357,5.054,6,25.28,WITHIN_TOLERANCE
07:06:22.462,5.690,11,31.01,WITHIN_TOLERANCE
07:06:22.568,5.831,7,19.79,WITHIN_TOLERANCE
07:06:22.674,5.787,3,30.52,WITHIN_TOLERANCE
07:06:22.780,5.541,12,23.9,WITHIN_TOLERANCE
07:06:22.886,5.677,2,22.58,WITHIN_TOLERANCE
07:06:23.097,5.553,10,30.91,WITHIN_TOLERANCE
07:06:23.203,5.541,7,28.03,WITHIN_TOLERANCE
07:06:23.309,5.794,10,30.61,WITHIN_TOLERANCE
07:06:23.521,5.701,3,24.23,WITHIN_TOLERANCE
07:06:23.732,5.396,11,29.73,WITHIN_TOLERANCE
07:06:23.838,5.569,7,18.79,WITHIN_TOLERANCE
07:06:24.062,5.819,2,26.08,WITHIN_TOLERANCE
07:06:24.697,5.399,9,24.15,WITHIN_TOLERANCE
07:06:24.809,11.155,3,27.46,WITHIN_TOLERANCE
07:06:25.129,5.696,4,31.54,WITHIN_TOLERANCE
07:06:25.234,5.401,8,32.38,WITHIN_TOLERANCE
07:06:25.870,5.673,9,24.21,WITHIN_TOLERANCE
07:06:25.975,5.673,3,21.01,WITHIN_TOLERANCE
07:06:26.081,5.706,6,28.25,WITHIN_TOLERANCE
07:06:26.189,7.264,2,23.91,WITHIN_TOLERANCE
07:06:26.297,7.843,9,31.36,WITHIN_TOLERANCE
07:06:26.509,5.789,4,15.72,WITHIN_TOLERANCE
07:06:26.614,5.672,11,23.02,WITHIN_TOLERANCE
07:06:26.720,5.820,5,32.92,WITHIN_TOLERANCE
07:06:26.828,7.935,2,26.5,WITHIN_TOLERANCE
07:06:26.934,5.697,7,29.78,WITHIN_TOLERANCE
07:06:27.146,5.609,6,18.91,WITHIN_TOLERANCE
07:06:27.251,5.533,9,23.97,WITHIN_TOLERANCE
07:06:27.569,5.684,2,25.6,WITHIN_TOLERANCE
07:06:27.675,5.548,9,26.02,WITHIN_TOLERANCE
07:06:27.992,5.668,3,26.56,WITHIN_TOLERANCE
07:06:28.415,5.553,2,33.95,WITHIN_TOLERANCE
07:06:28.521,5.783,12,21.92,WITHIN_TOLERANCE
07:06:28.627,5.852,4,22.82,WITHIN_TOLERANCE
07:06:28.733,5.279,8,19.74,WITHIN_TOLERANCE
07:06:28.838,5.703,5,25.43,WITHIN_TOLERANCE
07:06:28.944,4.990,10,24.08,WITHIN_TOLERANCE
07:06:29.050,5.997,2,24.61,WITHIN_TOLERANCE
07:06:29.165,12.548,7,20.73,WITHIN_TOLERANCE
07:06:29.379,5.584,11,19.68,WITHIN_TOLERANCE
07:06:29.485,5.805,8,23.69,WITHIN_TOLERANCE
07:06:29.802,5.625,2,28.48,WITHIN_TOLERANCE
07:06:29.908,5.730,8,17.76,WITHIN_TOLERANCE
07:06:30.226,5.841,10,19.26,WITHIN_TOLERANCE
07:06:30.332,5.857,6,20.16,WITHIN_TOLERANCE
07:06:30.438,5.768,11,32.04,WITHIN_TOLERANCE
07:06:30.649,5.566,8,27.66,WITHIN_TOLERANCE
07:06:31.073,6.214,3,25.61,WITHIN_TOLERANCE
07:06:31.285,5.679,7,23.01,WITHIN_TOLERANCE
07:06:31.391,5.728,3,29.15,WITHIN_TOLERANCE
07:06:31.497,5.714,9,17.99,WITHIN_TOLERANCE
07:06:31.920,5.204,3,27.63,WITHIN_TOLERANCE
07:06:32.026,5.784,6,21.63,WITHIN_TOLERANCE
07:06:32.555,5.887,11,16.16,WITHIN_TOLERANCE
07:06:32.873,5.799,3,24.64,WITHIN_TOLERANCE
07:06:32.979,5.714,7,28.31,WITHIN_TOLERANCE
07:06:33.410,5.827,8,27.01,WITHIN_TOLERANCE
07:06:33.516,5.789,11,36.06,WITHIN_TOLERANCE
07:06:33.834,5.908,5,27.17,WITHIN_TOLERANCE
07:06:34.046,5.734,10,24.07,WITHIN_TOLERANCE
07:06:34.151,5.582,4,18.88,WITHIN_TOLERANCE
07:06:34.579,5.736,10,17.92,WITHIN_TOLERANCE
07:06:34.796,5.792,8,25.61,WITHIN_TOLERANCE
07:06:34.902,5.575,3,24.11,WITHIN_TOLERANCE
07:06:35.114,5.684,8,28.98,WITHIN_TOLERANCE
07:06:35.220,5.660,5,25.09,WITHIN_TOLERANCE
07:06:35.542,6.461,4,30.37,WITHIN_TOLERANCE
07:06:35.754,5.655,8,25.81,WITHIN_TOLERANCE
07:06:36.183,5.675,12,27.28,WITHIN_TOLERANCE
07:06:36.403,13.571,4,25.22,WITHIN_TOLERANCE
07:06:36.620,5.668,10,27.4,WITHIN_TOLERANCE
07:06:36.832,5.718,3,12.62,WITHIN_TOLERANCE
07:06:36.937,5.303,11,29.73,WITHIN_TOLERANCE
07:06:37.043,5.822,7,26.36,WITHIN_TOLERANCE
07:06:37.363,5.441,2,28.14,WITHIN_TOLERANCE
07:06:37.477,14.692,9,23.23,WITHIN_TOLERANCE
07:06:37.690,5.603,12,26.93,WITHIN_TOLERANCE
07:06:38.008,5.713,4,30.18,WITHIN_TOLERANCE
07:06:38.114,5.938,9,19.21,WITHIN_TOLERANCE
07:06:38.325,5.741,5,25.81,WITHIN_TOLERANCE
07:06:38.431,5.821,8,23.97,WITHIN_TOLERANCE
07:06:38.749,5.652,3,27.56,WITHIN_TOLERANCE
07:06:39.068,5.666,11,26.12,WITHIN_TOLERANCE
07:06:39.280,5.566,5,11.14,WITHIN_TOLERANCE
07:06:39.492,5.610,2,27.04,WITHIN_TOLERANCE
07:06:40.021,5.589,9,30.09,WITHIN_TOLERANCE
07:06:40.127,5.642,6,22.67,WITHIN_TOLERANCE
07:06:40.232,5.465,2,23.72,WITHIN_TOLERANCE
07:06:40.338,5.737,12,21.65,WITHIN_TOLERANCE
07:06:40.444,5.734,9,28.69,WITHIN_TOLERANCE
07:06:40.656,5.635,5,23.5,WITHIN_TOLERANCE
07:06:41.080,5.536,2,18.84,WITHIN_TOLERANCE
07:06:41.291,5.765,12,25.91,WITHIN_TOLERANCE
07:06:41.397,5.585,7,34.14,WITHIN_TOLERANCE
07:06:41.613,7.894,3,13.94,WITHIN_TOLERANCE
07:06:41.718,5.157,8,27.87,WITHIN_TOLERANCE
07:06:42.040,5.685,5,22.74,WITHIN_TOLERANCE
07:06:42.357,5.542,9,19.38,WITHIN_TOLERANCE
07:06:42.568,5.470,2,17.33,WITHIN_TOLERANCE
07:06:42.674,5.463,5,19.51,WITHIN_TOLERANCE
07:06:42.780,5.797,12,28.97,WITHIN_TOLERANCE
07:06:43.309,5.444,5,32.75,WITHIN_TOLERANCE
07:06:43.415,5.759,9,25.38,WITHIN_TOLERANCE
07:06:43.520,5.512,2,33.56,WITHIN_TOLERANCE
07:06:43.626,5.558,6,23.01,WITHIN_TOLERANCE
07:06:43.731,5.268,12,31.76,WITHIN_TOLERANCE
07:06:43.838,6.258,8,16.83,WITHIN_TOLERANCE
07:06:43.957,18.456,5,23.4,WITHIN_TOLERANCE
07:06:44.279,9.609,3,22.9,WITHIN_TOLERANCE
07:06:44.385,5.659,8,21.33,WITHIN_TOLERANCE
07:06:44.915,5.566,8,26.04,WITHIN_TOLERANCE
07:06:45.021,5.721,4,22.38,WITHIN_TOLERANCE
07:06:45.127,5.667,8,15.79,WITHIN_TOLERANCE
07:06:45.232,5.499,5,21.62,WITHIN_TOLERANCE
07:06:45.338,5.615,12,30.39,WITHIN_TOLERANCE
07:06:45.655,5.657,2,35.17,WITHIN_TOLERANCE
07:06:45.760,5.288,12,28.06,WITHIN_TOLERANCE
07:06:45.866,5.673,5,37.22,WITHIN_TOLERANCE
07:06:46.078,5.700,4,30.45,WITHIN_TOLERANCE
07:06:46.395,5.704,10,16.84,WITHIN_TOLERANCE
07:06:46.501,5.519,5,25.71,WITHIN_TOLERANCE
07:06:46.607,6.060,10,21.49,WITHIN_TOLERANCE
07:06:46.830,5.705,7,17.85,WITHIN_TOLERANCE
07:06:47.042,5.632,10,23.73,WITHIN_TOLERANCE
07:06:47.147,5.512,4,23.25,WITHIN_TOLERANCE
07:06:47.253,5.648,12,33.56,WITHIN_TOLERANCE
07:06:47.359,5.745,3,15.42,WITHIN_TOLERANCE
07:06:47.571,5.829,6,22.36,WITHIN_TOLERANCE
07:06:47.677,5.710,9,33.27,WITHIN_TOLERANCE
07:06:48.000,5.693,11,17.44,WITHIN_TOLERANCE
07:06:48.212,5.710,4,17.2,WITHIN_TOLERANCE
07:06:48.423,5.568,11,30.15,WITHIN_TOLERANCE
07:06:48.740,5.440,4,23.14,WITHIN_TOLERANCE
07:06:49.065,5.942,7,24.06,WITHIN_TOLERANCE
07:06:49.171,5.552,4,22.64,WITHIN_TOLERANCE
07:06:49.383,5.907,10,22.63,WITHIN_TOLERANCE
07:06:49.490,6.327,3,37.42,WITHIN_TOLERANCE
07:06:49.595,5.812,10,29.01,WITHIN_TOLERANCE
07:06:49.807,5.322,9,29.76,WITHIN_TOLERANCE
07:06:50.230,5.728,8,25.34,WITHIN_TOLERANCE
07:06:50.335,5.254,2,19.35,WITHIN_TOLERANCE
07:06:50.441,5.592,5,23.39,WITHIN_TOLERANCE
07:06:50.551,9.387,9,25.68,WITHIN_TOLERANCE
07:06:51.080,5.656,4,30.34,WITHIN_TOLERANCE
07:06:51.294,7.528,12,17.25,WITHIN_TOLERANCE
07:06:51.399,5.602,6,28.32,WITHIN_TOLERANCE
07:06:51.611,5.746,11,24.32,WITHIN_TOLERANCE
07:06:51.717,5.719,3,23.78,WITHIN_TOLERANCE
07:06:51.823,5.919,7,21.77,WITHIN_TOLERANCE
07:06:51.951,24.465,10,15.42,WITHIN_TOLERANCE
07:06:52.375,5.030,3,27.35,WITHIN_TOLERANCE
07:06:52.481,5.692,9,20.44,WITHIN_TOLERANCE
07:06:52.693,5.459,2,31.44,WITHIN_TOLERANCE
07:06:52.904,5.806,5,23.14,WITHIN_TOLERANCE
07:06:53.328,5.831,12,24.57,WITHIN_TOLERANCE
07:06:53.434,5.697,7,24.87,WITHIN_TOLERANCE
07:06:53.540,5.724,10,24.24,WITHIN_TOLERANCE
07:06:53.972,7.764,8,21.29,WITHIN_TOLERANCE
07:06:54.078,5.610,12,28.84,WITHIN_TOLERANCE
07:06:54.396,5.604,7,24.95,WITHIN_TOLERANCE
07:06:54.608,5.974,3,30.92,WITHIN_TOLERANCE
07:06:54.714,5.749,10,31.18,WITHIN_TOLERANCE
07:06:55.031,5.711,5,16.8,WITHIN_TOLERANCE
07:06:55.243,5.688,9,31.91,WITHIN_TOLERANCE
07:06:55.349,5.625,3,20.01,WITHIN_TOLERANCE
07:06:55.455,5.860,11,18.59,WITHIN_TOLERANCE
07:06:55.560,5.486,7,19.87,WITHIN_TOLERANCE
07:06:55.772,5.727,2,22.82,WITHIN_TOLERANCE
07:06:55.878,5.753,9,25.01,WITHIN_TOLERANCE
07:06:55.983,5.485,12,27.37,WITHIN_TOLERANCE
07:06:56.099,14.472,2,28.08,WITHIN_TOLERANCE
07:06:56.416,5.509,11,29.44,WITHIN_TOLERANCE
07:06:56.628,5.443,4,25.54,WITHIN_TOLERANCE
07:06:56.733,5.334,9,17.97,WITHIN_TOLERANCE
07:06:56.839,5.271,12,27.86,WITHIN_TOLERANCE
07:06:56.945,5.901,4,29.82,WITHIN_TOLERANCE
07:06:57.161,5.737,11,27.08,WITHIN_TOLERANCE
07:06:57.266,5.484,6,27.38,WITHIN_TOLERANCE
07:06:57.478,5.649,12,27.43,WITHIN_TOLERANCE
07:06:57.584,5.803,6,27.04,WITHIN_TOLERANCE
07:06:57.690,5.430,12,29.0,WITHIN_TOLERANCE
07:06:57.795,5.693,4,36.61,WITHIN_TOLERANCE
07:06:57.901,5.790,8,22.76,WITHIN_TOLERANCE
07:06:58.007,5.671,3,24.28,WITHIN_TOLERANCE
07:06:58.119,11.388,8,29.16,WITHIN_TOLERANCE
07:06:58.225,5.820,2,19.1,WITHIN_TOLERANCE
07:06:58.331,5.835,6,29.06,WITHIN_TOLERANCE
07:06:58.543,5.732,10,29.01,WITHIN_TOLERANCE
07:06:58.649,5.672,6,22.95,WITHIN_TOLERANCE
07:06:58.754,5.654,2,21.88,WITHIN_TOLERANCE
07:06:58.977,16.128,10,25.95,WITHIN_TOLERANCE
07:06:59.085,5.823,3,29.08,WITHIN_TOLERANCE
07:06:59.191,5.462,10,28.36,WITHIN_TOLERANCE
07:06:59.402,5.665,5,20.4,WITHIN_TOLERANCE
07:06:59.614,5.450,10,29.65,WITHIN_TOLERANCE
07:06:59.723,8.941,7,25.45,WITHIN_TOLERANCE
07:06:59.829,5.565,3,32.13,WITHIN_TOLERANCE
07:06:59.935,5.665,6,25.82,WITHIN_TOLERANCE
07:07:00.041,5.698,9,22.39,WITHIN_TOLERANCE
07:07:00.147,5.874,6,31.48,WITHIN_TOLERANCE
07:07:00.253,5.646,12,23.34,WITHIN_TOLERANCE
07:07:00.358,5.669,7,25.89,WITHIN_TOLERANCE
07:07:00.464,5.643,4,22.71,WITHIN_TOLERANCE
07:07:00.570,5.487,11,31.85,WITHIN_TOLERANCE
07:07:00.676,6.198,3,22.37,WITHIN_TOLERANCE
07:07:00.783,5.854,6,20.31,WITHIN_TOLERANCE
07:07:00.889,5.541,9,33.91,WITHIN_TOLERANCE
07:07:00.995,5.765,12,72.05,WITHIN_TOLERANCE
07:07:01.101,5.785,2,24.43,WITHIN_TOLERANCE
07:07:01.207,5.523,10,26.77,WITHIN_TOLERANCE
07:07:01.314,7.328,7,27.59,WITHIN_TOLERANCE
07:07:01.526,5.617,12,26.56,WITHIN_TOLERANCE
07:07:01.632,5.605,5,17.21,WITHIN_TOLERANCE
07:07:01.737,5.276,10,29.54,WITHIN_TOLERANCE
07:07:01.843,5.727,6,32.17,WITHIN_TOLERANCE
07:07:01.948,5.512,2,19.94,WITHIN_TOLERANCE
07:07:02.054,5.408,10,19.29,WITHIN_TOLERANCE
07:07:02.160,5.533,3,23.43,WITHIN_TOLERANCE
07:07:02.274,13.051,7,20.23,WITHIN_TOLERANCE
07:07:02.380,5.580,4,33.0,WITHIN_TOLERANCE
07:07:02.485,5.455,11,27.18,WITHIN_TOLERANCE
07:07:02.697,5.585,3,35.59,WITHIN_TOLERANCE
07:07:02.803,5.731,6,24.49,WITHIN_TOLERANCE
07:07:02.921,17.941,3,29.31,WITHIN_TOLERANCE
07:07:03.029,8.621,8,25.23,WITHIN_TOLERANCE
07:07:03.143,12.928,5,28.69,WITHIN_TOLERANCE
07:07:03.249,5.686,12,17.27,WITHIN_TOLERANCE
07:07:03.354,5.192,2,25.24,WITHIN_TOLERANCE
07:07:03.460,5.551,10,27.75,WITHIN_TOLERANCE
07:07:03.566,5.829,4,31.07,WITHIN_TOLERANCE
07:07:03.672,5.772,11,23.0,WITHIN_TOLERANCE
07:07:03.988,5.520,4,23.43,WITHIN_TOLERANCE
07:07:04.200,5.816,2,33.65,WITHIN_TOLERANCE
07:07:04.327,23.051,10,26.38,WITHIN_TOLERANCE
07:07:04.433,5.764,4,21.06,WITHIN_TOLERANCE
07:07:04.539,5.512,10,23.17,WITHIN_TOLERANCE
07:07:04.644,5.697,3,22.41,WITHIN_TOLERANCE
07:07:04.856,5.809,12,23.89,WITHIN_TOLERANCE
07:07:04.962,5.525,9,22.32,WITHIN_TOLERANCE
07:07:05.174,5.790,7,29.47,WITHIN_TOLERANCE
07:07:05.386,5.802,2,28.13,WITHIN_TOLERANCE
07:07:05.597,5.708,7,30.64,WITHIN_TOLERANCE
07:07:05.707,8.663,4,37.94,WITHIN_TOLERANCE
07:07:05.815,5.702,10,22.91,WITHIN_TOLERANCE
07:07:06.026,5.594,12,26.75,WITHIN_TOLERANCE
07:07:06.238,5.928,4,28.15,WITHIN_TOLERANCE
07:07:06.450,5.824,11,24.85,WITHIN_TOLERANCE
07:07:06.767,5.434,3,22.87,WITHIN_TOLERANCE
07:07:06.985,11.514,7,27.53,WITHIN_TOLERANCE
07:07:07.090,5.560,3,18.08,WITHIN_TOLERANCE
07:07:07.302,5.801,9,17.47,WITHIN_TOLERANCE
07:07:07.514,5.674,4,20.06,WITHIN_TOLERANCE
07:07:07.620,5.428,11,24.4,WITHIN_TOLERANCE
07:07:07.727,7.267,4,17.87,WITHIN_TOLERANCE
07:07:07.832,5.157,12,22.66,WITHIN_TOLERANCE
07:07:07.939,6.083,4,27.07,WITHIN_TOLERANCE
07:07:08.045,5.634,9,31.0,WITHIN_TOLERANCE
07:07:08.150,5.660,12,27.34,WITHIN_TOLERANCE
07:07:08.578,5.867,4,30.57,WITHIN_TOLERANCE
07:07:08.684,5.640,12,17.33,WITHIN_TOLERANCE
07:07:08.794,9.413,3,29.05,WITHIN_TOLERANCE
07:07:09.323,5.749,8,29.04,WITHIN_TOLERANCE
07:07:09.535,5.742,9,23.64,WITHIN_TOLERANCE
07:07:09.641,5.887,3,25.81,WITHIN_TOLERANCE
07:07:09.853,5.621,10,23.06,WITHIN_TOLERANCE
07:07:09.958,5.481,3,32.13,WITHIN_TOLERANCE
07:07:10.170,5.741,12,28.03,WITHIN_TOLERANCE
07:07:10.381,5.867,6,23.98,WITHIN_TOLERANCE
07:07:10.704,5.661,9,32.84,WITHIN_TOLERANCE
07:07:10.919,5.642,5,29.12,WITHIN_TOLERANCE
07:07:11.025,5.450,2,21.97,WITHIN_TOLERANCE
07:07:11.342,5.708,10,24.17,WITHIN_TOLERANCE
07:07:11.448,5.720,5,19.66,WITHIN_TOLERANCE
07:07:11.554,5.520,12,21.02,WITHIN_TOLERANCE
07:07:11.659,5.600,9,31.93,WITHIN_TOLERANCE
07:07:11.765,5.550,5,29.57,WITHIN_TOLERANCE
07:07:11.871,5.739,9,33.11,WITHIN_TOLERANCE
07:07:11.980,8.913,2,26.23,WITHIN_TOLERANCE
07:07:12.091,8.765,7,27.41,WITHIN_TOLERANCE
07:07:12.199,5.522,10,22.74,WITHIN_TOLERANCE
07:07:12.516,5.617,3,28.2,WITHIN_TOLERANCE
07:07:12.622,5.335,10,23.14,WITHIN_TOLERANCE
07:07:12.834,5.713,2,25.5,WITHIN_TOLERANCE
07:07:12.940,5.735,5,29.93,WITHIN_TOLERANCE
07:07:13.151,5.604,8,28.21,WITHIN_TOLERANCE
07:07:13.257,5.696,5,24.64,WITHIN_TOLERANCE
07:07:13.468,5.776,10,23.0,WITHIN_TOLERANCE
07:07:13.574,5.845,3,26.79,WITHIN_TOLERANCE
07:07:13.680,5.754,7,28.55,WITHIN_TOLERANCE
07:07:13.786,5.777,11,31.3,WITHIN_TOLERANCE
07:07:13.998,5.764,6,17.79,WITHIN_TOLERANCE
07:07:14.104,6.200,10,17.34,WITHIN_TOLERANCE
07:07:14.210,5.583,2,26.48,WITHIN_TOLERANCE
07:07:14.527,5.567,7,30.79,WITHIN_TOLERANCE
07:07:14.640,11.921,10,24.44,WITHIN_TOLERANCE
07:07:14.851,5.604,8,19.11,WITHIN_TOLERANCE
07:07:14.957,5.565,11,26.32,WITHIN_TOLERANCE
07:07:15.063,5.695,3,31.12,WITHIN_TOLERANCE
07:07:15.169,5.503,8,23.75,WITHIN_TOLERANCE
07:07:15.275,5.757,4,29.41,WITHIN_TOLERANCE
07:07:15.381,5.782,10,25.93,WITHIN_TOLERANCE
07:07:15.486,5.728,5,26.93,WITHIN_TOLERANCE
07:07:15.592,5.735,2,24.85,WITHIN_TOLERANCE
07:07:15.698,5.754,11,13.86,WITHIN_TOLERANCE
07:07:15.804,5.330,7,26.66,WITHIN_TOLERANCE
07:07:15.910,5.755,12,25.53,WITHIN_TOLERANCE
07:07:16.015,5.266,7,35.37,WITHIN_TOLERANCE
07:07:16.658,13.885,11,23.48,WITHIN_TOLERANCE
07:07:16.764,5.494,3,19.79,WITHIN_TOLERANCE
07:07:16.869,5.474,12,21.09,WITHIN_TOLERANCE
07:07:16.975,5.643,8,23.66,WITHIN_TOLERANCE
07:07:17.080,5.288,3,28.37,WITHIN_TOLERANCE
07:07:17.410,5.553,12,26.57,WITHIN_TOLERANCE
07:07:17.943,6.543,6,20.25,WITHIN_TOLERANCE
07:07:18.260,5.574,3,29.86,WITHIN_TOLERANCE
07:07:18.370,9.185,8,28.3,WITHIN_TOLERANCE
07:07:18.582,5.593,7,24.85,WITHIN_TOLERANCE
07:07:18.688,5.814,12,16.78,WITHIN_TOLERANCE
07:07:18.800,12.472,2,20.72,WITHIN_TOLERANCE
07:07:19.012,5.599,6,14.45,WITHIN_TOLERANCE
07:07:19.118,5.591,3,22.37,WITHIN_TOLERANCE
07:07:19.224,5.728,10,24.91,WITHIN_TOLERANCE
07:07:19.329,5.474,2,17.86,WITHIN_TOLERANCE
07:07:19.435,5.799,11,22.7,WITHIN_TOLERANCE
07:07:19.541,5.919,5,27.14,WITHIN_TOLERANCE
07:07:19.647,5.724,8,25.86,WITHIN_TOLERANCE
07:07:19.858,5.581,3,23.63,WITHIN_TOLERANCE
07:07:19.964,5.879,6,28.15,WITHIN_TOLERANCE
07:07:20.387,5.493,10,20.29,WITHIN_TOLERANCE
07:07:20.493,5.484,6,24.7,WITHIN_TOLERANCE
07:07:20.811,5.559,7,23.05,WITHIN_TOLERANCE
07:07:21.132,6.170,3,25.89,WITHIN_TOLERANCE
07:07:21.343,5.732,6,19.62,WITHIN_TOLERANCE
07:07:21.660,5.573,4,22.71,WITHIN_TOLERANCE
07:07:21.766,5.666,10,38.36,WITHIN_TOLERANCE
07:07:21.978,5.650,5,23.17,WITHIN_TOLERANCE
07:07:22.085,6.563,8,28.63,WITHIN_TOLERANCE
07:07:22.511,5.488,4,24.46,WITHIN_TOLERANCE
07:07:22.617,5.657,9,26.26,WITHIN_TOLERANCE
07:07:22.723,5.537,12,35.87,WITHIN_TOLERANCE
07:07:22.934,5.316,6,27.11,WITHIN_TOLERANCE
07:07:23.040,5.649,10,23.55,WITHIN_TOLERANCE
07:07:23.251,5.473,11,22.33,WITHIN_TOLERANCE
07:07:23.357,5.753,2,15.82,WITHIN_TOLERANCE
07:07:23.463,5.586,10,25.74,WITHIN_TOLERANCE
07:07:23.568,5.646,5,38.53,WITHIN_TOLERANCE
07:07:23.780,5.896,9,27.94,WITHIN_TOLERANCE
07:07:23.886,5.636,4,28.53,WITHIN_TOLERANCE
07:07:23.992,5.450,8,30.02,WITHIN_TOLERANCE
07:07:24.098,5.734,2,31.67,WITHIN_TOLERANCE
07:07:24.204,5.829,11,21.73,WITHIN_TOLERANCE
07:07:24.310,5.937,3,15.29,WITHIN_TOLERANCE
07:07:24.521,5.745,5,33.28,WITHIN_TOLERANCE
07:07:24.838,5.742,4,25.49,WITHIN_TOLERANCE
07:07:25.163,5.327,11,24.79,WITHIN_TOLERANCE
07:07:25.269,5.554,6,25.67,WITHIN_TOLERANCE
07:07:25.375,5.764,9,17.86,WITHIN_TOLERANCE
07:07:25.798,5.772,2,32.49,WITHIN_TOLERANCE
07:07:25.904,5.672,9,24.88,WITHIN_TOLERANCE
07:07:26.010,5.292,3,27.65,WITHIN_TOLERANCE
07:07:26.116,5.602,8,23.49,WITHIN_TOLERANCE
07:07:26.433,5.858,10,22.4,WITHIN_TOLERANCE
07:07:26.645,5.692,3,23.44,WITHIN_TOLERANCE
07:07:26.751,5.941,9,24.22,WITHIN_TOLERANCE
07:07:27.070,7.213,2,24.41,WITHIN_TOLERANCE
07:07:27.176,5.609,11,27.29,WITHIN_TOLERANCE
07:07:27.282,5.791,6,13.85,WITHIN_TOLERANCE
07:07:27.720,5.569,11,25.88,WITHIN_TOLERANCE
07:07:27.825,5.519,3,25.9,WITHIN_TOLERANCE
07:07:27.931,5.401,12,22.19,WITHIN_TOLERANCE
07:07:28.037,6.382,8,31.14,WITHIN_TOLERANCE
07:07:28.145,5.223,4,27.23,WITHIN_TOLERANCE
07:07:28.251,5.688,12,28.46,WITHIN_TOLERANCE
07:07:28.356,5.463,7,31.88,WITHIN_TOLERANCE
07:07:28.462,5.760,11,25.71,WITHIN_TOLERANCE
07:07:28.674,5.546,8,30.72,WITHIN_TOLERANCE
07:07:28.780,5.775,12,25.03,WITHIN_TOLERANCE
07:07:28.886,5.919,4,18.26,WITHIN_TOLERANCE
07:07:28.992,5.551,8,26.49,WITHIN_TOLERANCE
07:07:29.203,5.814,5,18.96,WITHIN_TOLERANCE
07:07:29.309,5.589,10,26.53,WITHIN_TOLERANCE
07:07:29.415,5.557,7,17.07,WITHIN_TOLERANCE
07:07:29.520,5.564,10,21.07,WITHIN_TOLERANCE
07:07:29.734,7.708,8,24.73,WITHIN_TOLERANCE
07:07:29.946,5.666,4,29.92,WITHIN_TOLERANCE
07:07:30.052,5.810,11,25.93,WITHIN_TOLERANCE
07:07:30.158,5.821,3,25.24,WITHIN_TOLERANCE
07:07:30.263,5.255,10,24.1,WITHIN_TOLERANCE
07:07:30.369,5.643,6,37.1,WITHIN_TOLERANCE
07:07:30.580,5.505,3,24.95,WITHIN_TOLERANCE
07:07:30.686,5.485,6,27.13,WITHIN_TOLERANCE
07:07:30.792,5.725,11,20.23,WITHIN_TOLERANCE
07:07:31.004,5.743,3,23.48,WITHIN_TOLERANCE
07:07:31.331,5.772,7,15.52,WITHIN_TOLERANCE
07:07:31.542,5.427,10,22.77,WITHIN_TOLERANCE
07:07:31.754,5.698,5,20.12,WITHIN_TOLERANCE
07:07:31.966,5.558,9,26.87,WITHIN_TOLERANCE
07:07:32.072,5.754,4,29.97,WITHIN_TOLERANCE
07:07:32.177,5.066,11,24.34,WITHIN_TOLERANCE
07:07:32.283,5.659,4,30.7,WITHIN_TOLERANCE
07:07:32.389,5.449,9,34.57,WITHIN_TOLERANCE
07:07:32.706,5.880,12,29.81,WITHIN_TOLERANCE
07:07:33.023,5.610,6,29.19,WITHIN_TOLERANCE
07:07:33.237,7.746,9,21.11,WITHIN_TOLERANCE
07:07:33.660,5.677,11,17.91,WITHIN_TOLERANCE
07:07:33.873,5.972,6,26.34,WITHIN_TOLERANCE
07:07:33.978,5.577,2,14.85,WITHIN_TOLERANCE
07:07:34.084,5.650,6,36.18,WITHIN_TOLERANCE
07:07:34.296,5.799,8,18.23,WITHIN_TOLERANCE
07:07:34.511,5.862,10,21.34,WITHIN_TOLERANCE
07:07:34.723,5.795,6,17.77,WITHIN_TOLERANCE
07:07:34.829,5.505,2,18.24,WITHIN_TOLERANCE
07:07:34.935,5.669,11,25.58,WITHIN_TOLERANCE
07:07:35.041,5.766,3,15.41,WITHIN_TOLERANCE
07:07:35.252,5.514,5,27.72,WITHIN_TOLERANCE
07:07:35.361,7.753,9,21.92,WITHIN_TOLERANCE
07:07:35.573,5.821,6,23.02,WITHIN_TOLERANCE
07:07:35.895,5.760,3,22.82,WITHIN_TOLERANCE
07:07:36.110,9.008,8,25.3,WITHIN_TOLERANCE
07:07:36.216,5.884,2,20.6,WITHIN_TOLERANCE
07:07:36.322,5.848,6,27.1,WITHIN_TOLERANCE
07:07:36.428,5.562,2,21.39,WITHIN_TOLERANCE
07:07:36.534,5.748,8,24.31,WITHIN_TOLERANCE
07:07:37.063,5.503,8,23.99,WITHIN_TOLERANCE
07:07:37.168,5.583,11,20.46,WITHIN_TOLERANCE
07:07:37.396,21.147,2,16.92,WITHIN_TOLERANCE
07:07:37.501,5.412,7,21.72,WITHIN_TOLERANCE
07:07:37.718,5.325,8,14.06,WITHIN_TOLERANCE
07:07:37.825,6.047,12,15.18,WITHIN_TOLERANCE
07:07:37.930,5.655,2,34.67,WITHIN_TOLERANCE
07:07:38.036,5.529,9,30.48,WITHIN_TOLERANCE
07:07:38.248,5.636,4,23.62,WITHIN_TOLERANCE
07:07:38.353,5.656,7,27.04,WITHIN_TOLERANCE
07:07:38.459,5.451,11,33.37,WITHIN_TOLERANCE
07:07:38.671,5.912,2,26.26,WITHIN_TOLERANCE
07:07:38.882,5.574,6,18.52,WITHIN_TOLERANCE
07:07:39.094,5.514,2,28.49,WITHIN_TOLERANCE
07:07:39.199,5.752,7,23.7,WITHIN_TOLERANCE
07:07:39.305,5.325,11,35.76,WITHIN_TOLERANCE
07:07:39.411,5.578,7,26.68,WITHIN_TOLERANCE
07:07:39.940,5.575,12,28.82,WITHIN_TOLERANCE
07:07:40.046,5.651,6,29.36,WITHIN_TOLERANCE
07:07:40.258,5.607,12,29.69,WITHIN_TOLERANCE
07:07:40.363,5.448,6,27.7,WITHIN_TOLERANCE
07:07:40.469,6.005,3,16.44,WITHIN_TOLERANCE
07:07:40.575,5.551,8,27.06,WITHIN_TOLERANCE
07:07:40.787,5.578,2,18.73,WITHIN_TOLERANCE
07:07:40.893,5.775,8,26.31,WITHIN_TOLERANCE
07:07:41.213,8.698,10,24.61,WITHIN_TOLERANCE
07:07:41.428,5.169,3,21.63,WITHIN_TOLERANCE
07:07:41.537,8.056,10,16.22,WITHIN_TOLERANCE
07:07:41.648,10.279,4,14.52,WITHIN_TOLERANCE
07:07:41.754,5.710,9,25.29,WITHIN_TOLERANCE
07:07:42.072,5.760,6,28.64,WITHIN_TOLERANCE
07:07:42.283,5.748,11,26.09,WITHIN_TOLERANCE
07:07:42.389,5.774,4,23.92,WITHIN_TOLERANCE
07:07:42.495,5.580,10,25.51,WITHIN_TOLERANCE
07:07:42.604,5.618,5,26.13,WITHIN_TOLERANCE
07:07:42.710,5.548,8,29.95,WITHIN_TOLERANCE
07:07:42.921,5.684,6,21.74,WITHIN_TOLERANCE
07:07:43.133,5.571,3,22.25,WITHIN_TOLERANCE
07:07:43.345,5.557,10,31.26,WITHIN_TOLERANCE
07:07:43.556,5.671,3,19.15,WITHIN_TOLERANCE
07:07:43.663,5.968,12,27.44,WITHIN_TOLERANCE
07:07:43.768,5.610,6,32.23,WITHIN_TOLERANCE
07:07:43.874,5.760,2,16.58,WITHIN_TOLERANCE
07:07:43.980,5.732,6,41.43,WITHIN_TOLERANCE
07:07:44.086,5.728,2,37.47,WITHIN_TOLERANCE
07:07:44.192,5.627,11,20.41,WITHIN_TOLERANCE
07:07:44.298,5.767,2,26.24,WITHIN_TOLERANCE
07:07:44.404,5.636,5,26.53,WITHIN_TOLERANCE
07:07:44.615,5.532,9,31.51,WITHIN_TOLERANCE
07:07:44.721,5.670,12,24.09,WITHIN_TOLERANCE
07:07:44.827,5.558,8,30.36,WITHIN_TOLERANCE
07:07:45.144,5.717,3,24.26,WITHIN_TOLERANCE
07:07:45.249,5.189,6,26.22,WITHIN_TOLERANCE
07:07:45.355,5.676,11,33.52,WITHIN_TOLERANCE
07:07:45.461,5.590,8,27.85,WITHIN_TOLERANCE
07:07:45.567,5.566,12,30.0,WITHIN_TOLERANCE
07:07:45.675,8.425,8,28.19,WITHIN_TOLERANCE
07:07:45.783,7.848,12,26.39,WITHIN_TOLERANCE
07:07:45.889,5.352,2,15.83,WITHIN_TOLERANCE
07:07:45.995,5.676,10,19.83,WITHIN_TOLERANCE
07:07:46.100,5.548,4,22.74,WITHIN_TOLERANCE
07:07:46.312,5.718,7,20.52,WITHIN_TOLERANCE
07:07:46.524,5.887,6,17.36,WITHIN_TOLERANCE
07:07:46.842,5.977,7,17.2,WITHIN_TOLERANCE
07:07:46.948,5.684,12,26.98,WITHIN_TOLERANCE
07:07:47.054,5.896,4,29.15,WITHIN_TOLERANCE
07:07:47.587,5.253,12,19.61,WITHIN_TOLERANCE
07:07:47.797,5.569,8,25.69,WITHIN_TOLERANCE
07:07:47.906,8.135,3,21.13,WITHIN_TOLERANCE
07:07:48.119,5.807,7,21.73,WITHIN_TOLERANCE
07:07:48.225,5.734,11,18.29,WITHIN_TOLERANCE
07:07:48.331,5.972,4,27.89,WITHIN_TOLERANCE
07:07:48.546,5.721,11,20.78,WITHIN_TOLERANCE
07:07:48.652,5.683,7,32.32,WITHIN_TOLERANCE
07:07:48.758,5.745,10,26.75,WITHIN_TOLERANCE
07:07:49.079,5.748,8,34.35,WITHIN_TOLERANCE
07:07:49.289,5.508,11,21.23,WITHIN_TOLERANCE
07:07:49.527,33.636,2,27.09,WITHIN_TOLERANCE
07:07:49.633,5.760,12,31.21,WITHIN_TOLERANCE
07:07:49.738,5.432,7,31.77,WITHIN_TOLERANCE
07:07:49.950,5.655,11,23.65,WITHIN_TOLERANCE
07:07:50.479,5.708,12,30.84,WITHIN_TOLERANCE
07:07:50.585,6.260,5,21.16,WITHIN_TOLERANCE
07:07:50.903,5.442,9,23.48,WITHIN_TOLERANCE
07:07:51.114,5.373,11,24.24,WITHIN_TOLERANCE
07:07:51.220,5.640,6,23.48,WITHIN_TOLERANCE
07:07:51.328,7.774,2,29.02,WITHIN_TOLERANCE
07:07:51.434,4.797,9,29.85,WITHIN_TOLERANCE
07:07:51.752,5.673,7,19.33,WITHIN_TOLERANCE
07:07:52.196,9.785,3,25.15,WITHIN_TOLERANCE
07:07:52.407,5.019,7,19.11,WITHIN_TOLERANCE
07:07:52.619,6.129,2,22.29,WITHIN_TOLERANCE
07:07:53.149,5.672,8,15.78,WITHIN_TOLERANCE
07:07:53.255,5.690,3,27.1,WITHIN_TOLERANCE
07:07:53.361,5.712,11,22.34,WITHIN_TOLERANCE
07:07:53.678,5.508,5,26.33,WITHIN_TOLERANCE
07:07:53.890,5.651,8,31.84,WITHIN_TOLERANCE
07:07:53.998,7.644,4,30.58,WITHIN_TOLERANCE
07:07:54.107,5.755,7,29.25,WITHIN_TOLERANCE
07:07:54.318,5.511,5,29.95,WITHIN_TOLERANCE
07:07:54.424,5.388,10,29.12,WITHIN_TOLERANCE
07:07:54.635,5.605,3,25.58,WITHIN_TOLERANCE
07:07:54.741,5.527,10,16.92,WITHIN_TOLERANCE
07:07:54.847,6.373,6,23.54,WITHIN_TOLERANCE
07:07:55.059,5.778,2,22.11,WITHIN_TOLERANCE
07:07:55.165,5.676,6,23.06,WITHIN_TOLERANCE
07:07:55.271,6.193,11,28.31,WITHIN_TOLERANCE
07:07:55.377,5.540,4,23.15,WITHIN_TOLERANCE
07:07:55.588,5.758,11,27.5,WITHIN_TOLERANCE
07:07:55.694,5.564,3,31.47,WITHIN_TOLERANCE
07:07:55.800,5.687,11,34.11,WITHIN_TOLERANCE
07:07:56.122,5.497,9,26.02,WITHIN_TOLERANCE
07:07:56.228,5.784,4,23.54,WITHIN_TOLERANCE
07:07:56.334,5.525,11,19.55,WITHIN_TOLERANCE
07:07:56.440,5.410,6,33.38,WITHIN_TOLERANCE
07:07:56.546,5.621,2,23.92,WITHIN_TOLERANCE
07:07:56.651,5.727,11,22.06,WITHIN_TOLERANCE
07:07:56.757,5.790,2,23.24,WITHIN_TOLERANCE
07:07:56.969,5.617,5,20.02,WITHIN_TOLERANCE
07:07:57.287,5.478,4,31.99,WITHIN_TOLERANCE
07:07:57.392,5.102,11,22.93,WITHIN_TOLERANCE
07:07:57.604,5.586,8,30.01,WITHIN_TOLERANCE
07:07:57.709,5.357,5,27.9,WITHIN_TOLERANCE
07:07:57.815,5.659,9,22.05,WITHIN_TOLERANCE
07:07:57.921,5.955,2,24.2,WITHIN_TOLERANCE
07:07:58.026,5.133,11,23.39,WITHIN_TOLERANCE
07:07:58.355,5.825,7,20.92,WITHIN_TOLERANCE
07:07:58.569,5.616,6,27.14,WITHIN_TOLERANCE
07:07:58.780,5.627,12,24.81,WITHIN_TOLERANCE
07:07:59.203,5.571,6,21.14,WITHIN_TOLERANCE
07:07:59.309,5.658,11,30.19,WITHIN_TOLERANCE
07:07:59.417,7.532,3,28.61,WITHIN_TOLERANCE
07:07:59.523,5.709,8,29.7,WITHIN_TOLERANCE
07:07:59.735,6.841,12,24.93,WITHIN_TOLERANCE
07:07:59.842,5.943,9,24.92,WITHIN_TOLERANCE
07:07:59.948,5.804,12,28.3,WITHIN_TOLERANCE
07:08:00.053,5.710,2,26.01,WITHIN_TOLERANCE
07:08:00.159,5.705,7,28.85,WITHIN_TOLERANCE
07:08:00.265,5.640,11,22.63,WITHIN_TOLERANCE
07:08:00.371,5.658,7,16.66,WITHIN_TOLERANCE
07:08:00.476,5.348,4,29.22,WITHIN_TOLERANCE
07:08:00.794,5.913,4,26.35,WITHIN_TOLERANCE
07:08:00.900,5.641,10,18.85,WITHIN_TOLERANCE
07:08:01.111,5.666,9,24.07,WITHIN_TOLERANCE
07:08:01.324,5.793,2,23.29,WITHIN_TOLERANCE
07:08:01.431,7.715,9,27.85,WITHIN_TOLERANCE
07:08:01.751,5.996,4,23.3,WITHIN_TOLERANCE
07:08:01.857,5.870,7,22.47,WITHIN_TOLERANCE
07:08:01.963,5.623,2,20.47,WITHIN_TOLERANCE
07:08:02.175,5.910,8,23.81,WITHIN_TOLERANCE
07:08:02.496,5.898,12,31.7,WITHIN_TOLERANCE
07:08:02.602,5.579,4,27.09,WITHIN_TOLERANCE
07:08:02.709,7.150,8,31.92,WITHIN_TOLERANCE
07:08:02.815,5.607,3,25.47,WITHIN_TOLERANCE
07:08:03.027,5.749,9,22.34,WITHIN_TOLERANCE
07:08:03.133,5.433,6,19.91,WITHIN_TOLERANCE
07:08:03.345,5.723,4,25.33,WITHIN_TOLERANCE
07:08:03.556,5.455,11,27.11,WITHIN_TOLERANCE
07:08:03.662,5.872,8,29.67,WITHIN_TOLERANCE
07:08:03.874,5.847,9,21.87,WITHIN_TOLERANCE
07:08:03.980,5.593,4,20.99,WITHIN_TOLERANCE
07:08:04.086,6.140,8,20.54,WITHIN_TOLERANCE
07:08:04.404,5.733,4,25.19,WITHIN_TOLERANCE
07:08:04.510,5.362,11,35.9,WITHIN_TOLERANCE
07:08:04.616,5.912,2,23.26,WITHIN_TOLERANCE
07:08:04.722,5.999,10,25.12,WITHIN_TOLERANCE
07:08:04.934,5.594,3,19.06,WITHIN_TOLERANCE
07:08:05.040,5.808,6,16.03,WITHIN_TOLERANCE
07:08:05.146,5.608,2,19.64,WITHIN_TOLERANCE
07:08:05.251,5.684,5,33.22,WITHIN_TOLERANCE
07:08:05.463,5.755,8,16.62,WITHIN_TOLERANCE
07:08:05.886,5.738,9,27.83,WITHIN_TOLERANCE
07:08:05.992,5.704,3,25.13,WITHIN_TOLERANCE
07:08:06.098,5.610,6,27.44,WITHIN_TOLERANCE
07:08:06.204,5.538,12,29.59,WITHIN_TOLERANCE
07:08:06.310,5.636,9,21.81,WITHIN_TOLERANCE
07:08:06.416,6.054,6,32.16,WITHIN_TOLERANCE
07:08:06.528,11.146,10,17.1,WITHIN_TOLERANCE
07:08:06.637,5.591,7,26.54,WITHIN_TOLERANCE
07:08:06.853,9.795,2,28.31,WITHIN_TOLERANCE
07:08:06.981,21.655,7,23.81,WITHIN_TOLERANCE
07:08:07.200,7.898,11,26.87,WITHIN_TOLERANCE
07:08:07.434,10.232,7,25.8,WITHIN_TOLERANCE
07:08:07.542,8.201,12,22.61,WITHIN_TOLERANCE
07:08:07.651,8.921,3,25.02,WITHIN_TOLERANCE
07:08:07.761,9.199,12,29.59,WITHIN_TOLERANCE
07:08:07.972,5.625,6,31.91,WITHIN_TOLERANCE
07:08:08.078,5.746,9,30.36,WITHIN_TOLERANCE
07:08:08.190,11.823,6,27.76,WITHIN_TOLERANCE
07:08:08.401,5.844,5,16.7,WITHIN_TOLERANCE
07:08:08.506,5.383,9,18.69,WITHIN_TOLERANCE
07:08:08.618,11.550,4,22.21,WITHIN_TOLERANCE
07:08:08.723,5.089,11,32.16,WITHIN_TOLERANCE
07:08:09.046,10.172,12,24.26,WITHIN_TOLERANCE
07:08:09.363,5.661,5,28.55,WITHIN_TOLERANCE
07:08:09.469,5.752,10,28.68,WITHIN_TOLERANCE
07:08:09.681,5.697,2,24.39,WITHIN_TOLERANCE
07:08:09.787,5.663,10,32.29,WITHIN_TOLERANCE
07:08:09.893,5.852,3,31.81,WITHIN_TOLERANCE
07:08:09.999,5.483,7,10.57,WITHIN_TOLERANCE
07:08:10.105,5.817,11,22.63,WITHIN_TOLERANCE
07:08:10.317,5.903,8,22.71,WITHIN_TOLERANCE
07:08:10.423,5.928,2,16.36,WITHIN_TOLERANCE
07:08:10.551,27.156,7,29.45,WITHIN_TOLERANCE
07:08:10.658,6.985,2,15.85,WITHIN_TOLERANCE
07:08:10.764,5.682,10,32.72,WITHIN_TOLERANCE
07:08:10.979,5.709,6,24.14,WITHIN_TOLERANCE
07:08:11.085,5.960,11,30.42,WITHIN_TOLERANCE
07:08:11.191,5.809,6,24.63,WITHIN_TOLERANCE
07:08:11.403,5.723,3,22.82,WITHIN_TOLERANCE
07:08:11.510,7.365,10,19.66,WITHIN_TOLERANCE
07:08:11.618,7.011,7,19.18,WITHIN_TOLERANCE
07:08:11.723,5.633,11,25.85,WITHIN_TOLERANCE
07:08:11.829,5.529,5,17.7,WITHIN_TOLERANCE
07:08:11.935,5.540,12,25.57,WITHIN_TOLERANCE
07:08:12.041,6.194,5,31.43,WITHIN_TOLERANCE
07:08:12.740,13.298,5,28.96,WITHIN_TOLERANCE
07:08:12.846,5.282,12,22.76,WITHIN_TOLERANCE
07:08:12.951,5.761,6,22.63,WITHIN_TOLERANCE
07:08:13.058,5.949,10,24.19,WITHIN_TOLERANCE
07:08:13.269,5.526,7,24.19,WITHIN_TOLERANCE
07:08:13.481,5.535,10,27.71,WITHIN_TOLERANCE
07:08:13.587,5.769,3,25.13,WITHIN_TOLERANCE
07:08:13.692,5.676,9,21.89,WITHIN_TOLERANCE
07:08:13.798,5.696,2,29.27,WITHIN_TOLERANCE
07:08:13.904,5.749,9,24.84,WITHIN_TOLERANCE
07:08:14.116,5.901,12,18.89,WITHIN_TOLERANCE
07:08:14.222,5.694,9,33.27,WITHIN_TOLERANCE
07:08:14.328,5.697,5,25.56,WITHIN_TOLERANCE
07:08:14.434,5.718,12,18.48,WITHIN_TOLERANCE
07:08:14.651,6.049,2,23.15,WITHIN_TOLERANCE
07:08:14.863,5.747,11,21.5,WITHIN_TOLERANCE
07:08:14.969,5.593,4,28.15,WITHIN_TOLERANCE
07:08:15.074,5.360,7,22.92,WITHIN_TOLERANCE
07:08:15.709,5.742,2,12.48,WITHIN_TOLERANCE
07:08:15.815,5.532,10,21.05,WITHIN_TOLERANCE
07:08:15.921,5.596,7,27.79,WITHIN_TOLERANCE
07:08:16.238,5.708,3,26.14,WITHIN_TOLERANCE
07:08:16.344,5.593,6,28.79,WITHIN_TOLERANCE
07:08:16.467,17.893,9,13.34,WITHIN_TOLERANCE
07:08:16.892,49.982,3,27.47,WITHIN_TOLERANCE
07:08:17.103,5.819,8,16.17,WITHIN_TOLERANCE
07:08:17.427,11.722,10,26.02,WITHIN_TOLERANCE
07:08:17.536,7.468,2,17.86,WITHIN_TOLERANCE
07:08:17.641,5.735,9,25.13,WITHIN_TOLERANCE
07:08:17.757,15.244,3,27.99,WITHIN_TOLERANCE
07:08:17.875,16.795,11,23.79,WITHIN_TOLERANCE
07:08:18.234,18.471,3,29.76,WITHIN_TOLERANCE
07:08:18.683,5.511,4,22.23,WITHIN_TOLERANCE
07:08:18.788,5.456,7,22.85,WITHIN_TOLERANCE
07:08:19.112,6.116,7,26.3,WITHIN_TOLERANCE
07:08:19.324,5.535,10,30.18,WITHIN_TOLERANCE
07:08:19.535,5.822,4,30.92,WITHIN_TOLERANCE
07:08:19.747,5.962,11,26.28,WITHIN_TOLERANCE
07:08:19.959,5.656,6,18.64,WITHIN_TOLERANCE
07:08:20.065,5.610,11,20.85,WITHIN_TOLERANCE
07:08:20.171,5.833,5,22.67,WITHIN_TOLERANCE
07:08:20.700,5.728,12,18.74,WITHIN_TOLERANCE
07:08:20.807,6.308,4,23.52,WITHIN_TOLERANCE
07:08:20.913,6.042,12,20.94,WITHIN_TOLERANCE
07:08:21.019,5.882,9,25.97,WITHIN_TOLERANCE
07:08:21.231,5.728,8,27.09,WITHIN_TOLERANCE
07:08:21.442,5.753,6,27.18,WITHIN_TOLERANCE
07:08:21.654,5.896,10,22.42,WITHIN_TOLERANCE
07:08:21.760,5.562,3,31.71,WITHIN_TOLERANCE
07:08:21.972,5.875,7,25.47,WITHIN_TOLERANCE
07:08:22.184,5.838,5,33.66,WITHIN_TOLERANCE
07:08:22.293,9.634,2,28.56,WITHIN_TOLERANCE
07:08:22.399,5.702,12,28.56,WITHIN_TOLERANCE
07:08:22.822,5.601,11,31.02,WITHIN_TOLERANCE
07:08:22.941,16.821,4,27.24,WITHIN_TOLERANCE
07:08:23.160,10.473,7,32.95,WITHIN_TOLERANCE
07:08:23.271,9.450,2,25.48,WITHIN_TOLERANCE
07:08:23.384,12.742,12,30.51,WITHIN_TOLERANCE
07:08:23.491,5.204,2,22.38,WITHIN_TOLERANCE
07:08:23.597,5.582,5,25.21,WITHIN_TOLERANCE
07:08:24.233,5.908,10,35.58,WITHIN_TOLERANCE
07:08:24.550,5.708,3,20.45,WITHIN_TOLERANCE
07:08:24.657,5.911,10,28.11,WITHIN_TOLERANCE
07:08:24.868,5.872,5,25.9,WITHIN_TOLERANCE
07:08:24.974,5.554,12,22.63,WITHIN_TOLERANCE
07:08:25.079,5.147,6,31.68,WITHIN_TOLERANCE
07:08:25.185,5.219,12,31.5,WITHIN_TOLERANCE
07:08:25.290,5.606,3,23.64,WITHIN_TOLERANCE
07:08:25.397,6.450,8,22.31,WITHIN_TOLERANCE
07:08:25.625,17.898,3,32.82,WITHIN_TOLERANCE
07:08:25.733,7.508,12,28.54,WITHIN_TOLERANCE
07:08:25.839,5.663,5,26.37,WITHIN_TOLERANCE
07:08:26.051,5.629,4,29.1,WITHIN_TOLERANCE
07:08:26.368,5.726,11,24.08,WITHIN_TOLERANCE
07:08:26.474,5.482,5,19.61,WITHIN_TOLERANCE
07:08:26.580,5.591,8,24.81,WITHIN_TOLERANCE
07:08:26.791,5.755,3,25.51,WITHIN_TOLERANCE
07:08:27.005,5.630,7,32.6,WITHIN_TOLERANCE
07:08:27.111,5.681,3,24.91,WITHIN_TOLERANCE
07:08:27.217,5.902,6,28.68,WITHIN_TOLERANCE
07:08:27.429,5.748,2,18.88,WITHIN_TOLERANCE
07:08:27.535,5.901,6,20.58,WITHIN_TOLERANCE
07:08:28.217,23.166,10,24.32,WITHIN_TOLERANCE
07:08:28.358,28.697,6,23.52,WITHIN_TOLERANCE
07:08:28.483,24.624,10,30.9,WITHIN_TOLERANCE
07:08:28.638,38.120,5,21.69,WITHIN_TOLERANCE
07:08:28.888,10.996,9,26.37,WITHIN_TOLERANCE
07:08:29.010,21.176,3,24.87,WITHIN_TOLERANCE
07:08:29.116,5.751,6,13.84,WITHIN_TOLERANCE
07:08:29.222,6.038,12,18.53,WITHIN_TOLERANCE
07:08:29.328,5.655,7,25.84,WITHIN_TOLERANCE
07:08:29.433,5.430,12,27.24,WITHIN_TOLERANCE
07:08:29.539,5.527,7,18.65,WITHIN_TOLERANCE
07:08:29.645,5.763,11,31.42,WITHIN_TOLERANCE
07:08:29.751,4.927,6,19.64,WITHIN_TOLERANCE
07:08:29.857,6.064,3,30.08,WITHIN_TOLERANCE
07:08:29.964,6.684,8,17.54,WITHIN_TOLERANCE
07:08:30.077,12.199,11,14.07,WITHIN_TOLERANCE
07:08:30.185,5.897,6,24.91,WITHIN_TOLERANCE
07:08:30.397,5.235,10,23.81,WITHIN_TOLERANCE
07:08:30.504,6.942,5,23.68,WITHIN_TOLERANCE
07:08:30.610,5.580,2,26.55,WITHIN_TOLERANCE
07:08:30.715,4.946,6,19.5,WITHIN_TOLERANCE
07:08:30.821,5.570,12,26.45,WITHIN_TOLERANCE
07:08:30.927,5.903,3,25.21,WITHIN_TOLERANCE
07:08:31.350,5.733,8,24.99,WITHIN_TOLERANCE
07:08:31.456,5.794,11,26.76,WITHIN_TOLERANCE
07:08:31.668,5.690,5,24.62,WITHIN_TOLERANCE
07:08:31.880,5.580,9,31.83,WITHIN_TOLERANCE
07:08:32.831,5.803,12,25.28,WITHIN_TOLERANCE
07:08:32.937,5.169,6,24.52,WITHIN_TOLERANCE
07:08:33.151,8.644,9,23.07,WITHIN_TOLERANCE
07:08:33.257,5.749,4,15.36,WITHIN_TOLERANCE
07:08:33.368,10.125,8,25.84,WITHIN_TOLERANCE
07:08:33.994,10.824,8,20.51,WITHIN_TOLERANCE
07:08:34.212,5.838,3,23.54,WITHIN_TOLERANCE
07:08:34.325,11.862,9,32.68,WITHIN_TOLERANCE
07:08:34.644,5.656,6,25.15,WITHIN_TOLERANCE
07:08:34.856,5.952,12,19.97,WITHIN_TOLERANCE
07:08:35.279,5.593,2,17.84,WITHIN_TOLERANCE
07:08:35.385,5.788,8,32.71,WITHIN_TOLERANCE
07:08:35.492,6.866,5,32.75,WITHIN_TOLERANCE
07:08:35.598,5.581,8,30.89,WITHIN_TOLERANCE
07:08:35.704,5.782,11,30.43,WITHIN_TOLERANCE
07:08:35.916,6.614,9,22.16,WITHIN_TOLERANCE
07:08:36.132,5.712,10,31.67,WITHIN_TOLERANCE
07:08:36.238,5.887,7,27.44,WITHIN_TOLERANCE
07:08:36.344,5.711,2,30.78,WITHIN_TOLERANCE
07:08:36.558,5.754,7,28.66,WITHIN_TOLERANCE
07:08:36.770,5.523,9,27.72,WITHIN_TOLERANCE
07:08:36.876,5.900,4,16.02,WITHIN_TOLERANCE
07:08:36.984,7.644,11,25.21,WITHIN_TOLERANCE
07:08:37.089,5.699,3,31.35,WITHIN_TOLERANCE
07:08:37.195,5.843,10,26.2,WITHIN_TOLERANCE
07:08:37.301,5.434,7,79.08,WITHIN_TOLERANCE
07:08:37.513,5.689,6,26.82,WITHIN_TOLERANCE
07:08:37.622,9.133,12,25.23,WITHIN_TOLERANCE
07:08:37.729,6.485,5,26.98,WITHIN_TOLERANCE
07:08:37.835,5.543,9,12.2,WITHIN_TOLERANCE
07:08:38.163,17.124,11,34.72,WITHIN_TOLERANCE
07:08:38.375,5.686,8,22.35,WITHIN_TOLERANCE
07:08:38.480,4.938,4,24.75,WITHIN_TOLERANCE
07:08:38.595,10.458,11,27.57,WITHIN_TOLERANCE
07:08:38.708,10.972,5,22.48,WITHIN_TOLERANCE
07:08:38.824,14.158,9,21.73,WITHIN_TOLERANCE
07:08:39.054,12.486,3,22.31,WITHIN_TOLERANCE
07:08:39.165,9.546,11,21.83,WITHIN_TOLERANCE
07:08:39.483,5.470,5,30.34,WITHIN_TOLERANCE
07:08:39.589,5.530,8,24.09,WITHIN_TOLERANCE
07:08:39.907,5.510,6,22.43,WITHIN_TOLERANCE
07:08:40.016,8.737,9,30.61,WITHIN_TOLERANCE
07:08:40.121,4.904,2,24.08,WITHIN_TOLERANCE
07:08:40.226,4.983,11,17.91,WITHIN_TOLERANCE
07:08:40.338,11.658,8,26.12,WITHIN_TOLERANCE
07:08:40.867,5.586,6,20.38,WITHIN_TOLERANCE
07:08:40.973,5.704,10,12.84,WITHIN_TOLERANCE
07:08:41.079,5.828,2,29.17,WITHIN_TOLERANCE
07:08:41.396,5.376,11,25.05,WITHIN_TOLERANCE
07:08:41.942,5.867,5,16.68,WITHIN_TOLERANCE
07:08:42.158,5.697,9,12.67,WITHIN_TOLERANCE
07:08:42.488,8.196,8,20.75,WITHIN_TOLERANCE
07:08:42.805,5.822,3,27.1,WITHIN_TOLERANCE
07:08:42.911,5.921,7,14.36,WITHIN_TOLERANCE
07:08:43.229,5.737,4,28.49,WITHIN_TOLERANCE
07:08:43.441,5.687,11,26.67,WITHIN_TOLERANCE
07:08:43.547,5.696,6,27.57,WITHIN_TOLERANCE
07:08:43.654,5.097,12,26.71,WITHIN_TOLERANCE
07:08:43.924,31.512,7,21.42,WITHIN_TOLERANCE
07:08:44.052,22.260,4,29.09,WITHIN_TOLERANCE
07:08:44.163,8.878,11,26.5,WITHIN_TOLERANCE
07:08:44.274,10.849,4,26.07,WITHIN_TOLERANCE
07:08:44.591,5.805,2,21.27,WITHIN_TOLERANCE
07:08:44.697,5.548,12,30.1,WITHIN_TOLERANCE
07:08:44.803,5.623,9,29.44,WITHIN_TOLERANCE
07:08:44.909,5.760,2,26.06,WITHIN_TOLERANCE
07:08:45.015,5.805,6,28.13,WITHIN_TOLERANCE
07:08:45.121,5.885,10,18.8,WITHIN_TOLERANCE
07:08:45.333,5.816,4,31.35,WITHIN_TOLERANCE
07:08:45.545,5.741,12,21.21,WITHIN_TOLERANCE
07:08:45.756,5.909,4,28.38,WITHIN_TOLERANCE
07:08:45.862,5.023,8,22.54,WITHIN_TOLERANCE
07:08:46.073,5.679,2,27.01,WITHIN_TOLERANCE
07:08:46.411,24.730,8,24.08,WITHIN_TOLERANCE
07:08:46.521,9.980,11,22.29,WITHIN_TOLERANCE
07:08:46.627,5.622,4,18.01,WITHIN_TOLERANCE
07:08:47.055,5.922,8,14.62,WITHIN_TOLERANCE
07:08:47.375,4.926,2,26.93,WITHIN_TOLERANCE
07:08:47.481,5.820,6,17.94,WITHIN_TOLERANCE
07:08:47.799,5.547,8,29.95,WITHIN_TOLERANCE
07:08:47.905,5.884,12,25.72,WITHIN_TOLERANCE
07:08:48.011,5.867,9,27.39,WITHIN_TOLERANCE
07:08:48.116,4.931,4,24.1,WITHIN_TOLERANCE
07:08:48.222,5.874,9,36.54,WITHIN_TOLERANCE
07:08:48.648,7.667,5,30.36,WITHIN_TOLERANCE
07:08:48.861,5.376,11,32.04,WITHIN_TOLERANCE
07:08:48.972,10.231,5,26.61,WITHIN_TOLERANCE
07:08:49.077,5.035,10,30.59,WITHIN_TOLERANCE
07:08:49.218,40.207,6,18.43,WITHIN_TOLERANCE
07:08:49.323,5.468,2,31.7,WITHIN_TOLERANCE
07:08:49.447,23.465,10,31.9,WITHIN_TOLERANCE
07:08:49.562,14.502,5,26.17,WITHIN_TOLERANCE
07:08:49.677,14.786,12,26.1,WITHIN_TOLERANCE
07:08:49.896,5.835,5,15.39,WITHIN_TOLERANCE
07:08:50.108,5.747,9,36.04,WITHIN_TOLERANCE
07:08:50.320,5.668,3,20.01,WITHIN_TOLERANCE
07:08:50.425,5.510,10,25.25,WITHIN_TOLERANCE
07:08:50.531,5.413,7,31.37,WITHIN_TOLERANCE
07:08:50.742,5.252,2,18.87,WITHIN_TOLERANCE
07:08:50.848,5.866,5,24.29,WITHIN_TOLERANCE
07:08:51.060,5.722,7,27.1,WITHIN_TOLERANCE
07:08:51.486,5.499,10,32.49,WITHIN_TOLERANCE
07:08:51.593,6.822,6,26.86,WITHIN_TOLERANCE
07:08:51.805,5.642,8,32.84,WITHIN_TOLERANCE
07:08:52.017,5.896,3,27.14,WITHIN_TOLERANCE
07:08:52.123,6.013,8,20.72,WITHIN_TOLERANCE
07:08:52.443,6.225,4,27.1,WITHIN_TOLERANCE
07:08:52.982,5.267,12,25.38,WITHIN_TOLERANCE
07:08:53.088,5.852,3,33.6,WITHIN_TOLERANCE
07:08:53.406,5.470,8,22.82,WITHIN_TOLERANCE
07:08:53.511,5.533,2,23.37,WITHIN_TOLERANCE
07:08:53.617,5.570,7,29.8,WITHIN_TOLERANCE
07:08:53.723,5.604,10,26.54,WITHIN_TOLERANCE
07:08:53.828,5.014,2,37.27,WITHIN_TOLERANCE
07:08:53.934,5.329,7,24.33,WITHIN_TOLERANCE
07:08:54.473,10.014,9,29.38,WITHIN_TOLERANCE
07:08:54.704,13.632,3,26.2,WITHIN_TOLERANCE
07:08:54.817,10.892,7,23.85,WITHIN_TOLERANCE
07:08:55.136,6.038,12,33.74,WITHIN_TOLERANCE
07:08:55.242,6.036,7,24.3,WITHIN_TOLERANCE
07:08:55.625,22.564,11,25.6,WITHIN_TOLERANCE
07:08:55.736,6.813,6,17.72,WITHIN_TOLERANCE
07:08:55.842,5.585,11,30.94,WITHIN_TOLERANCE
07:08:55.948,5.746,8,20.82,WITHIN_TOLERANCE
07:08:56.053,5.655,11,20.61,WITHIN_TOLERANCE
07:08:56.159,5.665,7,22.53,WITHIN_TOLERANCE
07:08:56.265,5.769,11,29.05,WITHIN_TOLERANCE
07:08:56.371,5.769,4,30.07,WITHIN_TOLERANCE
07:08:56.477,5.755,8,31.51,WITHIN_TOLERANCE
07:08:56.583,5.908,11,18.73,WITHIN_TOLERANCE
07:08:56.689,5.785,5,30.07,WITHIN_TOLERANCE
07:08:57.007,5.679,12,27.1,WITHIN_TOLERANCE
07:08:57.113,5.917,6,31.49,WITHIN_TOLERANCE
07:08:57.431,5.808,2,30.32,WITHIN_TOLERANCE
07:08:57.537,5.590,11,26.69,WITHIN_TOLERANCE
07:08:57.643,5.728,5,25.26,WITHIN_TOLERANCE
07:08:57.749,5.684,2,36.83,WITHIN_TOLERANCE
07:08:57.855,5.881,11,26.39,WITHIN_TOLERANCE
07:08:58.278,5.685,5,34.91,WITHIN_TOLERANCE
07:08:58.384,6.488,2,24.23,WITHIN_TOLERANCE
07:08:58.490,5.617,5,27.33,WITHIN_TOLERANCE
07:08:58.596,5.705,8,23.01,WITHIN_TOLERANCE
07:08:58.702,6.158,12,20.55,WITHIN_TOLERANCE
07:08:58.921,12.428,7,25.25,WITHIN_TOLERANCE
07:08:59.057,27.584,10,25.36,WITHIN_TOLERANCE
07:08:59.170,9.194,2,24.49,WITHIN_TOLERANCE
07:08:59.275,5.597,9,20.41,WITHIN_TOLERANCE
07:08:59.497,11.148,4,32.73,WITHIN_TOLERANCE
07:08:59.610,12.295,7,17.94,WITHIN_TOLERANCE
07:09:00.298,5.559,8,30.07,WITHIN_TOLERANCE
07:09:00.509,5.507,11,23.33,WITHIN_TOLERANCE
07:09:00.615,5.604,5,23.89,WITHIN_TOLERANCE
07:09:00.721,5.911,8,29.95,WITHIN_TOLERANCE
07:09:01.360,5.487,10,20.79,WITHIN_TOLERANCE
07:09:01.466,5.744,6,11.41,WITHIN_TOLERANCE
07:09:01.783,5.659,12,24.13,WITHIN_TOLERANCE
07:09:01.889,5.697,5,19.06,WITHIN_TOLERANCE
07:09:01.995,5.577,12,20.18,WITHIN_TOLERANCE
07:09:02.207,7.197,7,24.39,WITHIN_TOLERANCE
07:09:02.314,6.207,11,23.24,WITHIN_TOLERANCE
07:09:02.426,12.267,3,28.77,WITHIN_TOLERANCE
07:09:02.743,5.401,9,19.45,WITHIN_TOLERANCE
07:09:02.849,5.847,5,32.7,WITHIN_TOLERANCE
07:09:03.061,5.838,9,29.65,WITHIN_TOLERANCE
07:09:03.167,5.470,12,30.53,WITHIN_TOLERANCE
07:09:03.487,5.744,4,21.24,WITHIN_TOLERANCE
07:09:03.592,5.582,8,20.66,WITHIN_TOLERANCE
07:09:03.698,5.630,4,23.82,WITHIN_TOLERANCE
07:09:03.808,9.358,11,39.58,WITHIN_TOLERANCE
07:09:03.914,5.761,7,27.61,WITHIN_TOLERANCE
07:09:04.020,5.770,10,24.88,WITHIN_TOLERANCE
07:09:04.236,10.325,3,20.41,WITHIN_TOLERANCE
07:09:04.342,5.883,10,15.22,WITHIN_TOLERANCE
07:09:04.448,5.569,5,31.53,WITHIN_TOLERANCE
07:09:04.684,13.890,12,31.65,WITHIN_TOLERANCE
07:09:04.909,12.006,8,27.22,WITHIN_TOLERANCE
07:09:05.030,20.409,12,20.87,WITHIN_TOLERANCE
07:09:05.135,5.268,6,19.69,WITHIN_TOLERANCE
07:09:05.241,5.439,12,17.47,WITHIN_TOLERANCE
07:09:05.347,5.642,8,28.32,WITHIN_TOLERANCE
07:09:05.452,5.470,2,27.94,WITHIN_TOLERANCE
07:09:05.558,5.420,12,32.51,WITHIN_TOLERANCE
07:09:05.664,5.801,8,25.4,WITHIN_TOLERANCE
07:09:05.987,5.608,9,22.44,WITHIN_TOLERANCE
07:09:06.093,5.748,5,19.92,WITHIN_TOLERANCE
07:09:06.414,5.717,8,32.37,WITHIN_TOLERANCE
07:09:06.520,5.885,11,30.39,WITHIN_TOLERANCE
07:09:06.626,5.497,3,26.72,WITHIN_TOLERANCE
07:09:06.733,7.479,6,29.73,WITHIN_TOLERANCE
07:09:06.945,5.685,2,16.96,WITHIN_TOLERANCE
07:09:07.051,5.701,6,24.52,WITHIN_TOLERANCE
07:09:07.369,4.854,12,22.12,WITHIN_TOLERANCE
07:09:07.474,5.454,2,27.75,WITHIN_TOLERANCE
07:09:07.580,5.732,10,19.49,WITHIN_TOLERANCE
07:09:07.686,5.516,4,22.88,WITHIN_TOLERANCE
07:09:07.792,5.700,9,24.63,WITHIN_TOLERANCE
07:09:07.898,5.568,3,26.99,WITHIN_TOLERANCE
07:09:08.003,5.526,11,28.79,WITHIN_TOLERANCE
07:09:08.215,5.671,6,33.5,WITHIN_TOLERANCE
07:09:08.321,5.793,9,23.47,WITHIN_TOLERANCE
07:09:08.638,5.776,12,23.06,WITHIN_TOLERANCE
07:09:08.744,5.481,6,17.69,WITHIN_TOLERANCE
07:09:08.855,10.626,3,32.07,WITHIN_TOLERANCE
07:09:08.971,14.960,6,29.73,WITHIN_TOLERANCE
07:09:09.615,5.597,12,20.54,WITHIN_TOLERANCE
07:09:09.730,14.898,3,34.4,WITHIN_TOLERANCE
07:09:09.836,6.217,8,34.26,WITHIN_TOLERANCE
07:09:09.945,8.074,5,29.4,WITHIN_TOLERANCE
07:09:10.055,9.874,11,23.65,WITHIN_TOLERANCE
07:09:10.289,15.404,4,29.23,WITHIN_TOLERANCE
07:09:10.506,5.656,7,31.6,WITHIN_TOLERANCE
07:09:10.824,5.775,3,32.16,WITHIN_TOLERANCE
07:09:10.930,5.526,7,18.75,WITHIN_TOLERANCE
07:09:11.247,5.703,5,24.16,WITHIN_TOLERANCE
07:09:11.670,5.877,3,13.88,WITHIN_TOLERANCE
07:09:11.776,5.366,6,17.88,WITHIN_TOLERANCE
07:09:11.882,5.862,12,26.53,WITHIN_TOLERANCE
07:09:11.988,5.800,8,23.64,WITHIN_TOLERANCE
07:09:12.411,5.756,9,28.89,WITHIN_TOLERANCE
07:09:12.623,5.559,6,29.25,WITHIN_TOLERANCE
07:09:12.729,5.947,10,28.83,WITHIN_TOLERANCE
07:09:12.834,5.603,6,32.15,WITHIN_TOLERANCE
07:09:13.155,5.594,12,26.5,WITHIN_TOLERANCE
07:09:13.261,5.820,5,27.79,WITHIN_TOLERANCE
07:09:13.366,5.675,10,28.78,WITHIN_TOLERANCE
07:09:13.581,7.308,2,16.07,WITHIN_TOLERANCE
07:09:13.686,5.557,12,31.45,WITHIN_TOLERANCE
07:09:13.792,5.678,2,24.77,WITHIN_TOLERANCE
07:09:13.898,5.888,9,32.04,WITHIN_TOLERANCE
07:09:14.004,5.810,5,26.29,WITHIN_TOLERANCE
07:09:14.110,5.906,11,18.09,WITHIN_TOLERANCE
07:09:14.216,5.696,4,19.53,WITHIN_TOLERANCE
07:09:14.324,6.113,10,27.28,WITHIN_TOLERANCE
07:09:14.430,5.805,7,35.8,WITHIN_TOLERANCE
07:09:14.536,5.564,4,19.29,WITHIN_TOLERANCE
07:09:14.753,9.394,11,17.1,WITHIN_TOLERANCE
07:09:14.972,5.716,4,25.03,WITHIN_TOLERANCE
07:09:15.217,31.225,6,27.27,WITHIN_TOLERANCE
07:09:15.328,11.047,11,27.86,WITHIN_TOLERANCE
07:09:15.445,16.515,8,23.38,WITHIN_TOLERANCE
07:09:15.762,5.132,10,21.22,WITHIN_TOLERANCE
07:09:15.868,5.553,2,22.78,WITHIN_TOLERANCE
07:09:15.973,5.631,5,24.61,WITHIN_TOLERANCE
07:09:16.185,5.652,12,21.45,WITHIN_TOLERANCE
07:09:16.291,5.559,8,27.32,WITHIN_TOLERANCE
07:09:16.396,5.660,4,27.96,WITHIN_TOLERANCE
07:09:16.502,5.719,9,28.33,WITHIN_TOLERANCE
07:09:16.608,5.982,2,28.67,WITHIN_TOLERANCE
07:09:16.820,5.600,9,25.49,WITHIN_TOLERANCE
07:09:16.926,5.540,12,14.39,WITHIN_TOLERANCE
07:09:17.032,5.765,2,31.51,WITHIN_TOLERANCE
07:09:17.137,5.474,6,27.31,WITHIN_TOLERANCE
07:09:17.243,5.661,12,28.51,WITHIN_TOLERANCE
07:09:17.349,5.582,7,17.3,WITHIN_TOLERANCE
07:09:17.455,5.810,2,21.84,WITHIN_TOLERANCE
07:09:17.564,8.742,8,29.49,WITHIN_TOLERANCE
07:09:18.093,5.450,5,24.78,WITHIN_TOLERANCE
07:09:18.304,5.547,12,25.06,WITHIN_TOLERANCE
07:09:18.410,5.614,7,21.4,WITHIN_TOLERANCE
07:09:18.515,5.575,10,26.92,WITHIN_TOLERANCE
07:09:18.621,5.579,2,28.34,WITHIN_TOLERANCE
07:09:18.833,5.643,9,24.02,WITHIN_TOLERANCE
07:09:19.045,5.858,7,31.95,WITHIN_TOLERANCE
07:09:19.257,6.353,5,33.8,WITHIN_TOLERANCE
07:09:19.363,5.599,9,18.64,WITHIN_TOLERANCE
07:09:19.576,7.855,8,17.13,WITHIN_TOLERANCE
07:09:19.682,5.573,11,22.96,WITHIN_TOLERANCE
07:09:20.277,20.154,12,24.34,WITHIN_TOLERANCE
07:09:20.393,14.931,6,23.43,WITHIN_TOLERANCE
07:09:20.854,5.751,11,25.42,WITHIN_TOLERANCE
07:09:20.960,5.511,8,24.95,WITHIN_TOLERANCE
07:09:21.384,5.709,4,28.57,WITHIN_TOLERANCE
07:09:21.494,10.509,7,19.45,WITHIN_TOLERANCE
07:09:21.602,5.601,10,30.67,WITHIN_TOLERANCE
07:09:21.816,6.116,7,22.09,WITHIN_TOLERANCE
07:09:21.924,8.451,3,23.51,WITHIN_TOLERANCE
07:09:22.030,5.789,6,29.57,WITHIN_TOLERANCE
07:09:22.242,5.527,9,22.14,WITHIN_TOLERANCE
07:09:22.348,5.697,6,27.14,WITHIN_TOLERANCE
07:09:22.454,5.702,11,31.0,WITHIN_TOLERANCE
07:09:22.559,5.296,7,34.3,WITHIN_TOLERANCE
07:09:22.770,5.682,11,23.27,WITHIN_TOLERANCE
07:09:22.982,5.523,3,26.53,WITHIN_TOLERANCE
07:09:23.088,5.472,12,19.94,WITHIN_TOLERANCE
07:09:23.193,5.699,2,25.3,WITHIN_TOLERANCE
07:09:23.299,5.580,9,18.21,WITHIN_TOLERANCE
07:09:23.405,5.503,5,23.48,WITHIN_TOLERANCE
07:09:23.511,5.738,2,28.27,WITHIN_TOLERANCE
07:09:23.833,9.756,10,19.13,WITHIN_TOLERANCE
07:09:24.160,5.861,4,21.83,WITHIN_TOLERANCE
07:09:24.266,5.672,8,24.22,WITHIN_TOLERANCE
07:09:24.583,5.811,9,25.09,WITHIN_TOLERANCE
07:09:24.795,5.520,2,21.37,WITHIN_TOLERANCE
07:09:24.901,5.757,7,19.05,WITHIN_TOLERANCE
07:09:25.115,5.509,2,22.69,WITHIN_TOLERANCE
07:09:25.232,16.308,12,25.45,WITHIN_TOLERANCE
07:09:25.477,23.061,2,24.66,WITHIN_TOLERANCE
07:09:25.726,9.715,8,24.41,WITHIN_TOLERANCE
07:09:25.955,9.151,3,55.88,WITHIN_TOLERANCE
07:09:26.061,5.762,7,17.95,WITHIN_TOLERANCE
07:09:26.167,5.695,11,20.48,WITHIN_TOLERANCE
07:09:26.273,5.770,5,26.68,WITHIN_TOLERANCE
07:09:26.590,5.530,11,34.4,WITHIN_TOLERANCE
07:09:27.013,5.612,7,22.62,WITHIN_TOLERANCE
07:09:27.119,5.719,4,28.75,WITHIN_TOLERANCE
07:09:27.331,5.576,8,32.59,WITHIN_TOLERANCE
07:09:27.543,5.880,2,24.95,WITHIN_TOLERANCE
07:09:27.649,5.795,10,32.87,WITHIN_TOLERANCE
07:09:27.755,5.531,5,22.74,WITHIN_TOLERANCE
07:09:27.860,5.296,11,31.17,WITHIN_TOLERANCE
07:09:28.072,5.871,2,17.03,WITHIN_TOLERANCE
07:09:28.183,10.581,12,12.1,WITHIN_TOLERANCE
07:09:28.290,6.644,7,27.02,WITHIN_TOLERANCE
07:09:28.395,5.486,12,30.39,WITHIN_TOLERANCE
07:09:28.501,5.764,9,27.9,WITHIN_TOLERANCE
07:09:28.613,11.180,3,21.04,WITHIN_TOLERANCE
07:09:29.036,5.663,7,22.71,WITHIN_TOLERANCE
07:09:29.142,5.636,12,16.49,WITHIN_TOLERANCE
07:09:29.247,5.317,7,28.83,WITHIN_TOLERANCE
07:09:29.459,5.624,4,33.01,WITHIN_TOLERANCE
07:09:29.565,5.691,10,17.88,WITHIN_TOLERANCE
07:09:29.671,5.637,6,24.16,WITHIN_TOLERANCE
07:09:29.777,5.750,2,17.17,WITHIN_TOLERANCE
07:09:29.882,5.589,8,33.07,WITHIN_TOLERANCE
07:09:29.992,9.291,11,14.65,WITHIN_TOLERANCE
07:09:30.204,5.663,5,19.11,WITHIN_TOLERANCE
07:09:30.331,26.730,2,30.04,WITHIN_TOLERANCE
07:09:30.550,11.405,6,27.1,WITHIN_TOLERANCE
07:09:30.666,16.170,10,24.54,WITHIN_TOLERANCE
07:09:30.908,24.488,5,21.86,WITHIN_TOLERANCE
07:09:31.335,5.605,10,24.33,WITHIN_TOLERANCE
07:09:31.444,7.557,3,23.3,WITHIN_TOLERANCE
07:09:31.551,7.196,8,33.9,WITHIN_TOLERANCE
07:09:31.975,5.828,2,22.47,WITHIN_TOLERANCE
07:09:32.080,5.627,5,29.41,WITHIN_TOLERANCE
07:09:32.186,5.833,11,14.52,WITHIN_TOLERANCE
07:09:32.292,5.792,5,30.47,WITHIN_TOLERANCE
07:09:32.508,9.518,8,25.2,WITHIN_TOLERANCE
07:09:32.723,8.696,11,25.91,WITHIN_TOLERANCE
07:09:32.830,5.557,5,29.65,WITHIN_TOLERANCE
07:09:33.042,5.665,11,24.68,WITHIN_TOLERANCE
07:09:33.148,5.626,8,16.64,WITHIN_TOLERANCE
07:09:33.254,5.827,2,22.94,WITHIN_TOLERANCE
07:09:33.360,5.747,7,24.97,WITHIN_TOLERANCE
07:09:33.571,5.601,10,28.49,WITHIN_TOLERANCE
07:09:33.679,7.494,2,25.62,WITHIN_TOLERANCE
07:09:33.785,5.591,5,26.75,WITHIN_TOLERANCE
07:09:34.209,5.880,12,23.13,WITHIN_TOLERANCE
07:09:34.315,5.842,8,23.25,WITHIN_TOLERANCE
07:09:34.746,12.007,12,24.14,WITHIN_TOLERANCE
07:09:34.852,5.161,3,25.21,WITHIN_TOLERANCE
07:09:35.071,5.583,6,22.36,WITHIN_TOLERANCE
07:09:35.176,5.635,9,21.06,WITHIN_TOLERANCE
07:09:35.282,5.795,5,26.11,WITHIN_TOLERANCE
07:09:35.397,14.237,10,20.46,WITHIN_TOLERANCE
07:09:35.512,14.670,5,13.64,WITHIN_TOLERANCE
07:09:35.630,16.633,12,27.27,WITHIN_TOLERANCE
07:09:35.746,12.815,3,23.9,WITHIN_TOLERANCE
07:09:35.859,11.840,12,21.45,WITHIN_TOLERANCE
07:09:35.964,5.171,7,22.43,WITHIN_TOLERANCE
07:09:36.388,5.635,11,14.24,WITHIN_TOLERANCE
07:09:36.494,5.640,5,17.18,WITHIN_TOLERANCE
07:09:36.707,5.664,12,29.58,WITHIN_TOLERANCE
07:09:36.812,5.459,9,30.54,WITHIN_TOLERANCE
07:09:36.918,5.493,5,29.72,WITHIN_TOLERANCE
07:09:37.146,5.805,12,26.0,WITHIN_TOLERANCE
07:09:37.464,5.635,5,20.63,WITHIN_TOLERANCE
07:09:37.675,5.503,12,24.07,WITHIN_TOLERANCE
07:09:37.782,6.179,9,23.33,WITHIN_TOLERANCE
07:09:37.887,5.449,3,24.94,WITHIN_TOLERANCE
07:09:37.993,5.625,8,27.59,WITHIN_TOLERANCE
07:09:38.205,5.689,12,31.0,WITHIN_TOLERANCE
07:09:38.311,5.682,9,22.8,WITHIN_TOLERANCE
07:09:38.418,6.902,2,28.08,WITHIN_TOLERANCE
07:09:38.752,20.046,8,13.58,WITHIN_TOLERANCE
07:09:38.858,6.005,3,24.62,WITHIN_TOLERANCE
07:09:39.077,5.695,9,18.24,WITHIN_TOLERANCE
07:09:39.289,5.608,2,34.71,WITHIN_TOLERANCE
07:09:39.606,5.609,9,16.81,WITHIN_TOLERANCE
07:09:39.923,5.493,2,28.37,WITHIN_TOLERANCE
07:09:40.029,5.713,11,31.31,WITHIN_TOLERANCE
07:09:40.241,5.633,7,20.45,WITHIN_TOLERANCE
07:09:40.347,5.869,10,21.99,WITHIN_TOLERANCE
07:09:40.452,5.569,3,21.23,WITHIN_TOLERANCE
07:09:40.565,12.863,8,18.09,WITHIN_TOLERANCE
07:09:40.901,10.269,12,22.54,WITHIN_TOLERANCE
07:09:41.011,9.140,7,22.04,WITHIN_TOLERANCE
07:09:41.123,11.652,3,25.24,WITHIN_TOLERANCE
07:09:41.239,14.685,8,26.09,WITHIN_TOLERANCE
07:09:41.668,5.759,3,28.18,WITHIN_TOLERANCE
07:09:41.774,5.738,12,29.2,WITHIN_TOLERANCE
07:09:41.880,5.821,5,26.63,WITHIN_TOLERANCE
07:09:41.986,5.875,11,24.58,WITHIN_TOLERANCE
07:09:42.319,12.997,4,36.7,WITHIN_TOLERANCE
07:09:42.425,5.564,11,25.67,WITHIN_TOLERANCE
07:09:42.649,14.058,6,34.26,WITHIN_TOLERANCE
07:09:42.862,7.134,10,22.36,WITHIN_TOLERANCE
07:09:42.968,5.729,2,21.63,WITHIN_TOLERANCE
07:09:43.074,5.694,8,17.87,WITHIN_TOLERANCE
07:09:43.286,5.819,2,25.03,WITHIN_TOLERANCE
07:09:43.397,10.147,10,11.67,WITHIN_TOLERANCE
07:09:43.514,15.036,3,35.32,WITHIN_TOLERANCE
07:09:43.626,11.628,11,30.62,WITHIN_TOLERANCE
07:09:43.843,6.564,9,23.75,WITHIN_TOLERANCE
07:09:43.979,35.624,5,21.39,WITHIN_TOLERANCE
07:09:44.190,5.771,9,29.39,WITHIN_TOLERANCE
07:09:44.296,5.656,3,25.26,WITHIN_TOLERANCE
07:09:44.614,5.700,6,25.95,WITHIN_TOLERANCE
07:09:44.720,5.959,11,35.02,WITHIN_TOLERANCE
07:09:44.826,5.894,4,32.99,WITHIN_TOLERANCE
07:09:44.931,5.329,8,24.24,WITHIN_TOLERANCE
07:09:45.037,5.765,12,25.04,WITHIN_TOLERANCE
07:09:45.465,9.834,8,23.24,WITHIN_TOLERANCE
07:09:45.942,33.642,4,26.79,WITHIN_TOLERANCE
07:09:46.186,10.797,12,32.63,WITHIN_TOLERANCE
07:09:46.296,9.613,6,33.8,WITHIN_TOLERANCE
07:09:46.508,5.472,3,17.83,WITHIN_TOLERANCE
07:09:46.719,5.393,12,25.69,WITHIN_TOLERANCE
07:09:46.825,6.079,3,23.87,WITHIN_TOLERANCE
07:09:46.931,5.684,12,25.94,WITHIN_TOLERANCE
07:09:47.037,5.683,9,26.1,WITHIN_TOLERANCE
07:09:47.249,5.888,3,27.34,WITHIN_TOLERANCE
07:09:47.355,5.497,9,29.48,WITHIN_TOLERANCE
07:09:47.461,5.990,5,29.9,WITHIN_TOLERANCE
07:09:47.584,22.830,11,31.66,WITHIN_TOLERANCE
07:09:47.696,12.257,5,24.08,WITHIN_TOLERANCE
07:09:48.016,6.984,10,23.28,WITHIN_TOLERANCE
07:09:48.122,5.499,4,19.42,WITHIN_TOLERANCE
07:09:48.228,5.794,8,28.21,WITHIN_TOLERANCE
07:09:48.334,5.772,5,26.13,WITHIN_TOLERANCE
07:09:48.439,5.529,11,20.82,WITHIN_TOLERANCE
07:09:48.545,5.776,7,29.16,WITHIN_TOLERANCE
07:09:48.651,5.637,10,22.5,WITHIN_TOLERANCE
07:09:48.757,5.519,5,28.93,WITHIN_TOLERANCE
07:09:48.968,5.241,6,29.74,WITHIN_TOLERANCE
07:09:49.179,5.640,2,29.9,WITHIN_TOLERANCE
07:09:49.602,5.504,8,21.32,WITHIN_TOLERANCE
07:09:50.130,5.572,2,28.45,WITHIN_TOLERANCE
07:09:50.240,9.652,6,28.22,WITHIN_TOLERANCE
07:09:51.002,14.605,2,23.72,WITHIN_TOLERANCE
07:09:51.109,7.069,6,27.43,WITHIN_TOLERANCE
07:09:51.341,13.827,9,25.23,WITHIN_TOLERANCE
07:09:51.477,33.810,6,31.56,WITHIN_TOLERANCE
07:09:51.720,15.945,2,20.26,WITHIN_TOLERANCE
07:09:51.826,5.239,6,21.1,WITHIN_TOLERANCE
07:09:52.143,5.608,3,22.75,WITHIN_TOLERANCE
07:09:52.249,5.615,6,31.07,WITHIN_TOLERANCE
07:09:52.354,5.634,2,31.33,WITHIN_TOLERANCE
07:09:52.460,5.832,6,25.23,WITHIN_TOLERANCE
07:09:52.672,5.664,2,23.44,WITHIN_TOLERANCE
07:09:52.778,5.692,8,24.91,WITHIN_TOLERANCE
07:09:52.884,5.689,12,22.64,WITHIN_TOLERANCE
07:09:52.989,5.611,4,26.13,WITHIN_TOLERANCE
07:09:53.095,5.306,10,22.28,WITHIN_TOLERANCE
07:09:53.200,5.403,3,20.47,WITHIN_TOLERANCE
07:09:53.309,8.333,8,15.59,WITHIN_TOLERANCE
07:09:53.522,5.555,10,33.23,WITHIN_TOLERANCE
07:09:53.734,5.276,5,28.67,WITHIN_TOLERANCE
07:09:53.840,5.680,11,29.91,WITHIN_TOLERANCE
07:09:53.958,14.202,8,28.15,WITHIN_TOLERANCE
07:09:54.067,5.564,4,29.47,WITHIN_TOLERANCE
07:09:54.279,5.607,10,27.82,WITHIN_TOLERANCE
07:09:54.491,5.787,5,35.64,WITHIN_TOLERANCE
07:09:54.808,5.648,11,28.41,WITHIN_TOLERANCE
07:09:54.914,5.489,8,26.74,WITHIN_TOLERANCE
07:09:55.126,5.567,2,19.19,WITHIN_TOLERANCE
07:09:55.549,5.947,5,22.67,WITHIN_TOLERANCE
07:09:55.655,5.700,11,23.81,WITHIN_TOLERANCE
07:09:55.761,5.751,7,25.04,WITHIN_TOLERANCE
07:09:55.867,5.663,10,26.49,WITHIN_TOLERANCE
07:09:55.973,5.658,3,25.71,WITHIN_TOLERANCE
07:09:56.091,17.419,9,30.12,WITHIN_TOLERANCE
07:09:56.197,5.770,4,13.74,WITHIN_TOLERANCE
07:09:56.409,5.706,10,23.04,WITHIN_TOLERANCE
07:09:56.514,5.483,3,34.4,WITHIN_TOLERANCE
07:09:56.726,5.480,12,22.76,WITHIN_TOLERANCE
07:09:56.832,5.691,2,24.43,WITHIN_TOLERANCE
07:09:56.938,5.754,12,28.7,WITHIN_TOLERANCE
07:09:57.043,5.150,9,21.11,WITHIN_TOLERANCE
07:09:57.360,5.276,5,30.38,WITHIN_TOLERANCE
07:09:57.783,5.584,10,24.62,WITHIN_TOLERANCE
07:09:57.889,5.527,4,32.73,WITHIN_TOLERANCE
07:09:57.995,5.517,9,20.5,WITHIN_TOLERANCE
07:09:58.102,7.628,12,21.63,WITHIN_TOLERANCE
07:09:58.329,19.543,6,26.39,WITHIN_TOLERANCE
07:09:58.563,24.539,3,27.03,WITHIN_TOLERANCE
07:09:58.678,13.660,7,17.24,WITHIN_TOLERANCE
07:09:58.909,19.424,2,19.61,WITHIN_TOLERANCE
07:09:59.025,11.455,5,32.54,WITHIN_TOLERANCE
07:09:59.133,6.076,9,22.72,WITHIN_TOLERANCE
07:09:59.239,5.677,2,26.57,WITHIN_TOLERANCE
07:09:59.345,5.785,6,28.61,WITHIN_TOLERANCE
07:09:59.451,5.637,3,22.07,WITHIN_TOLERANCE
07:09:59.557,5.764,9,22.59,WITHIN_TOLERANCE
07:09:59.663,5.881,12,19.44,WITHIN_TOLERANCE
07:09:59.769,5.553,5,30.92,WITHIN_TOLERANCE
07:09:59.981,5.954,7,20.89,WITHIN_TOLERANCE
07:10:00.403,5.544,7,23.06,WITHIN_TOLERANCE
07:10:00.509,5.396,12,31.0,WITHIN_TOLERANCE
07:10:00.721,5.996,2,35.88,WITHIN_TOLERANCE
07:10:01.463,5.621,11,19.5,WITHIN_TOLERANCE
07:10:01.888,7.838,6,30.87,WITHIN_TOLERANCE
07:10:02.430,5.583,4,21.88,WITHIN_TOLERANCE
07:10:02.747,6.032,7,32.1,WITHIN_TOLERANCE
07:10:02.853,5.895,4,26.48,WITHIN_TOLERANCE
07:10:02.959,5.692,7,22.13,WITHIN_TOLERANCE
07:10:03.280,5.878,2,29.95,WITHIN_TOLERANCE
07:10:03.385,5.718,11,27.71,WITHIN_TOLERANCE
07:10:03.612,9.184,6,27.61,WITHIN_TOLERANCE
07:10:03.941,5.289,3,18.63,WITHIN_TOLERANCE
07:10:04.069,25.411,11,23.47,WITHIN_TOLERANCE
07:10:04.493,5.888,6,27.95,WITHIN_TOLERANCE
07:10:04.811,6.046,2,23.08,WITHIN_TOLERANCE
07:10:04.917,5.667,5,23.08,WITHIN_TOLERANCE
07:10:05.023,5.937,2,21.49,WITHIN_TOLERANCE
07:10:05.242,6.014,10,36.27,WITHIN_TOLERANCE
07:10:05.348,5.993,4,24.26,WITHIN_TOLERANCE
07:10:05.772,5.735,9,21.84,WITHIN_TOLERANCE
07:10:05.984,5.319,11,20.53,WITHIN_TOLERANCE
07:10:06.620,5.738,10,23.58,WITHIN_TOLERANCE
07:10:06.831,5.250,11,29.26,WITHIN_TOLERANCE
07:10:07.158,7.651,4,19.11,WITHIN_TOLERANCE
07:10:07.263,5.268,8,28.0,WITHIN_TOLERANCE
07:10:07.793,5.610,5,32.78,WITHIN_TOLERANCE
07:10:07.899,5.808,2,23.59,WITHIN_TOLERANCE
07:10:08.004,5.701,10,29.43,WITHIN_TOLERANCE
07:10:08.111,6.386,3,30.86,WITHIN_TOLERANCE
07:10:08.430,5.845,9,25.07,WITHIN_TOLERANCE
07:10:08.549,17.602,6,19.71,WITHIN_TOLERANCE
07:10:08.659,10.135,2,24.58,WITHIN_TOLERANCE
07:10:08.771,9.128,8,23.82,WITHIN_TOLERANCE
07:10:08.999,10.234,2,19.28,WITHIN_TOLERANCE
07:10:09.120,18.018,12,25.53,WITHIN_TOLERANCE
07:10:09.230,10.276,6,22.12,WITHIN_TOLERANCE
07:10:09.335,4.946,12,23.28,WITHIN_TOLERANCE
07:10:09.777,16.740,6,27.21,WITHIN_TOLERANCE
07:10:09.888,5.141,3,33.56,WITHIN_TOLERANCE
07:10:09.993,5.034,6,31.78,WITHIN_TOLERANCE
07:10:10.208,8.967,2,25.48,WITHIN_TOLERANCE
07:10:10.313,5.278,12,24.94,WITHIN_TOLERANCE
07:10:10.419,5.656,2,21.08,WITHIN_TOLERANCE
07:10:10.525,5.697,7,15.95,WITHIN_TOLERANCE
07:10:10.635,9.293,11,16.75,WITHIN_TOLERANCE
07:10:10.846,5.691,4,22.97,WITHIN_TOLERANCE
07:10:10.953,6.273,7,18.52,WITHIN_TOLERANCE
07:10:11.483,5.874,10,26.76,WITHIN_TOLERANCE
07:10:11.588,5.732,5,19.24,WITHIN_TOLERANCE
07:10:11.695,5.936,10,22.33,WITHIN_TOLERANCE
07:10:11.800,5.794,5,27.63,WITHIN_TOLERANCE
07:10:12.014,7.258,10,25.16,WITHIN_TOLERANCE
07:10:12.229,7.955,2,26.44,WITHIN_TOLERANCE
07:10:12.335,5.666,10,23.18,WITHIN_TOLERANCE
07:10:12.441,5.745,5,27.22,WITHIN_TOLERANCE
07:10:12.547,5.879,11,28.04,WITHIN_TOLERANCE
07:10:12.662,15.045,6,26.16,WITHIN_TOLERANCE
07:10:12.769,5.169,9,19.28,WITHIN_TOLERANCE
07:10:12.875,5.008,4,26.4,WITHIN_TOLERANCE
07:10:13.086,5.274,9,24.84,WITHIN_TOLERANCE
07:10:13.632,5.799,2,30.68,WITHIN_TOLERANCE
07:10:13.741,8.828,5,18.27,WITHIN_TOLERANCE
07:10:14.095,16.759,10,39.75,WITHIN_TOLERANCE
07:10:14.532,5.780,2,59.31,WITHIN_TOLERANCE
07:10:14.637,5.646,10,28.57,WITHIN_TOLERANCE
07:10:14.966,5.642,3,26.07,WITHIN_TOLERANCE
07:10:15.075,8.599,12,21.92,WITHIN_TOLERANCE
07:10:15.288,6.133,2,18.82,WITHIN_TOLERANCE
07:10:15.510,10.155,6,29.67,WITHIN_TOLERANCE
07:10:15.616,5.739,11,21.49,WITHIN_TOLERANCE
07:10:15.934,5.682,3,21.71,WITHIN_TOLERANCE
07:10:16.146,6.171,10,25.44,WITHIN_TOLERANCE
07:10:16.358,5.977,4,20.04,WITHIN_TOLERANCE
07:10:16.464,5.586,11,26.93,WITHIN_TOLERANCE
07:10:16.676,5.574,8,28.66,WITHIN_TOLERANCE
07:10:16.782,5.811,5,16.98,WITHIN_TOLERANCE
07:10:16.891,9.040,12,32.28,WITHIN_TOLERANCE
07:10:16.998,5.878,5,31.15,WITHIN_TOLERANCE
07:10:17.421,5.493,10,27.66,WITHIN_TOLERANCE
07:10:17.633,5.452,7,28.92,WITHIN_TOLERANCE
07:10:17.845,5.665,10,26.1,WITHIN_TOLERANCE
07:10:17.968,20.612,5,23.14,WITHIN_TOLERANCE
07:10:18.073,5.114,10,27.91,WITHIN_TOLERANCE
07:10:18.179,5.568,5,23.69,WITHIN_TOLERANCE
07:10:18.602,5.723,12,19.35,WITHIN_TOLERANCE
07:10:18.739,31.421,9,29.51,WITHIN_TOLERANCE
07:10:18.844,5.249,3,25.62,WITHIN_TOLERANCE
07:10:19.109,11.520,10,37.98,WITHIN_TOLERANCE
07:10:19.339,14.120,4,24.41,WITHIN_TOLERANCE
07:10:19.464,24.777,8,22.46,WITHIN_TOLERANCE
07:10:19.888,6.475,9,24.47,WITHIN_TOLERANCE
07:10:20.104,9.987,8,32.33,WITHIN_TOLERANCE
07:10:20.952,6.220,4,17.11,WITHIN_TOLERANCE
07:10:21.058,6.100,11,24.96,WITHIN_TOLERANCE
07:10:21.165,6.000,7,27.79,WITHIN_TOLERANCE
07:10:21.271,6.062,3,16.73,WITHIN_TOLERANCE
07:10:21.377,6.056,12,22.7,WITHIN_TOLERANCE
07:10:21.483,5.821,9,22.32,WITHIN_TOLERANCE
07:10:21.589,5.702,2,34.72,WITHIN_TOLERANCE
07:10:22.013,5.985,8,27.64,WITHIN_TOLERANCE
07:10:22.544,5.965,4,24.75,WITHIN_TOLERANCE
07:10:22.862,5.802,10,26.98,WITHIN_TOLERANCE
07:10:22.968,5.994,5,16.0,WITHIN_TOLERANCE
07:10:23.179,5.763,10,21.55,WITHIN_TOLERANCE
07:10:23.393,6.957,9,32.09,WITHIN_TOLERANCE
07:10:23.499,5.926,6,18.74,WITHIN_TOLERANCE
07:10:23.605,5.755,11,20.94,WITHIN_TOLERANCE
07:10:23.823,5.822,12,24.13,WITHIN_TOLERANCE
07:10:23.929,5.937,6,23.64,WITHIN_TOLERANCE
07:10:24.035,5.871,2,23.14,WITHIN_TOLERANCE
07:10:24.396,12.537,9,16.52,WITHIN_TOLERANCE
07:10:24.512,14.224,6,26.51,WITHIN_TOLERANCE
07:10:24.622,9.026,10,26.5,WITHIN_TOLERANCE
07:10:24.834,5.778,6,28.65,WITHIN_TOLERANCE
07:10:25.046,6.284,12,32.45,WITHIN_TOLERANCE
07:10:25.152,5.832,5,23.19,WITHIN_TOLERANCE
07:10:25.365,5.927,12,25.11,WITHIN_TOLERANCE
07:10:25.471,6.247,4,25.21,WITHIN_TOLERANCE
07:10:25.577,5.777,9,37.61,WITHIN_TOLERANCE
07:10:25.683,5.909,3,28.68,WITHIN_TOLERANCE
07:10:25.798,12.092,6,34.45,WITHIN_TOLERANCE
07:10:25.905,6.114,12,23.31,WITHIN_TOLERANCE
07:10:26.013,7.102,7,26.68,WITHIN_TOLERANCE
07:10:26.119,6.468,12,29.86,WITHIN_TOLERANCE
07:10:26.331,6.028,2,19.5,WITHIN_TOLERANCE
07:10:26.652,5.956,11,26.6,WITHIN_TOLERANCE
07:10:26.971,6.091,12,29.17,WITHIN_TOLERANCE
07:10:27.077,6.000,6,23.09,WITHIN_TOLERANCE
07:10:27.183,6.049,10,19.91,WITHIN_TOLERANCE
07:10:27.395,5.808,3,26.97,WITHIN_TOLERANCE
07:10:27.819,5.776,11,17.89,WITHIN_TOLERANCE
07:10:27.925,5.585,7,25.67,WITHIN_TOLERANCE
07:10:28.030,5.455,12,26.36,WITHIN_TOLERANCE
07:10:28.136,5.457,3,26.53,WITHIN_TOLERANCE
07:10:28.242,6.131,8,35.99,WITHIN_TOLERANCE
07:10:28.561,5.883,12,22.92,WITHIN_TOLERANCE
07:10:28.773,5.780,4,25.32,WITHIN_TOLERANCE
07:10:28.985,6.500,9,28.76,WITHIN_TOLERANCE
07:10:29.200,5.742,4,31.21,WITHIN_TOLERANCE
07:10:29.312,10.807,8,26.67,WITHIN_TOLERANCE
07:10:29.431,14.011,4,27.04,WITHIN_TOLERANCE
07:10:29.550,14.951,12,29.13,WITHIN_TOLERANCE
07:10:29.658,7.946,9,27.13,WITHIN_TOLERANCE
07:10:29.767,8.205,3,30.25,WITHIN_TOLERANCE
07:10:29.873,5.658,9,28.0,WITHIN_TOLERANCE
07:10:30.328,16.655,12,18.69,WITHIN_TOLERANCE
07:10:30.436,5.730,9,23.68,WITHIN_TOLERANCE
07:10:30.650,8.638,7,20.09,WITHIN_TOLERANCE
07:10:30.862,5.898,11,24.55,WITHIN_TOLERANCE
07:10:31.284,4.123,3,23.51,WITHIN_TOLERANCE
07:10:31.388,4.165,10,25.89,WITHIN_TOLERANCE
07:10:31.635,36.318,4,22.07,WITHIN_TOLERANCE
07:10:31.747,11.546,12,24.46,WITHIN_TOLERANCE
07:10:31.853,5.852,7,22.23,WITHIN_TOLERANCE
07:10:31.959,6.675,4,25.03,WITHIN_TOLERANCE
07:10:32.172,5.882,9,19.2,WITHIN_TOLERANCE
07:10:32.384,6.393,5,21.91,WITHIN_TOLERANCE
07:10:32.596,5.781,2,28.32,WITHIN_TOLERANCE
07:10:32.702,5.786,9,23.43,WITHIN_TOLERANCE
07:10:32.808,5.887,12,22.08,WITHIN_TOLERANCE
07:10:32.914,5.756,7,25.6,WITHIN_TOLERANCE
07:10:33.126,5.347,11,18.9,WITHIN_TOLERANCE
07:10:33.549,5.216,4,18.77,WITHIN_TOLERANCE
07:10:33.761,6.109,7,27.07,WITHIN_TOLERANCE
07:10:33.867,6.212,4,19.4,WITHIN_TOLERANCE
07:10:34.214,5.580,9,20.87,WITHIN_TOLERANCE
07:10:34.320,5.817,6,26.93,WITHIN_TOLERANCE
07:10:34.448,26.843,12,27.07,WITHIN_TOLERANCE
07:10:34.572,16.808,3,25.24,WITHIN_TOLERANCE
07:10:34.907,10.444,10,22.6,WITHIN_TOLERANCE
07:10:35.227,5.823,8,25.87,WITHIN_TOLERANCE
07:10:35.333,5.768,4,19.24,WITHIN_TOLERANCE
07:10:35.551,12.280,12,26.38,WITHIN_TOLERANCE
07:10:35.657,5.836,9,23.48,WITHIN_TOLERANCE
07:10:35.763,5.609,4,22.52,WITHIN_TOLERANCE
07:10:35.869,6.370,8,20.08,WITHIN_TOLERANCE
07:10:35.975,4.854,12,24.46,WITHIN_TOLERANCE
07:10:36.300,5.757,3,28.36,WITHIN_TOLERANCE
07:10:36.406,5.663,11,27.05,WITHIN_TOLERANCE
07:10:36.512,6.106,8,25.95,WITHIN_TOLERANCE
07:10:37.465,5.898,2,20.0,WITHIN_TOLERANCE
07:10:37.572,6.134,6,24.01,WITHIN_TOLERANCE
07:10:37.677,5.750,3,23.24,WITHIN_TOLERANCE
07:10:37.783,5.706,11,29.07,WITHIN_TOLERANCE
07:10:37.889,5.725,3,28.02,WITHIN_TOLERANCE
07:10:38.101,5.857,11,23.65,WITHIN_TOLERANCE
07:10:38.208,6.181,6,16.9,WITHIN_TOLERANCE
07:10:38.314,5.768,3,20.64,WITHIN_TOLERANCE
07:10:38.419,5.725,7,25.99,WITHIN_TOLERANCE
07:10:38.632,6.601,5,18.82,WITHIN_TOLERANCE
07:10:39.168,12.598,9,28.13,WITHIN_TOLERANCE
07:10:39.486,5.849,6,19.79,WITHIN_TOLERANCE
07:10:39.599,12.064,10,25.32,WITHIN_TOLERANCE
07:10:39.708,8.258,6,20.0,WITHIN_TOLERANCE
07:10:39.821,9.557,10,21.38,WITHIN_TOLERANCE
07:10:40.149,5.286,2,26.02,WITHIN_TOLERANCE
07:10:40.255,5.819,11,22.14,WITHIN_TOLERANCE
07:10:40.466,5.520,7,22.98,WITHIN_TOLERANCE
07:10:40.572,5.773,10,20.57,WITHIN_TOLERANCE
07:10:40.679,6.378,7,24.04,WITHIN_TOLERANCE
07:10:40.892,7.335,9,27.6,WITHIN_TOLERANCE
07:10:41.422,5.840,12,23.66,WITHIN_TOLERANCE
07:10:41.634,5.847,4,32.14,WITHIN_TOLERANCE
07:10:41.959,12.904,12,25.46,WITHIN_TOLERANCE
07:10:42.065,5.782,8,19.44,WITHIN_TOLERANCE
07:10:42.171,5.980,12,29.04,WITHIN_TOLERANCE
07:10:42.277,5.957,9,23.84,WITHIN_TOLERANCE
07:10:42.386,8.086,2,26.09,WITHIN_TOLERANCE
07:10:42.492,6.666,5,24.07,WITHIN_TOLERANCE
07:10:42.605,11.783,10,24.53,WITHIN_TOLERANCE
07:10:42.824,12.651,7,25.58,WITHIN_TOLERANCE
07:10:43.142,5.717,4,30.84,WITHIN_TOLERANCE
07:10:43.248,5.617,10,21.7,WITHIN_TOLERANCE
07:10:43.790,11.704,6,23.03,WITHIN_TOLERANCE
07:10:44.003,5.690,11,14.31,WITHIN_TOLERANCE
07:10:44.109,5.884,7,35.18,WITHIN_TOLERANCE
07:10:44.638,5.630,11,24.43,WITHIN_TOLERANCE
07:10:44.888,17.574,4,28.22,WITHIN_TOLERANCE
07:10:45.015,18.846,9,32.81,WITHIN_TOLERANCE
07:10:45.240,6.784,2,32.92,WITHIN_TOLERANCE
07:10:45.368,27.282,8,32.61,WITHIN_TOLERANCE
07:10:45.473,4.907,3,22.77,WITHIN_TOLERANCE
07:10:45.579,5.130,11,22.9,WITHIN_TOLERANCE
07:10:45.685,5.464,5,28.88,WITHIN_TOLERANCE
07:10:45.791,5.728,9,24.64,WITHIN_TOLERANCE
07:10:45.900,9.167,5,28.11,WITHIN_TOLERANCE
07:10:46.006,5.874,8,19.48,WITHIN_TOLERANCE
07:10:46.112,5.956,5,22.4,WITHIN_TOLERANCE
07:10:46.218,5.652,9,27.54,WITHIN_TOLERANCE
07:10:46.324,5.709,2,15.53,WITHIN_TOLERANCE
07:10:46.430,5.786,11,28.42,WITHIN_TOLERANCE
07:10:46.764,5.711,6,21.45,WITHIN_TOLERANCE
07:10:46.976,5.621,5,32.14,WITHIN_TOLERANCE
07:10:47.082,5.722,8,26.22,WITHIN_TOLERANCE
07:10:47.294,5.988,2,24.41,WITHIN_TOLERANCE
07:10:47.400,6.013,6,22.11,WITHIN_TOLERANCE
07:10:47.831,9.597,12,22.0,WITHIN_TOLERANCE
07:10:47.939,7.887,3,17.75,WITHIN_TOLERANCE
07:10:48.151,5.705,8,27.12,WITHIN_TOLERANCE
07:10:48.258,6.172,11,30.95,WITHIN_TOLERANCE
07:10:48.364,6.522,8,30.56,WITHIN_TOLERANCE
07:10:48.893,5.158,5,31.8,WITHIN_TOLERANCE
07:10:48.999,5.447,10,30.3,WITHIN_TOLERANCE
07:10:49.104,5.409,7,16.37,WITHIN_TOLERANCE
07:10:49.316,5.629,4,16.29,WITHIN_TOLERANCE
07:10:49.422,5.745,10,27.52,WITHIN_TOLERANCE
07:10:50.086,19.569,8,24.1,WITHIN_TOLERANCE
07:10:50.202,15.826,2,25.61,WITHIN_TOLERANCE
07:10:50.545,23.257,11,16.95,WITHIN_TOLERANCE
07:10:50.651,5.670,3,28.57,WITHIN_TOLERANCE
07:10:50.757,5.672,7,34.29,WITHIN_TOLERANCE
07:10:51.074,5.758,10,20.13,WITHIN_TOLERANCE
07:10:51.510,5.726,3,25.3,WITHIN_TOLERANCE
07:10:51.616,5.818,8,26.94,WITHIN_TOLERANCE
07:10:51.828,5.679,5,36.79,WITHIN_TOLERANCE
07:10:52.148,5.814,11,31.95,WITHIN_TOLERANCE
07:10:52.253,5.780,4,27.82,WITHIN_TOLERANCE
07:10:52.466,5.909,6,25.99,WITHIN_TOLERANCE
07:10:52.572,5.968,2,26.7,WITHIN_TOLERANCE
07:10:52.679,7.540,11,30.73,WITHIN_TOLERANCE
07:10:52.794,11.324,4,27.28,WITHIN_TOLERANCE
07:10:53.119,5.944,8,33.75,WITHIN_TOLERANCE
07:10:53.335,5.832,3,31.69,WITHIN_TOLERANCE
07:10:53.440,5.612,12,25.86,WITHIN_TOLERANCE
07:10:53.546,5.714,8,22.44,WITHIN_TOLERANCE
07:10:53.652,5.420,11,29.48,WITHIN_TOLERANCE
07:10:53.864,6.175,2,22.69,WITHIN_TOLERANCE
07:10:53.987,20.625,10,22.28,WITHIN_TOLERANCE
07:10:54.100,11.966,7,24.94,WITHIN_TOLERANCE
07:10:54.630,5.826,6,21.77,WITHIN_TOLERANCE
07:10:54.736,5.365,9,27.92,WITHIN_TOLERANCE
07:10:54.842,5.901,2,25.87,WITHIN_TOLERANCE
07:10:55.057,8.425,12,25.57,WITHIN_TOLERANCE
07:10:55.326,36.679,7,25.67,WITHIN_TOLERANCE
07:10:55.444,15.659,4,28.28,WITHIN_TOLERANCE
07:10:55.885,5.674,9,28.38,WITHIN_TOLERANCE
07:10:55.991,6.254,5,21.57,WITHIN_TOLERANCE
07:10:56.097,5.760,12,22.92,WITHIN_TOLERANCE
07:10:56.204,7.193,3,15.53,WITHIN_TOLERANCE
07:10:56.742,5.743,8,33.38,WITHIN_TOLERANCE
07:10:56.848,6.052,5,24.57,WITHIN_TOLERANCE
07:10:57.059,5.061,11,30.24,WITHIN_TOLERANCE
07:10:57.165,5.841,8,27.26,WITHIN_TOLERANCE
07:10:57.271,5.951,4,21.73,WITHIN_TOLERANCE
07:10:57.377,5.852,9,20.06,WITHIN_TOLERANCE
07:10:57.483,5.841,3,18.67,WITHIN_TOLERANCE
07:10:57.802,5.817,11,23.58,WITHIN_TOLERANCE
07:10:57.907,5.741,8,20.41,WITHIN_TOLERANCE
07:10:58.014,6.590,2,15.57,WITHIN_TOLERANCE
07:10:58.120,6.004,5,25.01,WITHIN_TOLERANCE
07:10:58.226,5.568,10,23.83,WITHIN_TOLERANCE
07:10:58.332,5.781,7,23.22,WITHIN_TOLERANCE
07:10:58.438,5.793,11,29.22,WITHIN_TOLERANCE
07:10:58.544,5.995,5,28.79,WITHIN_TOLERANCE
07:10:58.756,5.650,9,16.34,WITHIN_TOLERANCE
07:10:59.081,5.739,5,33.69,WITHIN_TOLERANCE
07:10:59.507,5.871,9,19.8,WITHIN_TOLERANCE
07:10:59.613,5.717,6,19.7,WITHIN_TOLERANCE
07:10:59.719,5.544,10,26.07,WITHIN_TOLERANCE
07:10:59.825,5.799,7,27.3,WITHIN_TOLERANCE
07:11:00.144,7.181,10,23.01,WITHIN_TOLERANCE
07:11:00.358,7.992,3,25.44,WITHIN_TOLERANCE
07:11:00.463,4.915,6,17.72,WITHIN_TOLERANCE
07:11:00.932,16.417,10,24.36,WITHIN_TOLERANCE
07:11:01.044,11.373,3,24.69,WITHIN_TOLERANCE
07:11:01.150,5.701,10,22.57,WITHIN_TOLERANCE
07:11:01.361,5.277,5,25.6,WITHIN_TOLERANCE
07:11:01.466,5.529,9,28.85,WITHIN_TOLERANCE
07:11:01.679,5.477,10,24.29,WITHIN_TOLERANCE
07:11:01.784,5.692,5,26.4,WITHIN_TOLERANCE
07:11:01.890,5.529,2,19.1,WITHIN_TOLERANCE
07:11:01.999,8.416,9,25.58,WITHIN_TOLERANCE
07:11:02.104,4.887,4,31.86,WITHIN_TOLERANCE
07:11:02.210,5.953,7,31.23,WITHIN_TOLERANCE
07:11:02.316,5.552,10,27.76,WITHIN_TOLERANCE
07:11:02.428,11.848,7,30.7,WITHIN_TOLERANCE
07:11:02.533,5.407,11,20.38,WITHIN_TOLERANCE
07:11:02.639,5.748,2,22.18,WITHIN_TOLERANCE
07:11:02.745,5.797,11,26.75,WITHIN_TOLERANCE
07:11:02.956,5.587,2,28.61,WITHIN_TOLERANCE
07:11:03.065,7.849,8,56.04,WITHIN_TOLERANCE
07:11:03.699,5.264,2,29.0,WITHIN_TOLERANCE
07:11:03.811,9.795,12,19.29,WITHIN_TOLERANCE
07:11:03.919,5.715,3,28.28,WITHIN_TOLERANCE
07:11:04.029,8.895,8,38.77,WITHIN_TOLERANCE
07:11:04.241,6.114,11,24.53,WITHIN_TOLERANCE
07:11:04.346,5.294,3,27.93,WITHIN_TOLERANCE
07:11:04.452,5.450,8,12.59,WITHIN_TOLERANCE
07:11:04.558,5.894,12,17.56,WITHIN_TOLERANCE
07:11:04.772,8.230,4,21.38,WITHIN_TOLERANCE
07:11:04.984,5.751,5,24.59,WITHIN_TOLERANCE
07:11:05.089,5.625,11,29.69,WITHIN_TOLERANCE
07:11:05.195,5.613,5,25.67,WITHIN_TOLERANCE
07:11:05.514,5.437,7,25.0,WITHIN_TOLERANCE
07:11:05.971,14.006,11,33.6,WITHIN_TOLERANCE
07:11:06.196,11.747,9,30.57,WITHIN_TOLERANCE
07:11:06.306,9.804,12,34.54,WITHIN_TOLERANCE
07:11:06.412,5.518,8,17.01,WITHIN_TOLERANCE
07:11:06.623,5.278,12,25.06,WITHIN_TOLERANCE
07:11:06.728,5.624,6,31.3,WITHIN_TOLERANCE
07:11:06.940,5.706,10,24.8,WITHIN_TOLERANCE
07:11:07.046,5.728,3,21.1,WITHIN_TOLERANCE
07:11:07.258,5.570,2,24.58,WITHIN_TOLERANCE
07:11:07.482,16.990,8,16.92,WITHIN_TOLERANCE
07:11:07.588,5.503,3,33.95,WITHIN_TOLERANCE
07:11:07.694,5.671,10,16.46,WITHIN_TOLERANCE
07:11:07.799,5.720,3,31.01,WITHIN_TOLERANCE
07:11:07.905,5.459,6,26.62,WITHIN_TOLERANCE
07:11:08.120,8.692,3,25.52,WITHIN_TOLERANCE
07:11:08.226,5.768,9,22.77,WITHIN_TOLERANCE
07:11:08.550,5.384,3,18.64,WITHIN_TOLERANCE
07:11:08.656,5.695,7,25.29,WITHIN_TOLERANCE
07:11:08.762,5.215,4,23.15,WITHIN_TOLERANCE
07:11:08.973,5.511,7,33.48,WITHIN_TOLERANCE
07:11:09.315,5.535,9,33.62,WITHIN_TOLERANCE
07:11:09.421,5.490,3,23.19,WITHIN_TOLERANCE
07:11:09.742,5.536,5,21.35,WITHIN_TOLERANCE
07:11:09.852,10.091,8,26.67,WITHIN_TOLERANCE
07:11:09.958,5.486,3,15.42,WITHIN_TOLERANCE
07:11:10.065,7.027,7,18.96,WITHIN_TOLERANCE
07:11:10.174,9.392,2,37.33,WITHIN_TOLERANCE
07:11:10.280,5.421,8,21.93,WITHIN_TOLERANCE
07:11:10.386,5.430,12,16.78,WITHIN_TOLERANCE
07:11:10.491,5.375,3,31.51,WITHIN_TOLERANCE
07:11:10.597,5.484,12,25.84,WITHIN_TOLERANCE
07:11:10.702,5.549,6,21.79,WITHIN_TOLERANCE
07:11:10.943,20.010,11,23.01,WITHIN_TOLERANCE
07:11:11.274,9.907,6,18.12,WITHIN_TOLERANCE
07:11:11.602,11.120,10,22.99,WITHIN_TOLERANCE
07:11:11.820,5.394,8,24.26,WITHIN_TOLERANCE
07:11:12.145,12.731,11,22.13,WITHIN_TOLERANCE
07:11:12.253,7.873,3,23.09,WITHIN_TOLERANCE
07:11:12.682,5.629,10,24.2,WITHIN_TOLERANCE
07:11:12.788,5.632,2,27.96,WITHIN_TOLERANCE
07:11:12.999,5.596,11,23.53,WITHIN_TOLERANCE
07:11:13.105,5.637,5,23.39,WITHIN_TOLERANCE
07:11:13.536,5.749,2,32.14,WITHIN_TOLERANCE
07:11:13.747,5.476,5,30.83,WITHIN_TOLERANCE
07:11:13.853,5.642,2,22.66,WITHIN_TOLERANCE
07:11:13.958,5.513,5,28.84,WITHIN_TOLERANCE
07:11:14.282,5.710,3,27.43,WITHIN_TOLERANCE
07:11:14.387,5.624,7,21.42,WITHIN_TOLERANCE
07:11:14.493,5.524,2,26.93,WITHIN_TOLERANCE
07:11:14.708,8.569,10,20.1,WITHIN_TOLERANCE
07:11:15.025,5.474,12,30.78,WITHIN_TOLERANCE
07:11:15.130,5.577,3,24.02,WITHIN_TOLERANCE
07:11:15.342,5.503,10,14.1,WITHIN_TOLERANCE
07:11:15.554,6.201,5,23.98,WITHIN_TOLERANCE
07:11:16.233,5.650,9,18.92,WITHIN_TOLERANCE
07:11:16.468,16.504,11,21.31,WITHIN_TOLERANCE
07:11:16.586,17.784,7,28.51,WITHIN_TOLERANCE
07:11:16.697,10.653,12,16.62,WITHIN_TOLERANCE
07:11:16.803,5.735,8,26.1,WITHIN_TOLERANCE
07:11:16.909,5.507,2,26.05,WITHIN_TOLERANCE
07:11:17.014,5.619,12,23.74,WITHIN_TOLERANCE
07:11:17.120,5.439,8,25.18,WITHIN_TOLERANCE
07:11:17.231,11.168,11,15.3,WITHIN_TOLERANCE
07:11:17.337,5.476,8,18.35,WITHIN_TOLERANCE
07:11:17.443,5.515,3,21.48,WITHIN_TOLERANCE
07:11:17.548,5.563,10,20.39,WITHIN_TOLERANCE
07:11:17.870,8.417,3,24.47,WITHIN_TOLERANCE
07:11:18.082,5.482,8,19.77,WITHIN_TOLERANCE
07:11:18.399,5.695,9,31.01,WITHIN_TOLERANCE
07:11:18.717,5.576,6,25.38,WITHIN_TOLERANCE
07:11:18.928,5.531,11,36.15,WITHIN_TOLERANCE
07:11:19.034,5.935,8,27.64,WITHIN_TOLERANCE
07:11:19.140,5.618,12,35.24,WITHIN_TOLERANCE
07:11:19.273,32.946,7,27.13,WITHIN_TOLERANCE
07:11:19.379,5.832,3,21.81,WITHIN_TOLERANCE
07:11:19.697,5.541,9,24.59,WITHIN_TOLERANCE
07:11:19.913,10.354,3,17.99,WITHIN_TOLERANCE
07:11:20.019,5.352,11,24.81,WITHIN_TOLERANCE
07:11:20.235,5.450,3,28.78,WITHIN_TOLERANCE
07:11:20.446,5.751,2,38.43,WITHIN_TOLERANCE
07:11:20.552,5.756,10,24.67,WITHIN_TOLERANCE
07:11:20.658,5.691,7,30.81,WITHIN_TOLERANCE
07:11:20.882,5.784,3,22.9,WITHIN_TOLERANCE
07:11:21.094,5.658,9,18.72,WITHIN_TOLERANCE
07:11:21.623,21.557,7,32.09,WITHIN_TOLERANCE
07:11:21.743,18.588,3,15.11,WITHIN_TOLERANCE
07:11:21.853,4.785,9,23.01,WITHIN_TOLERANCE
07:11:22.300,5.213,10,13.64,WITHIN_TOLERANCE
07:11:22.406,5.722,2,19.5,WITHIN_TOLERANCE
07:11:22.511,5.539,6,29.68,WITHIN_TOLERANCE
07:11:22.617,5.642,11,20.21,WITHIN_TOLERANCE
07:11:22.828,5.768,2,24.23,WITHIN_TOLERANCE
07:11:22.934,5.666,7,26.16,WITHIN_TOLERANCE
07:11:23.042,7.327,11,27.92,WITHIN_TOLERANCE
07:11:23.578,5.668,7,14.08,WITHIN_TOLERANCE
07:11:24.007,5.545,7,12.79,WITHIN_TOLERANCE
07:11:24.128,20.094,11,34.51,WITHIN_TOLERANCE
07:11:24.234,5.881,4,20.55,WITHIN_TOLERANCE
07:11:24.657,5.330,10,24.22,WITHIN_TOLERANCE
07:11:24.871,5.569,8,25.2,WITHIN_TOLERANCE
07:11:25.189,5.690,2,26.82,WITHIN_TOLERANCE
07:11:25.295,5.711,12,30.66,WITHIN_TOLERANCE
07:11:25.719,6.300,12,34.49,WITHIN_TOLERANCE
07:11:26.039,5.779,7,21.59,WITHIN_TOLERANCE
07:11:26.251,5.666,9,23.57,WITHIN_TOLERANCE
07:11:26.357,5.762,6,26.71,WITHIN_TOLERANCE
07:11:26.463,5.834,10,21.37,WITHIN_TOLERANCE
07:11:26.815,19.692,2,23.03,WITHIN_TOLERANCE
07:11:27.035,13.009,7,23.0,WITHIN_TOLERANCE
07:11:27.147,11.184,2,24.57,WITHIN_TOLERANCE
07:11:27.256,9.383,5,16.81,WITHIN_TOLERANCE
07:11:27.576,5.731,8,27.75,WITHIN_TOLERANCE
07:11:27.894,5.878,12,30.39,WITHIN_TOLERANCE
07:11:27.999,5.801,5,25.34,WITHIN_TOLERANCE
07:11:28.105,5.399,2,28.52,WITHIN_TOLERANCE
07:11:28.211,5.687,8,22.4,WITHIN_TOLERANCE
07:11:28.316,5.373,3,33.01,WITHIN_TOLERANCE
07:11:28.634,5.389,2,21.82,WITHIN_TOLERANCE
07:11:28.739,5.598,9,22.54,WITHIN_TOLERANCE
07:11:28.845,5.750,6,24.89,WITHIN_TOLERANCE
07:11:28.952,6.885,2,19.85,WITHIN_TOLERANCE
07:11:29.270,5.651,8,30.99,WITHIN_TOLERANCE
07:11:29.485,5.790,10,25.05,WITHIN_TOLERANCE
07:11:29.591,5.655,7,31.08,WITHIN_TOLERANCE
07:11:29.909,5.809,3,24.94,WITHIN_TOLERANCE
07:11:30.340,13.619,8,22.88,WITHIN_TOLERANCE
07:11:30.764,5.655,3,31.03,WITHIN_TOLERANCE
07:11:30.976,5.796,12,28.42,WITHIN_TOLERANCE
07:11:31.081,5.348,7,18.54,WITHIN_TOLERANCE
07:11:31.293,5.770,10,28.15,WITHIN_TOLERANCE
07:11:31.404,10.507,3,24.73,WITHIN_TOLERANCE
07:11:31.509,5.419,8,27.02,WITHIN_TOLERANCE
07:11:31.615,5.655,5,26.08,WITHIN_TOLERANCE
07:11:31.721,5.850,8,16.99,WITHIN_TOLERANCE
07:11:31.827,6.103,11,18.81,WITHIN_TOLERANCE
07:11:32.049,5.811,12,16.83,WITHIN_TOLERANCE
07:11:32.306,29.427,5,26.76,WITHIN_TOLERANCE
07:11:32.416,8.135,9,28.03,WITHIN_TOLERANCE
07:11:32.522,5.760,6,16.78,WITHIN_TOLERANCE
07:11:32.747,18.784,3,20.95,WITHIN_TOLERANCE
07:11:32.958,5.638,5,32.67,WITHIN_TOLERANCE
07:11:33.064,5.766,9,21.94,WITHIN_TOLERANCE
07:11:33.170,5.574,5,21.05,WITHIN_TOLERANCE
07:11:33.597,9.031,2,27.43,WITHIN_TOLERANCE
07:11:33.816,13.878,9,12.69,WITHIN_TOLERANCE
07:11:33.922,5.604,3,19.14,WITHIN_TOLERANCE
07:11:34.133,5.454,2,25.7,WITHIN_TOLERANCE
07:11:34.240,5.759,12,16.12,WITHIN_TOLERANCE
07:11:34.345,5.515,5,29.48,WITHIN_TOLERANCE
07:11:34.452,6.686,12,35.28,WITHIN_TOLERANCE
07:11:34.559,5.445,9,22.39,WITHIN_TOLERANCE
07:11:34.669,10.051,2,24.44,WITHIN_TOLERANCE
07:11:34.775,5.348,5,23.39,WITHIN_TOLERANCE
07:11:35.229,5.678,11,25.11,WITHIN_TOLERANCE
07:11:35.335,5.274,5,27.5,WITHIN_TOLERANCE
07:11:35.547,5.509,10,26.82,WITHIN_TOLERANCE
07:11:35.654,6.665,7,19.9,WITHIN_TOLERANCE
07:11:35.866,5.447,10,31.39,WITHIN_TOLERANCE
07:11:36.183,5.701,11,24.96,WITHIN_TOLERANCE
07:11:36.289,5.630,4,24.8,WITHIN_TOLERANCE
07:11:36.607,5.722,8,24.97,WITHIN_TOLERANCE
07:11:36.722,15.552,2,30.6,WITHIN_TOLERANCE
07:11:36.941,5.583,10,20.21,WITHIN_TOLERANCE
07:11:37.106,64.450,6,23.02,WITHIN_TOLERANCE
07:11:37.226,19.815,10,34.58,WITHIN_TOLERANCE
07:11:37.334,7.414,4,27.48,WITHIN_TOLERANCE
07:11:37.569,15.683,9,17.58,WITHIN_TOLERANCE
07:11:37.779,5.194,5,21.29,WITHIN_TOLERANCE
07:11:37.889,8.787,9,11.9,WITHIN_TOLERANCE
07:11:38.103,5.478,7,31.4,WITHIN_TOLERANCE
07:11:38.317,7.830,9,20.32,WITHIN_TOLERANCE
07:11:38.426,5.630,5,25.15,WITHIN_TOLERANCE
07:11:38.532,5.517,11,29.79,WITHIN_TOLERANCE
07:11:38.637,5.579,4,21.14,WITHIN_TOLERANCE
07:11:38.958,9.036,8,24.06,WITHIN_TOLERANCE
07:11:39.067,5.834,12,22.91,WITHIN_TOLERANCE
07:11:39.612,5.352,4,18.61,WITHIN_TOLERANCE
07:11:39.831,5.253,11,26.42,WITHIN_TOLERANCE
07:11:39.937,5.522,2,22.79,WITHIN_TOLERANCE
07:11:40.043,5.840,11,19.77,WITHIN_TOLERANCE
07:11:40.152,9.457,3,20.19,WITHIN_TOLERANCE
07:11:40.364,5.409,8,23.58,WITHIN_TOLERANCE
07:11:40.575,5.322,2,26.47,WITHIN_TOLERANCE
07:11:40.681,5.640,10,31.61,WITHIN_TOLERANCE
07:11:40.790,8.688,4,32.51,WITHIN_TOLERANCE
07:11:41.323,5.419,3,30.81,WITHIN_TOLERANCE
07:11:41.535,5.855,5,23.3,WITHIN_TOLERANCE
07:11:41.750,8.801,2,23.9,WITHIN_TOLERANCE
07:11:41.964,5.601,10,18.71,WITHIN_TOLERANCE
07:11:42.070,5.788,4,23.13,WITHIN_TOLERANCE
07:11:42.289,12.572,9,26.2,WITHIN_TOLERANCE
07:11:42.416,20.491,5,17.7,WITHIN_TOLERANCE
07:11:42.531,12.617,10,31.93,WITHIN_TOLERANCE
07:11:42.747,8.409,6,24.36,WITHIN_TOLERANCE
07:11:42.864,14.462,9,17.83,WITHIN_TOLERANCE
07:11:43.190,5.696,2,24.95,WITHIN_TOLERANCE
07:11:43.404,7.721,11,24.0,WITHIN_TOLERANCE
07:11:43.510,5.777,5,23.79,WITHIN_TOLERANCE
07:11:43.955,7.164,10,27.88,WITHIN_TOLERANCE
07:11:44.381,5.726,6,24.68,WITHIN_TOLERANCE
07:11:44.805,5.622,9,28.15,WITHIN_TOLERANCE
07:11:45.133,15.297,3,17.85,WITHIN_TOLERANCE
07:11:45.239,5.417,6,20.49,WITHIN_TOLERANCE
07:11:45.453,5.454,3,27.55,WITHIN_TOLERANCE
07:11:45.559,5.768,12,21.66,WITHIN_TOLERANCE
07:11:45.665,5.870,5,35.16,WITHIN_TOLERANCE
07:11:45.771,5.746,2,16.41,WITHIN_TOLERANCE
07:11:45.880,8.916,6,28.96,WITHIN_TOLERANCE
07:11:45.986,5.771,12,21.39,WITHIN_TOLERANCE
07:11:46.303,5.508,2,23.63,WITHIN_TOLERANCE
07:11:46.409,5.841,6,20.15,WITHIN_TOLERANCE
07:11:46.515,5.736,11,30.43,WITHIN_TOLERANCE
07:11:46.622,6.400,3,21.6,WITHIN_TOLERANCE
07:11:46.727,5.543,12,26.31,WITHIN_TOLERANCE
07:11:46.833,5.824,9,25.28,WITHIN_TOLERANCE
07:11:46.939,5.801,2,32.7,WITHIN_TOLERANCE
07:11:47.045,5.794,6,30.83,WITHIN_TOLERANCE
07:11:47.150,4.883,12,27.71,WITHIN_TOLERANCE
07:11:47.256,5.700,2,16.26,WITHIN_TOLERANCE
07:11:47.374,15.398,8,19.92,WITHIN_TOLERANCE
07:11:47.592,11.808,3,20.48,WITHIN_TOLERANCE
07:11:47.714,19.910,12,20.63,WITHIN_TOLERANCE
07:11:47.836,20.416,9,23.95,WITHIN_TOLERANCE
07:11:47.951,14.926,3,23.89,WITHIN_TOLERANCE
07:11:48.056,5.097,10,21.85,WITHIN_TOLERANCE
07:11:48.162,5.770,3,26.83,WITHIN_TOLERANCE
07:11:48.374,5.368,8,20.49,WITHIN_TOLERANCE
07:11:49.008,5.587,12,26.67,WITHIN_TOLERANCE
07:11:49.114,5.697,9,24.69,WITHIN_TOLERANCE
07:11:49.233,18.420,3,25.14,WITHIN_TOLERANCE
07:11:49.552,5.769,12,26.06,WITHIN_TOLERANCE
07:11:49.658,5.693,7,21.75,WITHIN_TOLERANCE
07:11:49.977,5.611,9,23.82,WITHIN_TOLERANCE
07:11:50.083,5.713,12,28.95,WITHIN_TOLERANCE
07:11:50.294,5.711,3,37.7,WITHIN_TOLERANCE
07:11:50.506,5.832,12,16.8,WITHIN_TOLERANCE
07:11:50.612,5.495,6,17.72,WITHIN_TOLERANCE
07:11:51.140,5.808,6,17.14,WITHIN_TOLERANCE
07:11:51.359,11.823,10,26.87,WITHIN_TOLERANCE
07:11:51.785,5.571,11,70.89,WITHIN_TOLERANCE
07:11:51.890,5.602,8,21.12,WITHIN_TOLERANCE
07:11:51.996,5.824,11,36.24,WITHIN_TOLERANCE
07:11:52.208,5.994,2,24.29,WITHIN_TOLERANCE
07:11:52.315,5.874,8,17.8,WITHIN_TOLERANCE
07:11:52.420,5.306,3,18.91,WITHIN_TOLERANCE
07:11:52.539,16.989,11,31.37,WITHIN_TOLERANCE
07:11:52.768,20.894,3,20.67,WITHIN_TOLERANCE
07:11:52.989,9.314,2,20.55,WITHIN_TOLERANCE
07:11:53.115,25.160,10,23.75,WITHIN_TOLERANCE
07:11:53.327,5.769,9,24.18,WITHIN_TOLERANCE
07:11:53.538,5.644,11,28.2,WITHIN_TOLERANCE
07:11:53.644,5.632,2,24.8,WITHIN_TOLERANCE
07:11:53.750,5.598,9,19.01,WITHIN_TOLERANCE
07:11:53.860,10.050,5,23.87,WITHIN_TOLERANCE
07:11:53.975,12.488,10,22.99,WITHIN_TOLERANCE
07:11:54.198,11.875,5,29.58,WITHIN_TOLERANCE
07:11:54.418,10.334,9,27.87,WITHIN_TOLERANCE
07:11:54.632,5.501,3,21.35,WITHIN_TOLERANCE
07:11:54.843,5.686,12,23.9,WITHIN_TOLERANCE
07:11:54.949,5.536,3,30.01,WITHIN_TOLERANCE
07:11:55.160,5.381,9,26.2,WITHIN_TOLERANCE
07:11:55.480,5.607,12,21.46,WITHIN_TOLERANCE
07:11:55.585,5.359,2,19.17,WITHIN_TOLERANCE
07:11:55.691,5.850,9,33.57,WITHIN_TOLERANCE
07:11:55.903,5.650,10,22.51,WITHIN_TOLERANCE
07:11:56.119,5.747,3,25.61,WITHIN_TOLERANCE
07:11:56.330,5.489,8,26.48,WITHIN_TOLERANCE
07:11:56.542,5.715,7,18.95,WITHIN_TOLERANCE
07:11:56.859,5.547,8,19.79,WITHIN_TOLERANCE
07:11:57.071,5.655,2,25.55,WITHIN_TOLERANCE
07:11:57.282,5.442,7,17.48,WITHIN_TOLERANCE
07:11:57.396,11.379,12,24.54,WITHIN_TOLERANCE
07:11:57.631,29.707,3,19.76,WITHIN_TOLERANCE
07:11:57.759,27.874,8,16.03,WITHIN_TOLERANCE
07:11:57.876,14.814,5,15.82,WITHIN_TOLERANCE
07:11:57.990,14.200,11,34.23,WITHIN_TOLERANCE
07:11:58.335,8.818,6,31.89,WITHIN_TOLERANCE
07:11:58.449,11.465,10,25.35,WITHIN_TOLERANCE
07:11:58.872,5.586,4,26.34,WITHIN_TOLERANCE
07:11:58.979,7.170,7,23.93,WITHIN_TOLERANCE
07:11:59.085,5.673,10,29.41,WITHIN_TOLERANCE
07:11:59.191,5.595,6,27.97,WITHIN_TOLERANCE
07:11:59.303,12.268,3,30.02,WITHIN_TOLERANCE
07:11:59.409,5.101,7,21.67,WITHIN_TOLERANCE
07:11:59.620,5.586,9,30.02,WITHIN_TOLERANCE
07:11:59.727,6.850,2,31.6,WITHIN_TOLERANCE
07:11:59.834,5.615,9,14.39,WITHIN_TOLERANCE
07:11:59.940,5.287,4,16.91,WITHIN_TOLERANCE
07:12:00.261,5.642,10,26.44,WITHIN_TOLERANCE
07:12:00.387,21.146,7,24.31,WITHIN_TOLERANCE
07:12:00.813,5.699,4,22.11,WITHIN_TOLERANCE
07:12:00.925,11.304,9,24.81,WITHIN_TOLERANCE
07:12:01.136,5.706,4,17.22,WITHIN_TOLERANCE
07:12:01.242,5.791,11,19.46,WITHIN_TOLERANCE
07:12:01.454,5.656,9,23.3,WITHIN_TOLERANCE
07:12:01.563,8.759,4,33.2,WITHIN_TOLERANCE
07:12:01.778,6.204,2,34.33,WITHIN_TOLERANCE
07:12:02.205,5.676,7,21.05,WITHIN_TOLERANCE
07:12:02.311,5.765,11,27.61,WITHIN_TOLERANCE
07:12:02.523,5.867,5,31.68,WITHIN_TOLERANCE
07:12:02.734,5.428,12,28.4,WITHIN_TOLERANCE
07:12:02.840,5.739,6,28.56,WITHIN_TOLERANCE
07:12:03.052,5.860,12,26.05,WITHIN_TOLERANCE
07:12:03.487,5.811,6,21.15,WITHIN_TOLERANCE
07:12:03.593,5.684,3,22.61,WITHIN_TOLERANCE
07:12:03.700,7.002,11,29.46,WITHIN_TOLERANCE
07:12:04.018,5.810,7,27.49,WITHIN_TOLERANCE
07:12:04.240,16.087,12,24.02,WITHIN_TOLERANCE
07:12:04.350,8.906,7,21.35,WITHIN_TOLERANCE
07:12:04.456,5.717,4,26.72,WITHIN_TOLERANCE
07:12:04.796,5.779,8,23.42,WITHIN_TOLERANCE
07:12:04.902,5.595,12,28.04,WITHIN_TOLERANCE
07:12:05.008,5.784,3,29.56,WITHIN_TOLERANCE
07:12:05.114,5.673,12,17.22,WITHIN_TOLERANCE
07:12:05.220,5.512,3,17.31,WITHIN_TOLERANCE
07:12:05.540,5.849,12,30.53,WITHIN_TOLERANCE
07:12:05.646,5.671,3,24.66,WITHIN_TOLERANCE
07:12:05.752,5.684,8,26.8,WITHIN_TOLERANCE
07:12:06.287,6.185,11,17.05,WITHIN_TOLERANCE
07:12:06.711,5.625,6,15.27,WITHIN_TOLERANCE
07:12:06.817,5.621,11,21.81,WITHIN_TOLERANCE
07:12:07.141,12.658,2,19.32,WITHIN_TOLERANCE
07:12:07.353,5.822,9,30.53,WITHIN_TOLERANCE
07:12:07.459,5.468,2,24.63,WITHIN_TOLERANCE
07:12:07.564,5.696,12,12.74,WITHIN_TOLERANCE
07:12:07.776,5.665,4,33.2,WITHIN_TOLERANCE
07:12:07.882,5.740,7,22.78,WITHIN_TOLERANCE
07:12:07.988,5.683,4,28.76,WITHIN_TOLERANCE
07:12:08.306,5.756,12,23.78,WITHIN_TOLERANCE
07:12:08.412,5.795,7,34.63,WITHIN_TOLERANCE
07:12:08.517,5.486,12,32.03,WITHIN_TOLERANCE
07:12:08.623,5.223,2,25.59,WITHIN_TOLERANCE
07:12:08.734,10.768,7,20.15,WITHIN_TOLERANCE
07:12:08.947,5.701,10,21.66,WITHIN_TOLERANCE
07:12:09.053,5.267,7,22.98,WITHIN_TOLERANCE
07:12:09.159,5.586,3,22.5,WITHIN_TOLERANCE
07:12:09.265,5.551,11,16.16,WITHIN_TOLERANCE
07:12:09.371,5.704,6,23.82,WITHIN_TOLERANCE
07:12:09.904,10.037,11,23.0,WITHIN_TOLERANCE
07:12:10.015,8.525,5,19.6,WITHIN_TOLERANCE
07:12:10.340,5.676,3,16.82,WITHIN_TOLERANCE
07:12:10.455,14.872,7,16.29,WITHIN_TOLERANCE
07:12:10.562,5.873,10,29.04,WITHIN_TOLERANCE
07:12:10.788,19.672,5,28.05,WITHIN_TOLERANCE
07:12:11.105,5.764,11,20.7,WITHIN_TOLERANCE
07:12:11.743,5.822,4,28.34,WITHIN_TOLERANCE
07:12:12.060,5.709,7,21.74,WITHIN_TOLERANCE
07:12:12.490,5.614,7,26.08,WITHIN_TOLERANCE
07:12:12.701,5.728,12,28.8,WITHIN_TOLERANCE
07:12:12.914,6.707,5,16.99,WITHIN_TOLERANCE
07:12:13.020,5.629,9,17.87,WITHIN_TOLERANCE
07:12:13.338,5.645,2,21.21,WITHIN_TOLERANCE
07:12:13.450,12.190,10,24.15,WITHIN_TOLERANCE
07:12:13.556,5.752,6,24.25,WITHIN_TOLERANCE
07:12:13.662,5.795,3,20.74,WITHIN_TOLERANCE
07:12:14.411,8.242,9,18.15,WITHIN_TOLERANCE
07:12:14.538,27.096,3,26.02,WITHIN_TOLERANCE
07:12:14.751,5.850,10,25.45,WITHIN_TOLERANCE
07:12:14.857,5.891,5,19.0,WITHIN_TOLERANCE
07:12:14.969,11.522,2,25.19,WITHIN_TOLERANCE
07:12:15.074,5.479,12,20.45,WITHIN_TOLERANCE
07:12:15.180,5.541,4,18.75,WITHIN_TOLERANCE
07:12:15.286,5.788,11,29.33,WITHIN_TOLERANCE
07:12:15.498,5.654,2,23.14,WITHIN_TOLERANCE
07:12:15.603,5.554,8,26.35,WITHIN_TOLERANCE
07:12:15.925,9.559,2,21.0,WITHIN_TOLERANCE
07:12:16.242,5.766,2,21.42,WITHIN_TOLERANCE
07:12:16.359,16.644,9,35.91,WITHIN_TOLERANCE
07:12:16.788,5.481,6,31.01,WITHIN_TOLERANCE
07:12:17.118,17.509,3,24.01,WITHIN_TOLERANCE
07:12:17.329,5.562,12,29.75,WITHIN_TOLERANCE
07:12:17.435,5.553,4,27.26,WITHIN_TOLERANCE
07:12:17.541,5.691,7,28.64,WITHIN_TOLERANCE
07:12:17.647,5.591,11,18.59,WITHIN_TOLERANCE
07:12:17.752,5.491,7,19.54,WITHIN_TOLERANCE
07:12:18.078,5.929,2,20.38,WITHIN_TOLERANCE
07:12:18.184,5.406,5,28.88,WITHIN_TOLERANCE
07:12:18.289,5.790,9,19.92,WITHIN_TOLERANCE
07:12:18.609,7.875,3,26.56,WITHIN_TOLERANCE
07:12:18.715,5.609,9,28.19,WITHIN_TOLERANCE
07:12:18.821,5.602,2,31.91,WITHIN_TOLERANCE
07:12:18.927,5.611,7,16.21,WITHIN_TOLERANCE
07:12:19.139,5.777,12,27.66,WITHIN_TOLERANCE
07:12:19.252,12.636,4,23.71,WITHIN_TOLERANCE
07:12:19.463,5.593,7,27.37,WITHIN_TOLERANCE
07:12:19.569,5.641,2,33.74,WITHIN_TOLERANCE
07:12:19.675,5.439,7,31.72,WITHIN_TOLERANCE
07:12:19.781,5.884,11,26.14,WITHIN_TOLERANCE
07:12:20.005,11.687,5,24.86,WITHIN_TOLERANCE
07:12:20.217,5.663,2,27.45,WITHIN_TOLERANCE
07:12:20.323,5.717,9,27.88,WITHIN_TOLERANCE
07:12:20.429,5.692,2,28.38,WITHIN_TOLERANCE
07:12:20.535,5.473,5,24.51,WITHIN_TOLERANCE
07:12:21.283,5.590,10,28.71,WITHIN_TOLERANCE
07:12:21.394,10.123,5,27.18,WITHIN_TOLERANCE
07:12:21.605,5.414,8,25.13,WITHIN_TOLERANCE
07:12:22.030,5.698,3,27.65,WITHIN_TOLERANCE
07:12:22.136,5.801,11,25.63,WITHIN_TOLERANCE
07:12:22.349,6.349,3,27.62,WITHIN_TOLERANCE
07:12:22.455,5.740,7,22.34,WITHIN_TOLERANCE
07:12:22.561,5.629,4,22.4,WITHIN_TOLERANCE
07:12:22.666,5.479,7,32.59,WITHIN_TOLERANCE
07:12:22.775,8.689,11,11.78,WITHIN_TOLERANCE
07:12:22.883,5.503,4,24.83,WITHIN_TOLERANCE
07:12:22.989,5.621,7,18.24,WITHIN_TOLERANCE
07:12:23.094,5.602,12,23.88,WITHIN_TOLERANCE
07:12:23.200,5.367,8,24.14,WITHIN_TOLERANCE
07:12:23.310,10.352,4,24.49,WITHIN_TOLERANCE
07:12:23.425,12.297,11,31.68,WITHIN_TOLERANCE
07:12:23.530,5.578,6,27.29,WITHIN_TOLERANCE
07:12:23.636,5.662,9,24.06,WITHIN_TOLERANCE
07:12:24.061,5.658,11,20.58,WITHIN_TOLERANCE
07:12:24.168,6.275,6,25.12,WITHIN_TOLERANCE
07:12:24.485,5.563,9,24.2,WITHIN_TOLERANCE
07:12:24.700,8.378,4,22.44,WITHIN_TOLERANCE
07:12:24.916,5.660,12,18.7,WITHIN_TOLERANCE
07:12:25.022,5.527,2,33.51,WITHIN_TOLERANCE
07:12:25.137,14.883,5,21.66,WITHIN_TOLERANCE
07:12:25.243,5.665,11,30.4,WITHIN_TOLERANCE
07:12:25.468,11.820,9,22.96,WITHIN_TOLERANCE
07:12:25.581,11.410,2,25.09,WITHIN_TOLERANCE
07:12:25.793,5.764,9,26.51,WITHIN_TOLERANCE
07:12:25.899,5.848,2,26.79,WITHIN_TOLERANCE
07:12:26.005,5.495,10,25.74,WITHIN_TOLERANCE
07:12:26.111,5.660,7,21.96,WITHIN_TOLERANCE
07:12:26.216,5.515,4,30.94,WITHIN_TOLERANCE
07:12:26.322,5.592,12,30.22,WITHIN_TOLERANCE
07:12:27.072,5.621,6,25.05,WITHIN_TOLERANCE
07:12:27.178,5.815,2,24.03,WITHIN_TOLERANCE
07:12:27.283,5.205,7,20.11,WITHIN_TOLERANCE
07:12:27.391,5.640,10,20.49,WITHIN_TOLERANCE
07:12:27.497,5.797,2,24.79,WITHIN_TOLERANCE
07:12:27.602,4.969,9,21.31,WITHIN_TOLERANCE
07:12:27.708,5.790,4,33.22,WITHIN_TOLERANCE
07:12:27.818,10.122,12,21.91,WITHIN_TOLERANCE
07:12:28.241,5.595,6,26.84,WITHIN_TOLERANCE
07:12:28.347,5.422,11,29.28,WITHIN_TOLERANCE
07:12:28.877,5.703,4,19.68,WITHIN_TOLERANCE
07:12:29.195,5.768,9,25.13,WITHIN_TOLERANCE
07:12:29.301,5.714,2,25.7,WITHIN_TOLERANCE
07:12:29.407,5.597,10,26.03,WITHIN_TOLERANCE
07:12:29.621,5.236,9,22.87,WITHIN_TOLERANCE
07:12:29.733,11.318,12,23.33,WITHIN_TOLERANCE
07:12:29.843,10.062,4,24.27,WITHIN_TOLERANCE
07:12:29.952,8.757,11,19.42,WITHIN_TOLERANCE
07:12:30.058,5.422,3,23.57,WITHIN_TOLERANCE
07:12:30.169,11.703,9,36.54,WITHIN_TOLERANCE
07:12:30.275,5.563,3,24.34,WITHIN_TOLERANCE
07:12:30.593,5.712,12,22.61,WITHIN_TOLERANCE
07:12:30.699,5.867,7,23.21,WITHIN_TOLERANCE
07:12:31.122,5.432,12,24.61,WITHIN_TOLERANCE
07:12:31.228,5.742,2,18.63,WITHIN_TOLERANCE
07:12:31.334,5.372,9,33.19,WITHIN_TOLERANCE
07:12:32.075,5.756,6,23.17,WITHIN_TOLERANCE
07:12:32.181,5.637,3,20.85,WITHIN_TOLERANCE
07:12:32.604,5.326,9,15.48,WITHIN_TOLERANCE
07:12:32.710,5.368,2,30.8,WITHIN_TOLERANCE
07:12:32.821,11.015,11,23.53,WITHIN_TOLERANCE
07:12:33.139,5.654,2,22.74,WITHIN_TOLERANCE
07:12:33.245,5.713,8,20.29,WITHIN_TOLERANCE
07:12:33.568,5.862,2,22.52,WITHIN_TOLERANCE
07:12:33.779,5.686,7,24.35,WITHIN_TOLERANCE
07:12:33.995,5.583,11,15.84,WITHIN_TOLERANCE
07:12:34.101,5.764,5,17.51,WITHIN_TOLERANCE
07:12:34.535,11.524,9,22.68,WITHIN_TOLERANCE
07:12:34.963,9.393,11,33.38,WITHIN_TOLERANCE
07:12:35.071,7.601,2,24.1,WITHIN_TOLERANCE
07:12:35.389,5.728,10,16.18,WITHIN_TOLERANCE
07:12:35.706,5.544,5,25.65,WITHIN_TOLERANCE
07:12:35.819,12.783,2,25.37,WITHIN_TOLERANCE
07:12:35.925,5.458,11,22.46,WITHIN_TOLERANCE
07:12:36.349,5.696,2,13.42,WITHIN_TOLERANCE
07:12:36.666,5.656,8,19.73,WITHIN_TOLERANCE
07:12:36.881,8.496,5,23.91,WITHIN_TOLERANCE
07:12:36.986,5.084,10,18.29,WITHIN_TOLERANCE
07:12:37.091,4.966,5,27.41,WITHIN_TOLERANCE
07:12:37.197,5.653,9,34.59,WITHIN_TOLERANCE
07:12:37.303,5.696,3,27.85,WITHIN_TOLERANCE
07:12:37.409,5.778,7,27.53,WITHIN_TOLERANCE
07:12:37.519,9.827,4,28.45,WITHIN_TOLERANCE
07:12:37.626,5.432,9,21.79,WITHIN_TOLERANCE
07:12:37.733,6.402,12,26.06,WITHIN_TOLERANCE
07:12:37.838,5.213,8,19.98,WITHIN_TOLERANCE
07:12:38.071,25.549,4,20.08,WITHIN_TOLERANCE
07:12:38.396,5.889,2,23.43,WITHIN_TOLERANCE
07:12:38.502,5.511,7,26.97,WITHIN_TOLERANCE
07:12:38.819,5.760,11,26.37,WITHIN_TOLERANCE
07:12:38.931,11.814,6,30.08,WITHIN_TOLERANCE
07:12:39.248,5.454,9,28.07,WITHIN_TOLERANCE
07:12:39.462,5.161,2,30.33,WITHIN_TOLERANCE
07:12:39.567,5.533,9,24.77,WITHIN_TOLERANCE
07:12:39.778,5.393,12,28.14,WITHIN_TOLERANCE
07:12:39.884,5.579,9,27.71,WITHIN_TOLERANCE
07:12:39.990,5.790,4,21.46,WITHIN_TOLERANCE
07:12:40.212,14.005,9,28.65,WITHIN_TOLERANCE
07:12:40.322,6.544,12,20.22,WITHIN_TOLERANCE
07:12:40.639,5.570,3,24.21,WITHIN_TOLERANCE
07:12:40.747,7.459,7,25.16,WITHIN_TOLERANCE
07:12:40.958,5.553,5,28.96,WITHIN_TOLERANCE
07:12:41.064,5.860,8,22.28,WITHIN_TOLERANCE
07:12:41.170,5.635,2,27.85,WITHIN_TOLERANCE
07:12:41.281,10.294,6,27.38,WITHIN_TOLERANCE
07:12:41.494,5.736,2,23.41,WITHIN_TOLERANCE
07:12:41.599,5.579,6,20.77,WITHIN_TOLERANCE
07:12:41.705,5.878,11,21.71,WITHIN_TOLERANCE
07:12:41.811,5.594,5,21.12,WITHIN_TOLERANCE
07:12:42.022,5.424,7,19.34,WITHIN_TOLERANCE
07:12:42.128,5.545,12,36.45,WITHIN_TOLERANCE
07:12:42.235,6.655,8,28.45,WITHIN_TOLERANCE
07:12:42.341,5.755,3,29.95,WITHIN_TOLERANCE
07:12:42.446,5.346,8,24.67,WITHIN_TOLERANCE
07:12:42.871,5.652,5,20.78,WITHIN_TOLERANCE
07:12:43.083,5.806,11,21.22,WITHIN_TOLERANCE
07:12:43.189,5.685,2,23.82,WITHIN_TOLERANCE
07:12:43.297,7.858,6,29.36,WITHIN_TOLERANCE
07:12:43.404,5.710,11,22.62,WITHIN_TOLERANCE
07:12:43.510,5.548,3,27.97,WITHIN_TOLERANCE
07:12:43.724,7.533,12,23.38,WITHIN_TOLERANCE
07:12:43.830,5.678,9,29.61,WITHIN_TOLERANCE
07:12:44.253,5.528,8,29.86,WITHIN_TOLERANCE
07:12:44.473,5.358,3,29.11,WITHIN_TOLERANCE
07:12:44.579,5.617,7,23.65,WITHIN_TOLERANCE
07:12:44.792,7.015,2,28.11,WITHIN_TOLERANCE
07:12:44.897,5.215,8,28.44,WITHIN_TOLERANCE
07:12:45.233,5.629,8,33.04,WITHIN_TOLERANCE
07:12:45.449,5.634,11,21.91,WITHIN_TOLERANCE
07:12:45.660,5.626,2,21.22,WITHIN_TOLERANCE
07:12:46.086,5.521,3,28.48,WITHIN_TOLERANCE
07:12:46.192,5.939,6,17.69,WITHIN_TOLERANCE
07:12:46.855,5.591,2,27.64,WITHIN_TOLERANCE
07:12:47.067,6.038,8,19.25,WITHIN_TOLERANCE
07:12:47.173,5.813,11,22.82,WITHIN_TOLERANCE
07:12:47.279,5.703,8,22.04,WITHIN_TOLERANCE
07:12:47.703,5.832,12,14.09,WITHIN_TOLERANCE
07:12:47.810,6.073,6,30.25,WITHIN_TOLERANCE
07:12:47.915,5.523,9,10.58,WITHIN_TOLERANCE
07:12:48.021,5.974,4,27.35,WITHIN_TOLERANCE
07:12:48.234,6.001,11,28.01,WITHIN_TOLERANCE
07:12:48.551,5.722,5,24.69,WITHIN_TOLERANCE
07:12:48.658,5.887,8,22.55,WITHIN_TOLERANCE
07:12:48.764,6.799,3,24.85,WITHIN_TOLERANCE
07:12:48.870,5.672,12,20.34,WITHIN_TOLERANCE
07:12:48.987,15.979,8,24.25,WITHIN_TOLERANCE
07:12:49.198,5.093,12,20.41,WITHIN_TOLERANCE
07:12:49.516,5.939,5,19.76,WITHIN_TOLERANCE
07:12:49.622,5.812,12,24.73,WITHIN_TOLERANCE
07:12:49.728,5.840,9,22.03,WITHIN_TOLERANCE
07:12:49.834,5.765,6,24.86,WITHIN_TOLERANCE
07:12:50.151,5.644,11,19.31,WITHIN_TOLERANCE
07:12:50.363,5.682,2,22.9,WITHIN_TOLERANCE
07:12:50.469,5.263,7,21.98,WITHIN_TOLERANCE
07:12:50.574,5.501,12,19.44,WITHIN_TOLERANCE
07:12:50.680,5.245,6,27.08,WITHIN_TOLERANCE
07:12:50.892,5.266,11,35.35,WITHIN_TOLERANCE
07:12:51.103,5.409,12,26.21,WITHIN_TOLERANCE
07:12:51.209,5.904,9,22.81,WITHIN_TOLERANCE
07:12:51.527,5.796,12,29.19,WITHIN_TOLERANCE
07:12:51.633,5.690,7,25.7,WITHIN_TOLERANCE
07:12:51.845,5.923,10,21.02,WITHIN_TOLERANCE
07:12:51.951,5.722,3,23.56,WITHIN_TOLERANCE
07:12:52.057,5.766,9,22.51,WITHIN_TOLERANCE
07:12:52.163,5.461,4,27.9,WITHIN_TOLERANCE
07:12:52.269,5.888,9,18.05,WITHIN_TOLERANCE
07:12:52.482,5.871,12,26.86,WITHIN_TOLERANCE
07:12:52.589,6.562,8,23.04,WITHIN_TOLERANCE
07:12:52.694,5.443,2,21.45,WITHIN_TOLERANCE
07:12:52.800,5.705,6,22.44,WITHIN_TOLERANCE
07:12:53.014,5.696,8,29.86,WITHIN_TOLERANCE
07:12:53.120,5.551,3,34.9,WITHIN_TOLERANCE
07:12:53.226,5.773,6,18.9,WITHIN_TOLERANCE
07:12:53.438,5.508,9,29.24,WITHIN_TOLERANCE
07:12:53.861,5.639,7,32.57,WITHIN_TOLERANCE
07:12:54.081,5.873,8,25.62,WITHIN_TOLERANCE
07:12:54.187,5.648,2,22.16,WITHIN_TOLERANCE
07:12:54.293,5.564,12,20.16,WITHIN_TOLERANCE
07:12:54.400,6.366,9,22.86,WITHIN_TOLERANCE
07:12:54.508,7.208,12,26.6,WITHIN_TOLERANCE
07:12:54.947,5.493,8,24.98,WITHIN_TOLERANCE
07:12:55.053,5.600,11,23.83,WITHIN_TOLERANCE
07:12:55.372,5.494,12,11.39,WITHIN_TOLERANCE
07:12:55.591,5.571,5,21.13,WITHIN_TOLERANCE
07:12:55.805,8.189,10,26.9,WITHIN_TOLERANCE
07:12:56.125,5.476,11,28.59,WITHIN_TOLERANCE
07:12:56.231,5.621,3,19.29,WITHIN_TOLERANCE
07:12:56.443,5.671,7,13.63,WITHIN_TOLERANCE
07:12:56.869,5.505,12,12.39,WITHIN_TOLERANCE
07:12:57.082,6.861,7,18.7,WITHIN_TOLERANCE
07:12:57.294,5.499,11,32.62,WITHIN_TOLERANCE
07:12:57.399,5.409,3,20.02,WITHIN_TOLERANCE
07:12:57.611,5.407,12,20.37,WITHIN_TOLERANCE
07:12:57.717,5.706,9,28.24,WITHIN_TOLERANCE
07:12:57.823,6.071,4,23.53,WITHIN_TOLERANCE
07:12:58.245,5.432,2,20.08,WITHIN_TOLERANCE
07:12:58.351,5.503,9,22.53,WITHIN_TOLERANCE
07:12:58.669,5.921,5,21.35,WITHIN_TOLERANCE
07:12:58.774,5.738,11,28.96,WITHIN_TOLERANCE
07:12:58.886,10.042,3,20.97,WITHIN_TOLERANCE
07:12:59.002,14.270,11,26.13,WITHIN_TOLERANCE
07:12:59.109,6.808,7,25.17,WITHIN_TOLERANCE
07:12:59.215,5.695,3,27.05,WITHIN_TOLERANCE
07:12:59.320,5.567,6,18.39,WITHIN_TOLERANCE
07:12:59.532,5.611,11,20.61,WITHIN_TOLERANCE
07:12:59.637,5.349,2,27.33,WITHIN_TOLERANCE
07:12:59.748,10.705,9,29.46,WITHIN_TOLERANCE
07:12:59.854,5.311,6,22.43,WITHIN_TOLERANCE
07:13:00.495,5.584,4,23.3,WITHIN_TOLERANCE
07:13:00.923,6.000,2,20.03,WITHIN_TOLERANCE
07:13:01.240,5.686,5,33.78,WITHIN_TOLERANCE
07:13:01.452,5.611,2,26.07,WITHIN_TOLERANCE
07:13:01.769,5.704,10,26.19,WITHIN_TOLERANCE
07:13:01.981,5.873,7,21.42,WITHIN_TOLERANCE
07:13:02.087,5.777,3,21.92,WITHIN_TOLERANCE
07:13:02.193,5.584,7,25.0,WITHIN_TOLERANCE
07:13:02.299,5.346,11,34.39,WITHIN_TOLERANCE
07:13:02.404,5.461,5,21.8,WITHIN_TOLERANCE
07:13:02.510,5.736,9,23.54,WITHIN_TOLERANCE
07:13:02.828,5.590,4,26.9,WITHIN_TOLERANCE
07:13:03.039,5.118,11,27.9,WITHIN_TOLERANCE
07:13:03.357,5.672,2,27.06,WITHIN_TOLERANCE
07:13:03.462,5.677,9,29.24,WITHIN_TOLERANCE
07:13:03.568,5.623,3,25.87,WITHIN_TOLERANCE
07:13:03.885,5.482,6,27.53,WITHIN_TOLERANCE
07:13:04.097,5.002,2,20.58,WITHIN_TOLERANCE
07:13:04.203,5.569,5,9.24,WITHIN_TOLERANCE
07:13:04.308,5.542,8,22.84,WITHIN_TOLERANCE
07:13:04.414,5.482,5,16.58,WITHIN_TOLERANCE
07:13:04.633,12.959,6,22.31,WITHIN_TOLERANCE
07:13:04.738,5.091,9,25.28,WITHIN_TOLERANCE
07:13:04.844,5.690,2,14.47,WITHIN_TOLERANCE
07:13:04.950,5.673,7,22.11,WITHIN_TOLERANCE
07:13:05.056,5.721,4,34.55,WITHIN_TOLERANCE
07:13:05.376,8.637,12,23.97,WITHIN_TOLERANCE
07:13:05.487,11.162,9,23.28,WITHIN_TOLERANCE
07:13:05.593,5.720,2,17.55,WITHIN_TOLERANCE
07:13:05.701,7.807,9,26.45,WITHIN_TOLERANCE
07:13:05.807,5.826,5,29.64,WITHIN_TOLERANCE
07:13:05.915,7.359,10,34.59,WITHIN_TOLERANCE
07:13:06.021,5.749,2,22.45,WITHIN_TOLERANCE
07:13:06.127,5.590,8,32.67,WITHIN_TOLERANCE
07:13:06.550,5.808,2,27.49,WITHIN_TOLERANCE
07:13:06.655,5.339,11,28.9,WITHIN_TOLERANCE
07:13:06.761,5.574,8,21.93,WITHIN_TOLERANCE
07:13:06.867,5.565,5,30.71,WITHIN_TOLERANCE
07:13:07.184,5.151,12,39.13,WITHIN_TOLERANCE
07:13:07.290,5.742,4,24.49,WITHIN_TOLERANCE
07:13:07.396,5.547,7,20.98,WITHIN_TOLERANCE
07:13:07.501,5.523,2,29.64,WITHIN_TOLERANCE
07:13:07.607,5.390,12,22.8,WITHIN_TOLERANCE
07:13:07.713,5.683,4,27.11,WITHIN_TOLERANCE
07:13:07.818,5.498,12,26.98,WITHIN_TOLERANCE
07:13:07.924,5.658,5,31.45,WITHIN_TOLERANCE
07:13:08.030,5.571,9,23.01,WITHIN_TOLERANCE
07:13:08.138,7.907,6,20.94,WITHIN_TOLERANCE
07:13:08.243,5.091,3,30.19,WITHIN_TOLERANCE
07:13:08.456,5.421,11,21.53,WITHIN_TOLERANCE
07:13:08.562,5.714,6,27.85,WITHIN_TOLERANCE
07:13:08.879,5.649,9,21.13,WITHIN_TOLERANCE
07:13:08.992,12.399,5,18.63,WITHIN_TOLERANCE
07:13:09.098,5.896,8,31.94,WITHIN_TOLERANCE
07:13:09.310,5.460,11,24.12,WITHIN_TOLERANCE
07:13:09.415,5.611,4,26.14,WITHIN_TOLERANCE
07:13:09.627,5.591,7,22.72,WITHIN_TOLERANCE
07:13:09.946,5.545,5,22.75,WITHIN_TOLERANCE
07:13:10.157,5.488,11,20.96,WITHIN_TOLERANCE
07:13:10.263,5.643,7,28.74,WITHIN_TOLERANCE
07:13:10.369,5.768,2,31.07,WITHIN_TOLERANCE
07:13:10.475,5.689,7,26.31,WITHIN_TOLERANCE
07:13:10.581,5.560,12,28.33,WITHIN_TOLERANCE
07:13:10.686,5.516,2,21.74,WITHIN_TOLERANCE
07:13:10.899,5.503,8,25.55,WITHIN_TOLERANCE
07:13:11.016,14.410,2,19.73,WITHIN_TOLERANCE
07:13:11.338,9.534,8,18.95,WITHIN_TOLERANCE
07:13:11.764,9.334,7,12.48,WITHIN_TOLERANCE
07:13:12.188,5.585,3,29.46,WITHIN_TOLERANCE
07:13:12.294,5.589,9,14.85,WITHIN_TOLERANCE
07:13:12.505,5.553,4,18.78,WITHIN_TOLERANCE
07:13:12.820,3.908,11,25.3,WITHIN_TOLERANCE
07:13:13.163,34.418,3,26.47,WITHIN_TOLERANCE
07:13:13.269,5.669,12,24.81,WITHIN_TOLERANCE
07:13:13.374,4.743,6,25.2,WITHIN_TOLERANCE
07:13:13.586,5.718,2,25.0,WITHIN_TOLERANCE
07:13:13.796,5.213,7,30.64,WITHIN_TOLERANCE
07:13:13.902,5.467,4,20.81,WITHIN_TOLERANCE
07:13:14.007,5.221,12,24.52,WITHIN_TOLERANCE
07:13:14.219,5.516,2,29.05,WITHIN_TOLERANCE
07:13:14.324,5.587,7,20.25,WITHIN_TOLERANCE
07:13:14.430,5.579,4,28.42,WITHIN_TOLERANCE
07:13:14.747,5.450,11,31.35,WITHIN_TOLERANCE
07:13:14.853,5.503,2,21.85,WITHIN_TOLERANCE
07:13:15.064,5.624,6,28.98,WITHIN_TOLERANCE
07:13:15.487,5.530,9,34.61,WITHIN_TOLERANCE
07:13:15.596,8.528,4,19.19,WITHIN_TOLERANCE
07:13:15.927,5.654,12,27.69,WITHIN_TOLERANCE
07:13:16.033,5.680,3,28.8,WITHIN_TOLERANCE
07:13:16.139,5.643,6,19.86,WITHIN_TOLERANCE
07:13:16.457,5.811,11,19.82,WITHIN_TOLERANCE
07:13:16.885,5.579,4,26.25,WITHIN_TOLERANCE
07:13:16.991,5.857,9,24.09,WITHIN_TOLERANCE
07:13:17.097,5.689,3,22.84,WITHIN_TOLERANCE
07:13:17.309,5.613,8,28.85,WITHIN_TOLERANCE
07:13:17.415,5.541,11,25.05,WITHIN_TOLERANCE
07:13:17.521,5.853,5,25.22,WITHIN_TOLERANCE
07:13:17.734,7.160,10,27.51,WITHIN_TOLERANCE
07:13:17.840,5.997,4,30.18,WITHIN_TOLERANCE
07:13:17.947,5.672,9,16.28,WITHIN_TOLERANCE
07:13:18.159,5.785,12,26.03,WITHIN_TOLERANCE
07:13:18.265,5.644,9,12.74,WITHIN_TOLERANCE
07:13:18.370,5.331,6,20.24,WITHIN_TOLERANCE
07:13:18.476,5.509,3,23.87,WITHIN_TOLERANCE
07:13:18.581,5.472,10,25.65,WITHIN_TOLERANCE
07:13:19.118,11.854,8,23.95,WITHIN_TOLERANCE
07:13:19.578,14.524,3,28.66,WITHIN_TOLERANCE
07:13:19.685,5.174,8,23.1,WITHIN_TOLERANCE
07:13:19.847,51.464,4,23.41,WITHIN_TOLERANCE
07:13:20.104,6.982,12,26.7,WITHIN_TOLERANCE
07:13:20.210,5.786,3,30.41,WITHIN_TOLERANCE
07:13:20.527,5.641,6,22.08,WITHIN_TOLERANCE
07:13:20.950,5.347,10,21.55,WITHIN_TOLERANCE
07:13:21.056,5.512,4,17.37,WITHIN_TOLERANCE
07:13:21.162,5.908,9,23.97,WITHIN_TOLERANCE
07:13:21.267,5.602,5,24.13,WITHIN_TOLERANCE
07:13:21.479,5.602,10,20.42,WITHIN_TOLERANCE
07:13:21.696,11.300,3,31.06,WITHIN_TOLERANCE
07:13:21.802,5.681,12,15.4,WITHIN_TOLERANCE
07:13:21.908,5.486,6,33.01,WITHIN_TOLERANCE
07:13:22.119,5.445,5,26.38,WITHIN_TOLERANCE
07:13:22.647,5.645,10,31.28,WITHIN_TOLERANCE
07:13:22.965,5.475,10,26.02,WITHIN_TOLERANCE
07:13:23.282,5.575,7,16.1,WITHIN_TOLERANCE
07:13:23.388,5.748,12,19.91,WITHIN_TOLERANCE
07:13:23.494,5.719,5,30.47,WITHIN_TOLERANCE
07:13:23.600,5.647,10,25.16,WITHIN_TOLERANCE
07:13:23.706,5.502,3,20.88,WITHIN_TOLERANCE
07:13:23.811,5.483,12,20.49,WITHIN_TOLERANCE
07:13:23.917,5.605,8,31.44,WITHIN_TOLERANCE
07:13:24.129,5.781,12,23.12,WITHIN_TOLERANCE
07:13:24.234,5.322,9,20.83,WITHIN_TOLERANCE
07:13:24.446,5.604,2,17.42,WITHIN_TOLERANCE
07:13:24.763,5.401,6,18.29,WITHIN_TOLERANCE
07:13:24.977,7.825,12,24.47,WITHIN_TOLERANCE
07:13:25.082,5.260,9,21.64,WITHIN_TOLERANCE
07:13:25.188,5.534,12,23.86,WITHIN_TOLERANCE
07:13:25.294,5.764,2,17.88,WITHIN_TOLERANCE
07:13:25.400,5.794,12,26.01,WITHIN_TOLERANCE
07:13:25.718,6.003,7,24.52,WITHIN_TOLERANCE
07:13:26.041,6.009,3,23.28,WITHIN_TOLERANCE
07:13:26.147,5.699,11,18.31,WITHIN_TOLERANCE
07:13:26.361,7.059,5,26.08,WITHIN_TOLERANCE
07:13:26.573,5.369,12,31.82,WITHIN_TOLERANCE
07:13:26.683,10.504,2,23.4,WITHIN_TOLERANCE
07:13:26.895,5.678,9,34.85,WITHIN_TOLERANCE
07:13:27.000,4.978,4,24.07,WITHIN_TOLERANCE
07:13:27.106,5.651,10,28.19,WITHIN_TOLERANCE
07:13:27.317,5.486,4,22.47,WITHIN_TOLERANCE
07:13:27.425,7.961,11,27.06,WITHIN_TOLERANCE
07:13:27.531,5.677,4,24.76,WITHIN_TOLERANCE
07:13:27.849,5.713,8,29.97,WITHIN_TOLERANCE
07:13:27.956,5.996,3,26.67,WITHIN_TOLERANCE
07:13:28.061,5.604,12,66.49,WITHIN_TOLERANCE
07:13:28.273,5.606,9,27.07,WITHIN_TOLERANCE
07:13:28.379,5.855,12,23.65,WITHIN_TOLERANCE
07:13:28.485,5.619,5,32.65,WITHIN_TOLERANCE
07:13:28.590,5.431,11,15.22,WITHIN_TOLERANCE
07:13:28.696,5.541,4,24.67,WITHIN_TOLERANCE
07:13:28.907,5.432,11,27.18,WITHIN_TOLERANCE
07:13:29.013,5.385,6,25.46,WITHIN_TOLERANCE
07:13:29.224,5.537,8,19.69,WITHIN_TOLERANCE
07:13:29.648,5.705,8,21.14,WITHIN_TOLERANCE
07:13:29.859,5.657,4,16.4,WITHIN_TOLERANCE
07:13:30.497,6.883,10,26.12,WITHIN_TOLERANCE
07:13:30.709,5.805,3,20.28,WITHIN_TOLERANCE
07:13:30.815,5.489,9,28.17,WITHIN_TOLERANCE
07:13:30.920,5.597,5,27.44,WITHIN_TOLERANCE
07:13:31.029,8.329,2,28.59,WITHIN_TOLERANCE
07:13:31.240,5.596,11,31.88,WITHIN_TOLERANCE
07:13:31.347,5.982,2,32.49,WITHIN_TOLERANCE
07:13:31.452,5.602,10,28.21,WITHIN_TOLERANCE
07:13:31.664,5.487,7,37.27,WITHIN_TOLERANCE
07:13:31.770,5.870,4,25.02,WITHIN_TOLERANCE
07:13:31.876,5.651,11,30.31,WITHIN_TOLERANCE
07:13:31.985,9.041,6,22.32,WITHIN_TOLERANCE
07:13:32.100,12.530,12,14.09,WITHIN_TOLERANCE
07:13:32.205,5.632,3,20.75,WITHIN_TOLERANCE
07:13:32.316,10.523,6,14.78,WITHIN_TOLERANCE
07:13:32.422,5.541,2,27.05,WITHIN_TOLERANCE
07:13:32.531,9.642,11,37.75,WITHIN_TOLERANCE
07:13:32.639,6.281,8,22.42,WITHIN_TOLERANCE
07:13:32.745,5.502,12,27.66,WITHIN_TOLERANCE
07:13:32.851,5.516,6,26.07,WITHIN_TOLERANCE
07:13:33.170,5.626,12,17.34,WITHIN_TOLERANCE
07:13:33.276,5.546,8,27.63,WITHIN_TOLERANCE
07:13:33.699,5.391,3,36.83,WITHIN_TOLERANCE
07:13:33.805,5.505,9,26.09,WITHIN_TOLERANCE
07:13:33.910,5.556,3,28.65,WITHIN_TOLERANCE
07:13:34.016,5.552,8,27.94,WITHIN_TOLERANCE
07:13:34.227,5.305,12,27.35,WITHIN_TOLERANCE
07:13:34.333,5.358,2,17.67,WITHIN_TOLERANCE
07:13:34.439,5.621,8,24.8,WITHIN_TOLERANCE
07:13:34.545,5.639,4,23.52,WITHIN_TOLERANCE
07:13:34.650,5.053,11,22.28,WITHIN_TOLERANCE
07:13:34.755,5.514,3,30.98,WITHIN_TOLERANCE
07:13:35.179,5.409,10,36.44,WITHIN_TOLERANCE
07:13:35.285,5.700,4,24.63,WITHIN_TOLERANCE
07:13:35.390,5.591,8,29.02,WITHIN_TOLERANCE
07:13:35.496,5.757,4,25.61,WITHIN_TOLERANCE
07:13:35.602,6.000,10,28.33,WITHIN_TOLERANCE
07:13:35.815,5.576,3,21.77,WITHIN_TOLERANCE
07:13:35.921,5.465,12,16.18,WITHIN_TOLERANCE
07:13:36.027,6.305,5,27.79,WITHIN_TOLERANCE
07:13:36.139,11.099,9,28.21,WITHIN_TOLERANCE
07:13:36.245,5.614,2,24.34,WITHIN_TOLERANCE
07:13:36.456,5.511,9,13.65,WITHIN_TOLERANCE
07:13:36.668,6.034,6,22.44,WITHIN_TOLERANCE
07:13:36.774,5.548,12,15.83,WITHIN_TOLERANCE
07:13:36.880,5.378,5,18.59,WITHIN_TOLERANCE
07:13:37.110,9.428,11,29.84,WITHIN_TOLERANCE
07:13:37.322,5.527,6,28.9,WITHIN_TOLERANCE
07:13:37.428,5.350,12,21.79,WITHIN_TOLERANCE
07:13:37.534,5.625,7,22.81,WITHIN_TOLERANCE
07:13:37.640,5.603,12,28.89,WITHIN_TOLERANCE
07:13:37.745,5.492,6,22.94,WITHIN_TOLERANCE
07:13:37.864,16.903,3,24.23,WITHIN_TOLERANCE
07:13:38.081,5.633,12,27.34,WITHIN_TOLERANCE
07:13:38.187,5.779,7,29.52,WITHIN_TOLERANCE
07:13:38.293,5.646,4,17.65,WITHIN_TOLERANCE
07:13:38.399,5.612,8,28.47,WITHIN_TOLERANCE
07:13:38.611,5.652,11,20.04,WITHIN_TOLERANCE
07:13:38.716,5.105,7,23.1,WITHIN_TOLERANCE
07:13:38.821,5.381,4,26.65,WITHIN_TOLERANCE
07:13:38.927,5.895,8,31.67,WITHIN_TOLERANCE
07:13:39.139,5.664,6,28.25,WITHIN_TOLERANCE
07:13:39.245,5.546,10,22.5,WITHIN_TOLERANCE
07:13:39.457,5.732,3,23.8,WITHIN_TOLERANCE
07:13:39.563,5.779,10,18.6,WITHIN_TOLERANCE
07:13:39.775,5.769,11,20.2,WITHIN_TOLERANCE
07:13:39.987,5.721,7,27.39,WITHIN_TOLERANCE
07:13:40.198,5.713,3,18.91,WITHIN_TOLERANCE
07:13:40.304,5.573,10,17.53,WITHIN_TOLERANCE
07:13:40.410,5.957,2,26.42,WITHIN_TOLERANCE
07:13:40.516,5.506,8,26.14,WITHIN_TOLERANCE
07:13:40.622,6.067,11,29.65,WITHIN_TOLERANCE
07:13:40.728,5.390,3,26.07,WITHIN_TOLERANCE
07:13:40.833,4.884,11,34.81,WITHIN_TOLERANCE
07:13:40.938,5.471,3,31.2,WITHIN_TOLERANCE
07:13:41.257,5.799,2,35.93,WITHIN_TOLERANCE
07:13:41.363,5.713,7,26.63,WITHIN_TOLERANCE
07:13:41.469,5.907,2,24.15,WITHIN_TOLERANCE
07:13:41.789,5.353,7,25.99,WITHIN_TOLERANCE
07:13:41.895,5.637,10,28.64,WITHIN_TOLERANCE
07:13:42.106,5.607,5,27.66,WITHIN_TOLERANCE
07:13:42.423,5.638,3,23.27,WITHIN_TOLERANCE
07:13:42.529,5.691,12,24.89,WITHIN_TOLERANCE
07:13:42.635,5.496,8,30.05,WITHIN_TOLERANCE
07:13:42.740,5.505,12,29.77,WITHIN_TOLERANCE
07:13:43.060,5.636,3,31.33,WITHIN_TOLERANCE
07:13:43.383,10.296,12,20.36,WITHIN_TOLERANCE
07:13:43.598,9.331,3,24.98,WITHIN_TOLERANCE
07:13:43.703,5.036,8,26.63,WITHIN_TOLERANCE
07:13:43.915,5.665,4,33.42,WITHIN_TOLERANCE
07:13:44.026,10.694,7,21.66,WITHIN_TOLERANCE
07:13:44.132,5.624,10,27.57,WITHIN_TOLERANCE
07:13:44.456,5.713,8,32.43,WITHIN_TOLERANCE
07:13:44.667,5.434,4,21.43,WITHIN_TOLERANCE
07:13:44.773,5.583,9,22.23,WITHIN_TOLERANCE
07:13:44.878,5.378,4,22.28,WITHIN_TOLERANCE
07:13:44.983,4.838,10,23.7,WITHIN_TOLERANCE
07:13:45.195,5.391,6,26.32,WITHIN_TOLERANCE
07:13:45.301,5.601,9,26.11,WITHIN_TOLERANCE
07:13:45.406,5.522,6,31.12,WITHIN_TOLERANCE
07:13:45.512,5.662,11,21.55,WITHIN_TOLERANCE
07:13:45.618,5.596,8,19.83,WITHIN_TOLERANCE
07:13:45.726,8.291,11,21.8,WITHIN_TOLERANCE
07:13:46.046,5.522,12,24.25,WITHIN_TOLERANCE
07:13:46.154,8.500,7,16.44,WITHIN_TOLERANCE
07:13:46.483,5.806,11,18.74,WITHIN_TOLERANCE
07:13:46.694,5.500,2,23.86,WITHIN_TOLERANCE
07:13:46.800,5.844,9,23.24,WITHIN_TOLERANCE
07:13:46.906,5.921,2,29.85,WITHIN_TOLERANCE
07:13:47.118,5.249,8,26.19,WITHIN_TOLERANCE
07:13:47.223,5.592,3,19.77,WITHIN_TOLERANCE
07:13:47.329,5.554,10,14.14,WITHIN_TOLERANCE
07:13:47.540,5.408,4,28.15,WITHIN_TOLERANCE
07:13:47.646,5.564,11,24.03,WITHIN_TOLERANCE
07:13:47.857,5.505,4,21.92,WITHIN_TOLERANCE
07:13:47.963,5.524,10,23.06,WITHIN_TOLERANCE
07:13:48.069,5.846,7,16.78,WITHIN_TOLERANCE
07:13:48.174,5.424,3,21.67,WITHIN_TOLERANCE
07:13:48.280,5.364,6,31.04,WITHIN_TOLERANCE
07:13:48.494,5.429,5,29.15,WITHIN_TOLERANCE
07:13:48.705,5.577,12,24.85,WITHIN_TOLERANCE
07:13:48.811,5.752,9,17.84,WITHIN_TOLERANCE
07:13:48.917,5.601,12,25.22,WITHIN_TOLERANCE
07:13:49.023,6.014,6,18.06,WITHIN_TOLERANCE
07:13:49.447,5.742,6,13.43,WITHIN_TOLERANCE
07:13:49.553,5.822,9,20.25,WITHIN_TOLERANCE
07:13:49.658,5.671,3,16.75,WITHIN_TOLERANCE
07:13:49.977,5.713,7,22.17,WITHIN_TOLERANCE
07:13:50.190,6.826,9,18.85,WITHIN_TOLERANCE
07:13:50.296,5.549,5,29.09,WITHIN_TOLERANCE
07:13:50.402,5.503,2,23.83,WITHIN_TOLERANCE
07:13:50.509,6.821,8,14.2,WITHIN_TOLERANCE
07:13:50.614,5.263,4,27.37,WITHIN_TOLERANCE
07:13:50.829,6.261,10,21.06,WITHIN_TOLERANCE
07:13:50.934,5.338,3,19.64,WITHIN_TOLERANCE
07:13:51.040,5.961,7,22.43,WITHIN_TOLERANCE
07:13:51.274,20.718,4,24.62,WITHIN_TOLERANCE
07:13:51.486,5.710,12,25.76,WITHIN_TOLERANCE
07:13:51.591,5.396,3,23.41,WITHIN_TOLERANCE
07:13:51.697,5.787,11,19.25,WITHIN_TOLERANCE
07:13:51.803,5.532,4,17.56,WITHIN_TOLERANCE
07:13:51.909,5.507,9,30.04,WITHIN_TOLERANCE
07:13:52.014,5.537,3,30.2,WITHIN_TOLERANCE
07:13:52.120,5.480,10,20.56,WITHIN_TOLERANCE
07:13:52.650,5.611,3,21.07,WITHIN_TOLERANCE
07:13:52.755,5.527,12,24.51,WITHIN_TOLERANCE
07:13:52.861,5.310,4,27.99,WITHIN_TOLERANCE
07:13:52.967,5.525,7,21.98,WITHIN_TOLERANCE
07:13:53.284,5.535,4,23.98,WITHIN_TOLERANCE
07:13:53.497,5.618,3,23.29,WITHIN_TOLERANCE
07:13:53.602,5.400,12,22.96,WITHIN_TOLERANCE
07:13:53.708,5.894,8,28.94,WITHIN_TOLERANCE
07:13:53.814,5.250,2,25.41,WITHIN_TOLERANCE
07:13:53.919,5.584,10,21.18,WITHIN_TOLERANCE
07:13:54.131,5.852,6,19.44,WITHIN_TOLERANCE
07:13:54.558,7.843,2,16.21,WITHIN_TOLERANCE
07:13:54.664,5.277,7,16.27,WITHIN_TOLERANCE
07:13:54.771,7.068,11,31.78,WITHIN_TOLERANCE
07:13:54.876,5.519,3,16.9,WITHIN_TOLERANCE
07:13:54.982,5.354,7,21.38,WITHIN_TOLERANCE
07:13:55.088,5.550,4,28.55,WITHIN_TOLERANCE
07:13:55.193,5.504,10,25.26,WITHIN_TOLERANCE
07:13:55.404,5.184,4,31.37,WITHIN_TOLERANCE
07:13:55.510,5.516,7,20.99,WITHIN_TOLERANCE
07:13:55.721,5.570,12,27.47,WITHIN_TOLERANCE
07:13:55.828,6.063,2,25.37,WITHIN_TOLERANCE
07:13:56.039,5.630,10,25.29,WITHIN_TOLERANCE
07:13:56.145,5.601,5,24.03,WITHIN_TOLERANCE
07:13:56.253,8.083,9,24.73,WITHIN_TOLERANCE
07:13:56.690,5.778,2,29.27,WITHIN_TOLERANCE
07:13:56.796,5.470,9,21.8,WITHIN_TOLERANCE
07:13:57.220,5.714,3,20.91,WITHIN_TOLERANCE
07:13:57.326,6.100,8,26.52,WITHIN_TOLERANCE
07:13:57.432,5.766,2,27.69,WITHIN_TOLERANCE
07:13:57.545,12.362,10,29.53,WITHIN_TOLERANCE
07:13:57.973,5.587,6,19.25,WITHIN_TOLERANCE
07:13:58.079,5.477,3,25.84,WITHIN_TOLERANCE
07:13:58.397,5.678,11,14.56,WITHIN_TOLERANCE
07:13:58.714,5.536,4,20.38,WITHIN_TOLERANCE
07:13:59.032,5.651,2,25.77,WITHIN_TOLERANCE
07:13:59.138,5.548,11,16.31,WITHIN_TOLERANCE
07:13:59.243,5.619,3,36.62,WITHIN_TOLERANCE
07:13:59.349,5.437,12,29.19,WITHIN_TOLERANCE
07:13:59.774,5.632,7,19.34,WITHIN_TOLERANCE
07:13:59.989,8.707,9,25.1,WITHIN_TOLERANCE
07:14:00.095,5.708,2,12.62,WITHIN_TOLERANCE
07:14:00.200,5.490,6,17.58,WITHIN_TOLERANCE
07:14:00.623,5.639,4,24.89,WITHIN_TOLERANCE
07:14:00.743,17.454,9,16.21,WITHIN_TOLERANCE
07:14:00.972,14.254,5,20.64,WITHIN_TOLERANCE
07:14:01.090,17.949,2,24.88,WITHIN_TOLERANCE
07:14:01.196,5.635,12,33.48,WITHIN_TOLERANCE
07:14:01.306,9.219,7,24.07,WITHIN_TOLERANCE
07:14:01.414,5.726,10,31.65,WITHIN_TOLERANCE
07:14:01.523,6.963,7,22.21,WITHIN_TOLERANCE
07:14:01.740,11.232,3,21.59,WITHIN_TOLERANCE
07:14:01.847,5.928,6,27.79,WITHIN_TOLERANCE
07:14:01.953,6.043,11,22.02,WITHIN_TOLERANCE
07:14:02.165,5.563,12,28.06,WITHIN_TOLERANCE
07:14:02.271,5.669,4,30.27,WITHIN_TOLERANCE
07:14:02.377,5.794,7,30.23,WITHIN_TOLERANCE
07:14:02.694,5.368,2,28.78,WITHIN_TOLERANCE
07:14:02.906,6.241,7,24.57,WITHIN_TOLERANCE
07:14:03.011,5.406,10,21.9,WITHIN_TOLERANCE
07:14:03.223,5.619,3,25.63,WITHIN_TOLERANCE
07:14:03.329,5.718,9,25.55,WITHIN_TOLERANCE
07:14:03.540,5.462,4,17.82,WITHIN_TOLERANCE
07:14:03.752,5.633,10,18.58,WITHIN_TOLERANCE
07:14:03.963,5.512,12,27.93,WITHIN_TOLERANCE
07:14:04.069,5.910,6,29.45,WITHIN_TOLERANCE
07:14:04.387,5.486,12,29.07,WITHIN_TOLERANCE
07:14:04.493,5.790,8,25.34,WITHIN_TOLERANCE
07:14:04.705,5.878,2,33.27,WITHIN_TOLERANCE
07:14:04.811,5.637,10,30.41,WITHIN_TOLERANCE
07:14:05.022,5.771,7,27.62,WITHIN_TOLERANCE
07:14:05.446,5.840,3,23.02,WITHIN_TOLERANCE
07:14:05.552,5.156,12,22.51,WITHIN_TOLERANCE
07:14:05.658,5.652,4,28.86,WITHIN_TOLERANCE
07:14:05.763,5.540,11,26.01,WITHIN_TOLERANCE
07:14:06.111,16.027,6,29.88,WITHIN_TOLERANCE
07:14:06.226,15.401,9,17.37,WITHIN_TOLERANCE
07:14:06.354,25.296,3,31.66,WITHIN_TOLERANCE
07:14:06.489,34.212,8,18.4,WITHIN_TOLERANCE
07:14:06.843,12.031,12,21.36,WITHIN_TOLERANCE
07:14:06.961,11.482,6,24.83,WITHIN_TOLERANCE
07:14:07.067,5.622,11,21.41,WITHIN_TOLERANCE
07:14:07.281,5.606,4,22.11,WITHIN_TOLERANCE
07:14:07.387,5.532,10,29.04,WITHIN_TOLERANCE
07:14:07.599,5.650,12,26.78,WITHIN_TOLERANCE
07:14:07.705,5.678,6,26.15,WITHIN_TOLERANCE
07:14:07.810,5.116,9,25.08,WITHIN_TOLERANCE
07:14:08.342,5.592,3,24.64,WITHIN_TOLERANCE
07:14:08.662,5.645,7,27.95,WITHIN_TOLERANCE
07:14:08.985,10.768,3,23.7,WITHIN_TOLERANCE
07:14:09.110,24.831,6,23.82,WITHIN_TOLERANCE
07:14:09.220,5.606,9,21.52,WITHIN_TOLERANCE
07:14:09.435,7.703,7,29.37,WITHIN_TOLERANCE
07:14:09.867,5.615,2,26.69,WITHIN_TOLERANCE
07:14:10.079,5.450,7,20.89,WITHIN_TOLERANCE
07:14:10.185,5.757,4,18.62,WITHIN_TOLERANCE
07:14:10.290,5.423,9,29.97,WITHIN_TOLERANCE
07:14:10.502,5.485,11,29.78,WITHIN_TOLERANCE
07:14:10.607,5.498,4,28.62,WITHIN_TOLERANCE
07:14:10.713,5.406,7,21.4,WITHIN_TOLERANCE
07:14:11.054,10.396,2,27.0,WITHIN_TOLERANCE
07:14:11.176,20.249,12,25.09,WITHIN_TOLERANCE
07:14:11.358,59.458,9,29.07,WITHIN_TOLERANCE
07:14:11.468,8.404,4,16.5,WITHIN_TOLERANCE
07:14:11.688,9.013,7,21.89,WITHIN_TOLERANCE
07:14:11.931,28.921,11,20.81,WITHIN_TOLERANCE
07:14:12.042,10.830,4,22.01,WITHIN_TOLERANCE
07:14:12.183,37.900,11,21.97,WITHIN_TOLERANCE
07:14:12.322,22.089,3,24.85,WITHIN_TOLERANCE
07:14:12.433,10.004,6,27.3,WITHIN_TOLERANCE
07:14:12.649,5.113,10,22.83,WITHIN_TOLERANCE
07:14:12.755,5.710,4,15.83,WITHIN_TOLERANCE
07:14:12.861,5.671,7,20.3,WITHIN_TOLERANCE
07:14:13.178,5.532,11,28.09,WITHIN_TOLERANCE
07:14:13.284,6.002,8,30.39,WITHIN_TOLERANCE
07:14:13.512,15.992,5,38.86,WITHIN_TOLERANCE
07:14:13.912,17.683,11,30.26,WITHIN_TOLERANCE
07:14:14.033,20.734,2,17.55,WITHIN_TOLERANCE
07:14:14.148,13.607,11,27.94,WITHIN_TOLERANCE
07:14:14.258,8.630,2,27.72,WITHIN_TOLERANCE
07:14:14.367,6.860,6,24.44,WITHIN_TOLERANCE
07:14:14.473,6.047,10,27.22,WITHIN_TOLERANCE
07:14:14.798,5.837,11,32.22,WITHIN_TOLERANCE
07:14:15.009,5.668,3,31.04,WITHIN_TOLERANCE
07:14:15.115,5.461,12,21.95,WITHIN_TOLERANCE
07:14:15.538,5.752,7,16.91,WITHIN_TOLERANCE
07:14:15.872,22.938,8,22.23,WITHIN_TOLERANCE
07:14:15.978,5.655,11,15.85,WITHIN_TOLERANCE
07:14:16.085,7.067,2,19.05,WITHIN_TOLERANCE
07:14:16.191,5.498,6,30.55,WITHIN_TOLERANCE
07:14:16.720,5.597,2,44.33,WITHIN_TOLERANCE
07:14:17.287,15.944,10,13.45,WITHIN_TOLERANCE
07:14:17.410,21.723,6,27.78,WITHIN_TOLERANCE
07:14:17.515,4.963,9,30.99,WITHIN_TOLERANCE
07:14:17.621,5.759,2,18.62,WITHIN_TOLERANCE
07:14:17.727,5.717,6,22.66,WITHIN_TOLERANCE
07:14:17.938,5.483,10,18.2,WITHIN_TOLERANCE
07:14:18.256,6.848,7,27.39,WITHIN_TOLERANCE
07:14:18.477,6.503,10,25.52,WITHIN_TOLERANCE
07:14:18.794,5.498,7,20.59,WITHIN_TOLERANCE
07:14:18.900,5.611,11,19.25,WITHIN_TOLERANCE
07:14:19.010,10.171,7,28.61,WITHIN_TOLERANCE
07:15:10.157,56.452,5,25.09,WITHIN_TOLERANCE
07:15:10.272,14.510,2,23.05,WITHIN_TOLERANCE
07:15:10.381,8.368,11,22.92,WITHIN_TOLERANCE
07:15:10.488,7.111,4,24.95,WITHIN_TOLERANCE
07:15:10.808,6.469,11,18.95,WITHIN_TOLERANCE
07:15:10.920,10.501,6,29.28,WITHIN_TOLERANCE
07:15:11.027,5.399,3,24.53,WITHIN_TOLERANCE
07:15:11.133,5.311,10,23.77,WITHIN_TOLERANCE
07:15:11.450,5.615,11,25.55,WITHIN_TOLERANCE
07:15:11.556,5.771,2,21.87,WITHIN_TOLERANCE
07:15:11.767,5.736,7,22.51,WITHIN_TOLERANCE
07:15:11.873,5.952,3,29.23,WITHIN_TOLERANCE
07:15:12.085,5.842,9,21.39,WITHIN_TOLERANCE
07:15:12.191,5.797,2,13.48,WITHIN_TOLERANCE
07:15:12.297,5.650,7,18.43,WITHIN_TOLERANCE
07:15:12.403,5.654,4,24.33,WITHIN_TOLERANCE
07:15:12.620,9.855,8,29.77,WITHIN_TOLERANCE
07:15:12.937,5.807,11,24.0,WITHIN_TOLERANCE
07:15:13.152,8.436,2,22.99,WITHIN_TOLERANCE
07:15:13.364,5.839,9,21.13,WITHIN_TOLERANCE
07:15:13.576,5.364,12,29.24,WITHIN_TOLERANCE
07:15:13.682,5.868,4,21.27,WITHIN_TOLERANCE
07:15:13.788,5.829,12,28.44,WITHIN_TOLERANCE
07:15:13.897,8.249,8,20.67,WITHIN_TOLERANCE
07:15:14.109,6.009,4,26.83,WITHIN_TOLERANCE
07:15:14.215,6.536,7,18.76,WITHIN_TOLERANCE
07:15:14.644,6.021,10,25.02,WITHIN_TOLERANCE
07:15:14.750,5.898,3,20.78,WITHIN_TOLERANCE
07:15:14.856,5.917,9,26.91,WITHIN_TOLERANCE
07:15:15.174,5.732,6,31.76,WITHIN_TOLERANCE
07:15:15.598,5.933,12,17.71,WITHIN_TOLERANCE
07:15:15.705,5.886,8,18.84,WITHIN_TOLERANCE
07:15:16.022,6.360,11,23.9,WITHIN_TOLERANCE
07:15:16.128,5.741,5,26.96,WITHIN_TOLERANCE
07:15:16.237,8.802,2,25.87,WITHIN_TOLERANCE
07:15:16.343,5.961,8,27.12,WITHIN_TOLERANCE
07:15:16.449,5.607,5,28.39,WITHIN_TOLERANCE
07:15:16.882,5.133,12,23.41,WITHIN_TOLERANCE
07:15:16.988,5.648,2,23.52,WITHIN_TOLERANCE
07:15:17.095,6.599,11,19.6,WITHIN_TOLERANCE
07:15:17.413,5.672,7,15.85,WITHIN_TOLERANCE
07:15:17.625,5.693,3,34.05,WITHIN_TOLERANCE
07:15:17.734,8.902,9,22.08,WITHIN_TOLERANCE
07:15:17.955,11.311,4,22.52,WITHIN_TOLERANCE
07:15:18.286,18.361,7,30.94,WITHIN_TOLERANCE
07:15:18.397,11.340,2,29.81,WITHIN_TOLERANCE
07:15:18.506,8.166,8,25.57,WITHIN_TOLERANCE
07:15:18.717,5.729,12,26.31,WITHIN_TOLERANCE
07:15:18.831,12.711,5,15.3,WITHIN_TOLERANCE
07:15:18.937,5.513,10,26.98,WITHIN_TOLERANCE
07:15:19.153,5.767,4,37.54,WITHIN_TOLERANCE
07:15:19.259,5.786,9,15.74,WITHIN_TOLERANCE
07:15:19.365,5.772,5,31.48,WITHIN_TOLERANCE
07:15:19.470,5.095,12,29.07,WITHIN_TOLERANCE
07:15:19.577,5.940,6,39.01,WITHIN_TOLERANCE
07:15:19.682,5.383,3,26.16,WITHIN_TOLERANCE
07:15:19.896,5.959,10,23.72,WITHIN_TOLERANCE
07:15:20.002,5.782,5,27.63,WITHIN_TOLERANCE
07:15:20.110,7.969,10,26.83,WITHIN_TOLERANCE
07:15:20.216,5.022,3,23.46,WITHIN_TOLERANCE
07:15:20.322,5.925,10,34.95,WITHIN_TOLERANCE
07:15:20.428,5.777,7,30.05,WITHIN_TOLERANCE
07:15:20.746,5.659,2,29.72,WITHIN_TOLERANCE
07:15:20.957,5.689,11,24.06,WITHIN_TOLERANCE
07:15:21.063,5.620,8,28.33,WITHIN_TOLERANCE
07:15:21.169,5.963,5,30.1,WITHIN_TOLERANCE
07:15:21.274,5.383,10,22.17,WITHIN_TOLERANCE
07:15:21.486,5.836,3,25.53,WITHIN_TOLERANCE
07:15:21.699,5.403,11,16.88,WITHIN_TOLERANCE
07:15:21.910,5.799,5,32.67,WITHIN_TOLERANCE
07:15:22.017,5.944,11,28.35,WITHIN_TOLERANCE
07:15:22.126,9.516,3,25.39,WITHIN_TOLERANCE
07:15:22.444,6.025,10,29.92,WITHIN_TOLERANCE
07:15:22.870,6.019,6,22.88,WITHIN_TOLERANCE
07:15:22.980,7.640,10,16.71,WITHIN_TOLERANCE
07:15:23.298,5.818,11,27.24,WITHIN_TOLERANCE
07:15:23.724,5.754,11,30.99,WITHIN_TOLERANCE
07:15:23.830,5.742,7,29.49,WITHIN_TOLERANCE
07:15:24.261,5.771,12,29.56,WITHIN_TOLERANCE
07:15:24.368,6.071,4,23.14,WITHIN_TOLERANCE
07:15:24.474,6.185,8,18.71,WITHIN_TOLERANCE
07:15:24.582,7.601,2,29.78,WITHIN_TOLERANCE
07:15:24.794,6.099,7,27.44,WITHIN_TOLERANCE
07:15:25.009,9.273,2,31.07,WITHIN_TOLERANCE
07:15:25.115,5.906,6,28.34,WITHIN_TOLERANCE
07:15:25.328,6.115,12,19.2,WITHIN_TOLERANCE
07:15:25.434,5.852,8,25.69,WITHIN_TOLERANCE
07:15:25.541,6.706,5,22.64,WITHIN_TOLERANCE
07:15:25.647,6.056,2,25.46,WITHIN_TOLERANCE
07:15:25.859,5.398,8,32.6,WITHIN_TOLERANCE
07:15:26.076,10.895,12,34.33,WITHIN_TOLERANCE
07:15:26.182,5.978,9,28.92,WITHIN_TOLERANCE
07:15:26.289,6.059,2,30.25,WITHIN_TOLERANCE
07:15:26.397,8.198,12,23.44,WITHIN_TOLERANCE
07:15:26.503,5.874,2,25.06,WITHIN_TOLERANCE
07:15:26.820,5.609,5,32.57,WITHIN_TOLERANCE
07:15:26.926,5.886,2,32.0,WITHIN_TOLERANCE
07:15:27.032,5.745,6,16.76,WITHIN_TOLERANCE
07:15:27.145,12.745,9,26.4,WITHIN_TOLERANCE
07:15:27.251,5.730,6,19.56,WITHIN_TOLERANCE
07:15:27.357,5.665,10,16.52,WITHIN_TOLERANCE
07:15:27.570,6.969,2,17.75,WITHIN_TOLERANCE
07:15:27.676,5.818,11,20.69,WITHIN_TOLERANCE
07:15:27.890,5.997,3,24.36,WITHIN_TOLERANCE
07:15:27.996,5.632,12,19.33,WITHIN_TOLERANCE
07:15:28.101,5.368,7,24.93,WITHIN_TOLERANCE
07:15:28.313,6.215,2,24.75,WITHIN_TOLERANCE
07:15:28.419,5.460,10,23.99,WITHIN_TOLERANCE
07:15:28.636,11.116,2,28.83,WITHIN_TOLERANCE
07:15:28.742,5.704,7,27.31,WITHIN_TOLERANCE
07:15:28.954,6.107,9,22.26,WITHIN_TOLERANCE
07:15:29.060,6.142,5,21.64,WITHIN_TOLERANCE
07:15:29.385,5.949,12,22.42,WITHIN_TOLERANCE
07:15:29.491,5.730,9,23.27,WITHIN_TOLERANCE
07:15:29.703,5.788,7,35.13,WITHIN_TOLERANCE
07:15:29.809,5.806,11,24.17,WITHIN_TOLERANCE
07:15:30.126,5.774,5,19.64,WITHIN_TOLERANCE
07:15:30.232,5.837,11,28.81,WITHIN_TOLERANCE
07:15:30.446,7.281,7,23.11,WITHIN_TOLERANCE
07:15:30.552,5.810,10,20.19,WITHIN_TOLERANCE
07:15:30.658,5.887,2,13.78,WITHIN_TOLERANCE
07:15:30.870,6.083,7,15.44,WITHIN_TOLERANCE
07:15:30.976,6.013,10,25.78,WITHIN_TOLERANCE
07:15:31.108,31.058,6,25.96,WITHIN_TOLERANCE
07:15:31.233,23.933,10,24.94,WITHIN_TOLERANCE
07:15:31.552,5.896,4,18.16,WITHIN_TOLERANCE
07:15:31.658,5.894,12,17.27,WITHIN_TOLERANCE
07:15:31.764,5.682,2,32.91,WITHIN_TOLERANCE
07:15:31.870,5.879,12,24.7,WITHIN_TOLERANCE
07:15:31.976,6.114,4,24.66,WITHIN_TOLERANCE
07:15:32.188,6.266,10,26.33,WITHIN_TOLERANCE
07:15:32.718,5.503,3,26.36,WITHIN_TOLERANCE
07:15:32.930,5.506,5,23.51,WITHIN_TOLERANCE
07:15:33.141,5.812,10,20.86,WITHIN_TOLERANCE
07:15:33.247,5.801,6,29.34,WITHIN_TOLERANCE
07:15:33.353,5.107,10,24.17,WITHIN_TOLERANCE
07:15:33.570,8.952,4,25.94,WITHIN_TOLERANCE
07:15:33.676,5.197,11,17.79,WITHIN_TOLERANCE
07:15:33.782,5.691,7,22.89,WITHIN_TOLERANCE
07:15:34.311,5.657,3,24.82,WITHIN_TOLERANCE
07:15:34.417,5.596,12,22.12,WITHIN_TOLERANCE
07:15:34.523,5.989,4,28.32,WITHIN_TOLERANCE
07:15:34.735,5.382,12,18.35,WITHIN_TOLERANCE
07:15:34.947,5.785,5,22.48,WITHIN_TOLERANCE
07:15:35.053,5.950,2,26.34,WITHIN_TOLERANCE
07:15:35.159,5.909,6,19.04,WITHIN_TOLERANCE
07:15:35.478,5.879,11,24.36,WITHIN_TOLERANCE
07:15:35.583,5.793,6,23.13,WITHIN_TOLERANCE
07:15:35.795,5.867,7,16.11,WITHIN_TOLERANCE
07:15:35.902,6.338,2,17.97,WITHIN_TOLERANCE
07:15:36.010,7.940,9,25.21,WITHIN_TOLERANCE
07:15:36.222,5.758,5,34.69,WITHIN_TOLERANCE
07:15:36.328,5.657,12,22.78,WITHIN_TOLERANCE
07:15:36.434,5.783,7,22.03,WITHIN_TOLERANCE
07:15:36.540,5.767,2,36.12,WITHIN_TOLERANCE
07:15:36.752,5.997,8,23.14,WITHIN_TOLERANCE
07:15:36.858,5.871,12,28.07,WITHIN_TOLERANCE
07:15:36.964,5.522,8,20.05,WITHIN_TOLERANCE
07:15:37.070,5.868,12,25.82,WITHIN_TOLERANCE
07:15:37.176,5.890,9,27.17,WITHIN_TOLERANCE
07:15:37.603,5.757,7,31.89,WITHIN_TOLERANCE
07:15:37.709,5.907,10,34.2,WITHIN_TOLERANCE
07:15:37.816,7.405,6,26.99,WITHIN_TOLERANCE
07:15:37.921,5.055,9,25.81,WITHIN_TOLERANCE
07:15:38.347,5.841,6,21.62,WITHIN_TOLERANCE
07:15:38.453,6.001,11,25.95,WITHIN_TOLERANCE
07:15:38.559,5.574,2,28.17,WITHIN_TOLERANCE
07:15:38.665,5.859,12,24.38,WITHIN_TOLERANCE
07:15:38.776,11.320,7,17.37,WITHIN_TOLERANCE
07:15:38.882,6.023,10,23.22,WITHIN_TOLERANCE
07:15:38.988,5.727,4,25.95,WITHIN_TOLERANCE
07:15:39.094,5.254,11,27.45,WITHIN_TOLERANCE
07:15:39.306,5.891,6,28.01,WITHIN_TOLERANCE
07:15:39.537,25.125,11,23.69,WITHIN_TOLERANCE
07:15:39.854,5.686,4,24.71,WITHIN_TOLERANCE
07:15:39.960,5.676,9,33.1,WITHIN_TOLERANCE
07:15:40.279,5.685,11,30.0,WITHIN_TOLERANCE
07:15:40.812,5.829,3,24.04,WITHIN_TOLERANCE
07:15:40.918,5.782,8,30.54,WITHIN_TOLERANCE
07:15:41.129,5.460,12,31.63,WITHIN_TOLERANCE
07:15:41.234,5.453,7,21.47,WITHIN_TOLERANCE
07:15:41.340,5.383,12,17.46,WITHIN_TOLERANCE
07:15:41.446,5.588,9,21.45,WITHIN_TOLERANCE
07:15:41.554,8.776,2,20.44,WITHIN_TOLERANCE
07:15:41.661,6.014,10,25.55,WITHIN_TOLERANCE
07:15:41.767,5.769,4,29.4,WITHIN_TOLERANCE
07:15:41.979,5.736,11,28.27,WITHIN_TOLERANCE
07:15:42.191,5.878,5,32.82,WITHIN_TOLERANCE
07:15:42.297,5.901,8,19.52,WITHIN_TOLERANCE
07:15:42.614,5.746,10,30.49,WITHIN_TOLERANCE
07:15:42.720,5.944,2,28.42,WITHIN_TOLERANCE
07:15:42.826,5.518,11,28.91,WITHIN_TOLERANCE
07:15:42.932,6.146,6,18.66,WITHIN_TOLERANCE
07:15:43.146,6.938,10,17.16,WITHIN_TOLERANCE
07:15:43.465,6.047,11,30.45,WITHIN_TOLERANCE
07:15:43.686,13.635,2,20.95,WITHIN_TOLERANCE
07:15:43.792,5.993,5,24.31,WITHIN_TOLERANCE
07:15:43.898,5.640,9,28.16,WITHIN_TOLERANCE
07:15:44.109,5.252,7,24.48,WITHIN_TOLERANCE
07:15:44.321,5.309,9,33.95,WITHIN_TOLERANCE
07:15:44.427,5.879,5,30.48,WITHIN_TOLERANCE
07:15:44.855,5.772,3,20.31,WITHIN_TOLERANCE
07:15:44.961,5.762,8,27.16,WITHIN_TOLERANCE
07:15:45.173,6.645,10,24.62,WITHIN_TOLERANCE
07:15:45.279,5.827,6,31.45,WITHIN_TOLERANCE
07:15:45.598,5.910,4,20.6,WITHIN_TOLERANCE
07:15:46.022,5.822,12,29.88,WITHIN_TOLERANCE
07:15:46.127,5.568,3,18.96,WITHIN_TOLERANCE
07:15:46.236,9.004,6,30.89,WITHIN_TOLERANCE
07:15:46.872,5.898,12,18.7,WITHIN_TOLERANCE
07:15:46.978,5.989,7,23.73,WITHIN_TOLERANCE
07:15:47.190,5.917,10,27.4,WITHIN_TOLERANCE
07:15:47.296,5.821,4,28.31,WITHIN_TOLERANCE
07:15:47.402,5.691,12,23.74,WITHIN_TOLERANCE
07:15:47.508,5.990,2,34.53,WITHIN_TOLERANCE
07:15:47.613,5.471,11,21.59,WITHIN_TOLERANCE
07:15:47.724,9.825,6,33.81,WITHIN_TOLERANCE
07:15:48.046,5.467,11,15.5,WITHIN_TOLERANCE
07:15:48.154,7.987,5,29.32,WITHIN_TOLERANCE
07:15:48.260,5.919,10,29.29,WITHIN_TOLERANCE
07:15:48.366,5.579,5,28.09,WITHIN_TOLERANCE
07:15:48.471,5.666,12,26.89,WITHIN_TOLERANCE
07:15:48.577,5.674,5,18.58,WITHIN_TOLERANCE
07:15:48.790,5.946,3,29.94,WITHIN_TOLERANCE
07:15:48.896,6.160,11,24.82,WITHIN_TOLERANCE
07:15:49.009,12.430,2,22.9,WITHIN_TOLERANCE
07:15:49.115,6.421,7,29.04,WITHIN_TOLERANCE
07:15:49.221,5.779,10,26.34,WITHIN_TOLERANCE
07:15:49.539,6.012,11,27.07,WITHIN_TOLERANCE
07:15:49.645,5.854,4,17.03,WITHIN_TOLERANCE
07:15:49.752,6.369,7,31.61,WITHIN_TOLERANCE
07:15:49.964,5.937,2,29.61,WITHIN_TOLERANCE
07:15:50.601,5.913,8,20.98,WITHIN_TOLERANCE
07:15:50.813,5.929,11,22.96,WITHIN_TOLERANCE
07:15:50.919,5.816,6,20.0,WITHIN_TOLERANCE
07:15:51.237,5.493,11,23.77,WITHIN_TOLERANCE
07:15:51.343,5.846,6,22.93,WITHIN_TOLERANCE
07:15:51.450,7.294,2,28.28,WITHIN_TOLERANCE
07:15:51.558,7.227,8,34.56,WITHIN_TOLERANCE
07:15:51.664,6.049,12,15.34,WITHIN_TOLERANCE
07:15:51.770,5.851,4,28.16,WITHIN_TOLERANCE
07:15:51.984,8.611,10,26.05,WITHIN_TOLERANCE
07:15:52.090,5.929,5,26.68,WITHIN_TOLERANCE
07:15:52.196,5.808,10,29.41,WITHIN_TOLERANCE
07:15:52.407,5.591,3,29.22,WITHIN_TOLERANCE
07:15:52.513,5.879,6,19.51,WITHIN_TOLERANCE
07:15:52.622,7.979,12,27.58,WITHIN_TOLERANCE
07:15:52.727,5.630,7,20.03,WITHIN_TOLERANCE
07:15:53.262,8.245,11,23.33,WITHIN_TOLERANCE
07:15:53.368,5.424,4,22.48,WITHIN_TOLERANCE
07:15:53.580,6.037,9,27.11,WITHIN_TOLERANCE
07:15:54.007,6.034,2,24.48,WITHIN_TOLERANCE
07:15:54.113,5.935,8,23.87,WITHIN_TOLERANCE
07:15:54.219,5.710,3,26.36,WITHIN_TOLERANCE
07:15:54.326,6.117,11,21.34,WITHIN_TOLERANCE
07:15:54.431,5.708,2,30.1,WITHIN_TOLERANCE
07:15:54.537,5.358,6,24.1,WITHIN_TOLERANCE
07:15:54.643,5.691,3,25.63,WITHIN_TOLERANCE
07:15:54.749,5.853,6,23.14,WITHIN_TOLERANCE
07:15:55.173,5.888,11,32.46,WITHIN_TOLERANCE
07:15:55.279,5.711,8,19.31,WITHIN_TOLERANCE
07:15:55.385,5.912,12,24.19,WITHIN_TOLERANCE
07:15:55.491,6.479,2,24.33,WITHIN_TOLERANCE
07:15:55.597,5.831,9,28.46,WITHIN_TOLERANCE
07:15:55.809,5.774,3,27.62,WITHIN_TOLERANCE
07:15:55.915,5.265,7,25.73,WITHIN_TOLERANCE
07:15:56.021,5.860,4,28.77,WITHIN_TOLERANCE
07:15:56.131,10.189,10,30.57,WITHIN_TOLERANCE
07:15:56.237,6.305,2,25.72,WITHIN_TOLERANCE
07:15:56.344,6.313,11,22.22,WITHIN_TOLERANCE
07:15:56.556,5.940,3,38.97,WITHIN_TOLERANCE
07:15:57.089,5.690,10,26.8,WITHIN_TOLERANCE
07:15:57.300,5.465,12,33.09,WITHIN_TOLERANCE
07:15:57.407,6.078,4,28.23,WITHIN_TOLERANCE
07:15:57.726,6.061,10,21.07,WITHIN_TOLERANCE
07:15:57.832,5.553,2,34.34,WITHIN_TOLERANCE
07:15:57.941,8.974,9,29.26,WITHIN_TOLERANCE
07:15:58.366,5.768,9,20.68,WITHIN_TOLERANCE
07:15:58.472,5.980,4,25.06,WITHIN_TOLERANCE
07:15:58.578,5.823,9,25.36,WITHIN_TOLERANCE
07:15:58.684,5.784,5,31.39,WITHIN_TOLERANCE
07:15:59.002,5.753,8,14.74,WITHIN_TOLERANCE
07:15:59.108,5.785,11,16.92,WITHIN_TOLERANCE
07:15:59.320,5.960,3,22.02,WITHIN_TOLERANCE
07:15:59.426,5.684,10,27.28,WITHIN_TOLERANCE
07:15:59.851,5.684,10,24.1,WITHIN_TOLERANCE
07:15:59.957,5.551,6,21.25,WITHIN_TOLERANCE
07:16:00.062,5.568,11,28.29,WITHIN_TOLERANCE
07:16:00.170,7.334,8,21.99,WITHIN_TOLERANCE
07:16:00.284,13.651,12,21.11,WITHIN_TOLERANCE
07:16:00.390,5.781,3,26.88,WITHIN_TOLERANCE
07:16:00.495,5.208,9,17.15,WITHIN_TOLERANCE
07:16:00.711,9.489,3,34.29,WITHIN_TOLERANCE
07:16:00.817,5.719,11,12.85,WITHIN_TOLERANCE
07:16:00.922,5.525,2,24.74,WITHIN_TOLERANCE
07:16:01.028,5.759,5,19.29,WITHIN_TOLERANCE
07:16:01.246,7.204,10,30.41,WITHIN_TOLERANCE
07:16:01.352,5.604,3,30.79,WITHIN_TOLERANCE
07:16:01.460,8.690,10,18.99,WITHIN_TOLERANCE
07:16:01.566,5.511,4,24.23,WITHIN_TOLERANCE
07:16:01.780,7.409,2,28.85,WITHIN_TOLERANCE
07:16:01.886,5.885,7,22.67,WITHIN_TOLERANCE
07:16:01.992,6.434,10,16.29,WITHIN_TOLERANCE
07:16:02.434,5.279,11,21.21,WITHIN_TOLERANCE
07:16:02.539,5.195,7,23.01,WITHIN_TOLERANCE
07:16:02.964,5.957,12,20.31,WITHIN_TOLERANCE
07:16:03.070,5.451,4,24.57,WITHIN_TOLERANCE
07:16:03.175,5.411,12,27.48,WITHIN_TOLERANCE
07:16:03.281,5.526,6,21.76,WITHIN_TOLERANCE
07:16:03.916,5.496,3,20.1,WITHIN_TOLERANCE
07:16:04.233,5.390,2,23.75,WITHIN_TOLERANCE
07:16:04.339,5.533,8,26.64,WITHIN_TOLERANCE
07:16:04.446,7.338,2,21.86,WITHIN_TOLERANCE
07:16:04.552,5.406,5,25.69,WITHIN_TOLERANCE
07:16:04.764,5.270,3,20.94,WITHIN_TOLERANCE
07:16:04.870,5.694,10,21.67,WITHIN_TOLERANCE
07:16:04.976,5.845,7,26.38,WITHIN_TOLERANCE
07:16:05.402,5.735,4,29.44,WITHIN_TOLERANCE
07:16:05.720,5.877,2,31.75,WITHIN_TOLERANCE
07:16:05.825,5.589,12,16.7,WITHIN_TOLERANCE
07:16:05.931,5.641,3,28.99,WITHIN_TOLERANCE
07:16:06.039,7.530,8,27.27,WITHIN_TOLERANCE
07:16:06.145,5.931,2,22.94,WITHIN_TOLERANCE
07:16:06.465,5.869,8,30.29,WITHIN_TOLERANCE
07:16:06.571,5.661,12,27.87,WITHIN_TOLERANCE
07:16:06.677,5.546,8,19.68,WITHIN_TOLERANCE
07:16:06.783,5.894,2,26.45,WITHIN_TOLERANCE
07:16:06.889,5.414,5,23.77,WITHIN_TOLERANCE
07:16:06.995,6.424,12,26.74,WITHIN_TOLERANCE
07:16:07.100,5.250,5,31.46,WITHIN_TOLERANCE
07:16:07.313,6.151,11,24.06,WITHIN_TOLERANCE
07:16:07.418,5.585,6,22.06,WITHIN_TOLERANCE
07:16:07.524,5.475,10,22.29,WITHIN_TOLERANCE
07:16:07.841,5.821,5,29.33,WITHIN_TOLERANCE
07:16:07.947,5.746,2,32.11,WITHIN_TOLERANCE
07:16:08.159,5.488,7,27.33,WITHIN_TOLERANCE
07:16:08.264,5.673,4,23.97,WITHIN_TOLERANCE
07:16:08.476,5.554,9,30.67,WITHIN_TOLERANCE
07:16:08.582,5.737,12,25.1,WITHIN_TOLERANCE
07:16:08.688,5.689,6,34.32,WITHIN_TOLERANCE
07:16:09.005,5.704,11,21.79,WITHIN_TOLERANCE
07:16:09.111,5.733,2,27.55,WITHIN_TOLERANCE
07:16:09.216,5.552,10,24.36,WITHIN_TOLERANCE
07:16:09.325,8.463,7,20.84,WITHIN_TOLERANCE
07:16:09.434,7.965,2,18.37,WITHIN_TOLERANCE
07:16:09.544,7.520,11,25.88,WITHIN_TOLERANCE
07:16:09.756,5.981,2,25.74,WITHIN_TOLERANCE
07:16:09.861,5.580,12,18.49,WITHIN_TOLERANCE
07:16:09.967,5.725,6,27.73,WITHIN_TOLERANCE
07:16:10.073,5.901,10,21.55,WITHIN_TOLERANCE
07:16:10.182,8.888,3,19.44,WITHIN_TOLERANCE
07:16:10.287,4.892,12,19.16,WITHIN_TOLERANCE
07:16:10.395,7.681,4,29.39,WITHIN_TOLERANCE
07:16:10.617,15.071,12,22.37,WITHIN_TOLERANCE
07:16:11.040,5.693,3,26.69,WITHIN_TOLERANCE
07:16:11.146,5.733,6,27.87,WITHIN_TOLERANCE
07:16:11.252,5.821,10,21.46,WITHIN_TOLERANCE
07:16:11.358,5.489,7,27.85,WITHIN_TOLERANCE
07:16:11.571,5.293,12,30.08,WITHIN_TOLERANCE
07:16:11.681,8.937,3,21.69,WITHIN_TOLERANCE
07:16:11.899,12.565,12,30.35,WITHIN_TOLERANCE
07:16:12.005,5.758,2,25.97,WITHIN_TOLERANCE
07:16:12.112,6.716,7,28.92,WITHIN_TOLERANCE
07:16:12.218,5.646,3,27.22,WITHIN_TOLERANCE
07:16:12.432,5.354,10,25.48,WITHIN_TOLERANCE
07:16:12.652,12.359,11,19.32,WITHIN_TOLERANCE
07:16:12.974,5.636,7,29.56,WITHIN_TOLERANCE
07:16:13.188,6.330,12,23.94,WITHIN_TOLERANCE
07:16:13.294,5.732,2,25.12,WITHIN_TOLERANCE
07:16:13.505,5.800,7,28.08,WITHIN_TOLERANCE
07:16:13.717,5.551,2,18.86,WITHIN_TOLERANCE
07:16:14.034,5.731,11,22.03,WITHIN_TOLERANCE
07:16:14.140,5.569,3,19.54,WITHIN_TOLERANCE
07:16:14.246,5.567,8,24.34,WITHIN_TOLERANCE
07:16:14.351,5.384,12,20.47,WITHIN_TOLERANCE
07:16:14.457,5.380,6,22.97,WITHIN_TOLERANCE
07:16:14.562,5.413,2,20.45,WITHIN_TOLERANCE
07:16:14.669,5.755,12,21.12,WITHIN_TOLERANCE
07:16:14.774,5.538,2,19.37,WITHIN_TOLERANCE
07:16:14.880,5.888,10,27.36,WITHIN_TOLERANCE
07:16:14.988,5.652,3,21.69,WITHIN_TOLERANCE
07:16:15.094,5.650,7,31.1,WITHIN_TOLERANCE
07:16:15.309,5.697,5,28.75,WITHIN_TOLERANCE
07:16:15.414,5.705,2,16.65,WITHIN_TOLERANCE
07:16:15.520,5.713,7,22.53,WITHIN_TOLERANCE
07:16:15.627,6.241,11,20.86,WITHIN_TOLERANCE
07:16:15.732,5.267,3,22.27,WITHIN_TOLERANCE
07:16:15.838,5.982,10,23.51,WITHIN_TOLERANCE
07:16:15.944,5.587,2,26.37,WITHIN_TOLERANCE
07:16:16.050,5.660,6,26.74,WITHIN_TOLERANCE
07:16:16.156,5.822,10,24.71,WITHIN_TOLERANCE
07:16:16.368,5.790,9,20.41,WITHIN_TOLERANCE
07:16:16.474,5.524,4,26.66,WITHIN_TOLERANCE
07:16:16.579,5.560,8,26.74,WITHIN_TOLERANCE
07:16:16.796,9.596,2,27.81,WITHIN_TOLERANCE
07:16:16.901,5.635,7,23.5,WITHIN_TOLERANCE
07:16:17.008,6.211,10,30.31,WITHIN_TOLERANCE
07:16:17.117,9.384,5,21.97,WITHIN_TOLERANCE
07:16:17.223,5.637,12,27.2,WITHIN_TOLERANCE
07:16:17.435,5.449,8,25.63,WITHIN_TOLERANCE
07:16:17.541,5.696,11,22.59,WITHIN_TOLERANCE
07:16:17.753,5.655,5,27.57,WITHIN_TOLERANCE
07:16:18.070,5.618,9,18.44,WITHIN_TOLERANCE
07:16:18.176,5.517,4,23.5,WITHIN_TOLERANCE
07:16:18.282,5.805,12,25.1,WITHIN_TOLERANCE
07:16:18.388,5.552,6,21.72,WITHIN_TOLERANCE
07:16:18.599,5.222,2,20.36,WITHIN_TOLERANCE
07:16:18.705,5.565,12,25.63,WITHIN_TOLERANCE
07:16:18.811,5.689,9,29.5,WITHIN_TOLERANCE
07:16:18.917,5.710,12,22.26,WITHIN_TOLERANCE
07:16:19.024,7.087,8,28.35,WITHIN_TOLERANCE
07:16:19.130,5.602,3,30.15,WITHIN_TOLERANCE
07:16:19.235,5.504,11,20.05,WITHIN_TOLERANCE
07:16:19.341,5.667,6,33.17,WITHIN_TOLERANCE
07:16:19.447,5.718,10,31.23,WITHIN_TOLERANCE
07:16:19.554,6.364,2,33.08,WITHIN_TOLERANCE
07:16:19.660,5.927,12,22.53,WITHIN_TOLERANCE
07:16:19.766,5.868,7,21.88,WITHIN_TOLERANCE
07:16:20.401,5.623,10,28.81,WITHIN_TOLERANCE
07:16:20.507,5.642,2,11.12,WITHIN_TOLERANCE
07:16:20.612,5.444,5,26.29,WITHIN_TOLERANCE
07:16:20.718,5.865,11,33.96,WITHIN_TOLERANCE
07:16:20.824,5.783,5,21.71,WITHIN_TOLERANCE
07:16:20.934,9.223,8,25.09,WITHIN_TOLERANCE
07:16:21.571,5.544,3,30.02,WITHIN_TOLERANCE
07:16:21.782,5.332,6,21.83,WITHIN_TOLERANCE
07:16:21.888,5.540,11,28.28,WITHIN_TOLERANCE
07:16:21.994,5.684,8,23.55,WITHIN_TOLERANCE
07:16:22.099,5.637,4,32.86,WITHIN_TOLERANCE
07:16:22.209,9.416,10,18.97,WITHIN_TOLERANCE
07:16:22.421,5.573,2,18.9,WITHIN_TOLERANCE
07:16:22.526,5.454,10,29.71,WITHIN_TOLERANCE
07:16:22.635,8.618,3,30.86,WITHIN_TOLERANCE
07:16:22.847,5.552,10,20.24,WITHIN_TOLERANCE
07:16:22.954,6.857,6,23.5,WITHIN_TOLERANCE
07:16:23.067,13.579,2,27.21,WITHIN_TOLERANCE
07:16:23.173,5.645,10,28.84,WITHIN_TOLERANCE
07:16:23.491,5.721,2,22.34,WITHIN_TOLERANCE
07:16:23.597,6.013,11,26.62,WITHIN_TOLERANCE
07:16:23.808,5.388,7,24.57,WITHIN_TOLERANCE
07:16:24.126,5.482,8,29.6,WITHIN_TOLERANCE
07:16:24.341,5.640,12,26.06,WITHIN_TOLERANCE
07:16:24.447,5.812,5,21.66,WITHIN_TOLERANCE
07:16:24.553,5.737,9,25.23,WITHIN_TOLERANCE
07:16:24.659,5.552,4,30.88,WITHIN_TOLERANCE
07:16:24.871,5.707,12,24.24,WITHIN_TOLERANCE
07:16:24.977,5.729,4,25.01,WITHIN_TOLERANCE
07:16:25.082,5.409,7,18.65,WITHIN_TOLERANCE
07:16:25.399,5.602,6,33.25,WITHIN_TOLERANCE
07:16:25.505,5.636,11,30.35,WITHIN_TOLERANCE
07:16:25.717,6.026,3,17.15,WITHIN_TOLERANCE
07:16:25.929,5.873,9,26.29,WITHIN_TOLERANCE
07:16:26.140,5.678,3,22.68,WITHIN_TOLERANCE
07:16:26.246,5.494,11,21.71,WITHIN_TOLERANCE
07:16:26.458,5.791,2,23.6,WITHIN_TOLERANCE
07:16:26.564,5.702,5,32.29,WITHIN_TOLERANCE
07:16:26.670,5.814,8,26.95,WITHIN_TOLERANCE
07:16:26.776,5.880,4,21.63,WITHIN_TOLERANCE
07:16:26.988,5.689,12,24.92,WITHIN_TOLERANCE
07:16:27.117,27.863,4,20.43,WITHIN_TOLERANCE
07:16:27.328,5.652,3,23.37,WITHIN_TOLERANCE
07:16:27.434,6.000,10,22.88,WITHIN_TOLERANCE
07:16:27.646,5.698,6,21.08,WITHIN_TOLERANCE
07:16:28.073,9.862,10,22.63,WITHIN_TOLERANCE
07:16:28.288,8.128,7,22.65,WITHIN_TOLERANCE
07:16:28.393,5.474,10,14.55,WITHIN_TOLERANCE
07:16:28.499,5.185,6,32.11,WITHIN_TOLERANCE
07:16:28.604,5.131,12,27.45,WITHIN_TOLERANCE
07:16:28.710,5.696,7,27.71,WITHIN_TOLERANCE
07:16:28.815,5.455,10,26.02,WITHIN_TOLERANCE
07:16:29.244,5.303,6,30.16,WITHIN_TOLERANCE
07:16:29.882,5.550,9,25.58,WITHIN_TOLERANCE
07:16:29.988,5.817,5,22.94,WITHIN_TOLERANCE
07:16:30.093,5.531,9,28.03,WITHIN_TOLERANCE
07:16:30.622,5.638,3,17.4,WITHIN_TOLERANCE
07:16:30.728,5.847,8,28.38,WITHIN_TOLERANCE
07:16:30.834,5.598,4,15.3,WITHIN_TOLERANCE
07:16:31.266,13.880,9,28.78,WITHIN_TOLERANCE
07:16:31.372,5.731,2,19.89,WITHIN_TOLERANCE
07:16:31.478,5.926,12,24.12,WITHIN_TOLERANCE
07:16:31.690,5.705,8,22.85,WITHIN_TOLERANCE
07:16:31.796,5.659,3,24.54,WITHIN_TOLERANCE
07:16:31.901,5.653,6,19.8,WITHIN_TOLERANCE
07:16:32.007,5.611,9,18.76,WITHIN_TOLERANCE
07:16:32.229,5.619,12,29.45,WITHIN_TOLERANCE
07:16:32.334,5.302,6,24.26,WITHIN_TOLERANCE
07:16:32.546,5.614,12,24.46,WITHIN_TOLERANCE
07:16:32.757,5.506,7,25.49,WITHIN_TOLERANCE
07:16:32.968,5.617,2,37.49,WITHIN_TOLERANCE
07:16:33.074,5.651,8,22.19,WITHIN_TOLERANCE
07:16:33.499,5.845,8,32.28,WITHIN_TOLERANCE
07:16:33.605,5.570,5,30.94,WITHIN_TOLERANCE
07:16:33.711,6.023,2,25.62,WITHIN_TOLERANCE
07:16:33.820,8.004,12,28.1,WITHIN_TOLERANCE
07:16:33.926,5.664,2,23.44,WITHIN_TOLERANCE
07:16:34.032,5.443,12,25.41,WITHIN_TOLERANCE
07:16:34.137,5.641,9,28.62,WITHIN_TOLERANCE
07:16:34.243,5.372,4,21.64,WITHIN_TOLERANCE
07:16:34.454,5.644,11,28.48,WITHIN_TOLERANCE
07:16:34.666,5.637,4,32.44,WITHIN_TOLERANCE
07:16:34.877,5.341,10,26.52,WITHIN_TOLERANCE
07:16:35.300,5.537,6,23.59,WITHIN_TOLERANCE
07:16:35.623,5.376,9,23.72,WITHIN_TOLERANCE
07:16:35.731,7.403,2,28.93,WITHIN_TOLERANCE
07:16:35.836,5.202,5,19.32,WITHIN_TOLERANCE
07:16:35.942,5.519,9,28.07,WITHIN_TOLERANCE
07:16:36.153,5.654,2,19.6,WITHIN_TOLERANCE
07:16:36.262,8.323,6,28.32,WITHIN_TOLERANCE
07:16:36.368,5.722,2,27.92,WITHIN_TOLERANCE
07:16:36.474,5.690,11,23.25,WITHIN_TOLERANCE
07:16:36.579,5.436,2,24.35,WITHIN_TOLERANCE
07:16:36.790,5.627,12,18.38,WITHIN_TOLERANCE
07:16:37.002,5.581,5,27.93,WITHIN_TOLERANCE
07:16:37.108,5.585,8,34.43,WITHIN_TOLERANCE
07:16:37.532,5.623,10,26.97,WITHIN_TOLERANCE
07:16:37.637,5.589,6,25.47,WITHIN_TOLERANCE
07:16:37.848,5.593,10,17.26,WITHIN_TOLERANCE
07:16:37.954,5.593,2,27.93,WITHIN_TOLERANCE
07:16:38.166,5.517,8,28.18,WITHIN_TOLERANCE
07:16:38.271,5.445,2,32.4,WITHIN_TOLERANCE
07:16:38.379,7.663,11,25.07,WITHIN_TOLERANCE
07:16:39.120,5.510,4,30.99,WITHIN_TOLERANCE
07:16:39.331,5.551,2,19.92,WITHIN_TOLERANCE
07:16:39.438,5.871,9,31.97,WITHIN_TOLERANCE
07:16:39.547,8.984,6,29.06,WITHIN_TOLERANCE
07:16:39.653,5.717,12,19.06,WITHIN_TOLERANCE
07:16:39.758,5.790,3,27.77,WITHIN_TOLERANCE
07:16:39.876,17.117,6,29.65,WITHIN_TOLERANCE
07:16:40.406,5.777,12,26.18,WITHIN_TOLERANCE
07:16:40.512,5.744,3,24.09,WITHIN_TOLERANCE
07:16:40.618,5.431,12,25.11,WITHIN_TOLERANCE
07:16:40.724,5.382,9,29.79,WITHIN_TOLERANCE
07:16:40.829,5.697,2,17.43,WITHIN_TOLERANCE
07:16:40.935,5.604,8,25.98,WITHIN_TOLERANCE
07:16:41.041,5.948,11,24.21,WITHIN_TOLERANCE
07:16:41.253,5.667,2,23.32,WITHIN_TOLERANCE
07:16:41.359,5.683,8,23.04,WITHIN_TOLERANCE
07:16:41.677,5.640,5,21.44,WITHIN_TOLERANCE
07:16:41.782,5.582,10,29.8,WITHIN_TOLERANCE
07:16:42.312,5.903,12,29.65,WITHIN_TOLERANCE
07:16:42.524,5.935,4,28.28,WITHIN_TOLERANCE
07:16:42.735,4.997,12,29.35,WITHIN_TOLERANCE
07:16:42.841,5.563,5,23.75,WITHIN_TOLERANCE
07:16:43.053,5.573,12,25.3,WITHIN_TOLERANCE
07:16:43.158,5.275,7,28.94,WITHIN_TOLERANCE
07:16:43.585,5.732,12,22.86,WITHIN_TOLERANCE
07:16:43.698,12.112,9,30.31,WITHIN_TOLERANCE
07:16:43.910,5.678,4,19.24,WITHIN_TOLERANCE
07:16:44.016,5.657,9,21.76,WITHIN_TOLERANCE
07:16:44.227,5.641,3,23.75,WITHIN_TOLERANCE
07:16:44.336,9.126,10,25.7,WITHIN_TOLERANCE
07:16:44.876,5.656,4,31.67,WITHIN_TOLERANCE
07:16:45.195,6.347,10,32.73,WITHIN_TOLERANCE
07:16:45.301,5.850,6,17.21,WITHIN_TOLERANCE
07:16:45.618,5.598,10,17.62,WITHIN_TOLERANCE
07:16:45.742,22.324,6,19.43,WITHIN_TOLERANCE
07:16:45.848,5.639,3,23.84,WITHIN_TOLERANCE
07:16:45.953,5.062,11,71.6,WITHIN_TOLERANCE
07:16:46.165,5.609,5,22.36,WITHIN_TOLERANCE
07:16:46.376,5.708,11,24.91,WITHIN_TOLERANCE
07:16:46.591,5.593,3,28.41,WITHIN_TOLERANCE
07:16:46.697,5.406,6,21.47,WITHIN_TOLERANCE
07:16:47.014,5.464,10,23.06,WITHIN_TOLERANCE
07:16:47.124,9.323,7,30.23,WITHIN_TOLERANCE
07:16:47.229,5.556,12,31.91,WITHIN_TOLERANCE
07:16:47.441,5.646,7,18.58,WITHIN_TOLERANCE
07:16:47.970,5.559,2,21.35,WITHIN_TOLERANCE
07:16:48.076,5.754,7,30.59,WITHIN_TOLERANCE
07:16:48.288,6.416,5,17.07,WITHIN_TOLERANCE
07:16:49.138,5.549,9,25.43,WITHIN_TOLERANCE
07:16:49.244,5.534,5,27.94,WITHIN_TOLERANCE
07:16:49.561,5.663,11,26.45,WITHIN_TOLERANCE
07:16:49.667,5.540,4,25.42,WITHIN_TOLERANCE
07:16:50.315,5.612,7,26.04,WITHIN_TOLERANCE
07:16:50.432,17.471,12,25.34,WITHIN_TOLERANCE
07:16:50.538,5.413,7,30.37,WITHIN_TOLERANCE
07:16:50.644,5.512,12,25.17,WITHIN_TOLERANCE
07:16:50.749,5.557,4,25.78,WITHIN_TOLERANCE
07:16:50.855,5.583,12,21.55,WITHIN_TOLERANCE
07:16:50.961,5.492,4,27.47,WITHIN_TOLERANCE
07:16:51.067,5.639,8,30.43,WITHIN_TOLERANCE
07:16:51.173,5.735,3,22.68,WITHIN_TOLERANCE
07:16:51.702,5.512,2,26.03,WITHIN_TOLERANCE
07:16:51.808,5.734,6,32.91,WITHIN_TOLERANCE
07:16:51.929,21.078,2,37.98,WITHIN_TOLERANCE
07:16:52.034,5.249,8,18.69,WITHIN_TOLERANCE
07:16:52.140,5.468,5,19.65,WITHIN_TOLERANCE
07:16:52.457,5.628,12,32.83,WITHIN_TOLERANCE
07:16:52.670,6.142,4,25.97,WITHIN_TOLERANCE
07:16:52.775,5.585,10,30.18,WITHIN_TOLERANCE
07:16:52.987,5.671,11,26.5,WITHIN_TOLERANCE
07:16:53.093,5.723,7,24.45,WITHIN_TOLERANCE
07:16:53.198,5.307,10,21.61,WITHIN_TOLERANCE
07:16:53.304,5.309,3,20.4,WITHIN_TOLERANCE
07:16:53.410,5.876,9,29.65,WITHIN_TOLERANCE
07:16:53.622,5.701,3,26.51,WITHIN_TOLERANCE
07:16:53.727,5.393,8,20.95,WITHIN_TOLERANCE
07:16:53.833,5.604,5,20.89,WITHIN_TOLERANCE
07:16:54.150,5.516,2,31.77,WITHIN_TOLERANCE
07:16:54.256,5.750,11,33.43,WITHIN_TOLERANCE
07:16:54.362,5.479,7,19.23,WITHIN_TOLERANCE
07:16:54.472,9.168,10,26.49,WITHIN_TOLERANCE
07:16:54.577,4.988,2,26.0,WITHIN_TOLERANCE
07:16:54.683,5.539,11,31.9,WITHIN_TOLERANCE
07:16:54.789,5.515,7,21.61,WITHIN_TOLERANCE
07:16:55.001,5.865,2,26.89,WITHIN_TOLERANCE
07:16:55.107,5.648,10,31.04,WITHIN_TOLERANCE
07:16:55.212,5.418,5,26.59,WITHIN_TOLERANCE
07:16:55.318,5.640,8,18.54,WITHIN_TOLERANCE
07:16:55.530,5.875,11,21.27,WITHIN_TOLERANCE
07:16:55.636,5.784,6,26.46,WITHIN_TOLERANCE
07:16:55.953,5.758,8,23.68,WITHIN_TOLERANCE
07:16:56.281,5.723,10,30.88,WITHIN_TOLERANCE
07:16:56.602,9.717,8,20.59,WITHIN_TOLERANCE
07:16:56.813,5.791,2,28.76,WITHIN_TOLERANCE
07:16:57.025,5.752,7,21.88,WITHIN_TOLERANCE
07:16:57.448,5.714,10,35.59,WITHIN_TOLERANCE
07:16:57.554,5.367,6,25.68,WITHIN_TOLERANCE
07:16:57.659,5.678,12,26.8,WITHIN_TOLERANCE
07:16:57.765,5.492,4,24.16,WITHIN_TOLERANCE
07:16:57.871,5.725,10,17.11,WITHIN_TOLERANCE
07:16:58.400,5.517,7,29.98,WITHIN_TOLERANCE
07:16:58.612,5.899,12,22.49,WITHIN_TOLERANCE
07:16:58.824,5.704,7,19.49,WITHIN_TOLERANCE
07:16:58.930,5.661,3,26.08,WITHIN_TOLERANCE
07:16:59.248,5.706,10,24.79,WITHIN_TOLERANCE
07:16:59.671,5.791,2,31.38,WITHIN_TOLERANCE
07:16:59.777,5.625,6,24.41,WITHIN_TOLERANCE
07:16:59.883,5.521,10,36.22,WITHIN_TOLERANCE
07:16:59.989,5.728,4,23.9,WITHIN_TOLERANCE
07:17:00.094,5.429,11,26.94,WITHIN_TOLERANCE
07:17:00.225,26.526,6,27.43,WITHIN_TOLERANCE
07:17:00.548,5.483,6,19.28,WITHIN_TOLERANCE
07:17:00.761,7.252,2,20.9,WITHIN_TOLERANCE
07:17:00.867,5.617,5,23.53,WITHIN_TOLERANCE
07:17:01.086,13.293,8,36.06,WITHIN_TOLERANCE
07:17:01.298,5.581,2,22.71,WITHIN_TOLERANCE
07:17:01.404,5.557,10,27.24,WITHIN_TOLERANCE
07:17:01.510,5.824,2,26.98,WITHIN_TOLERANCE
07:17:01.616,6.016,5,24.84,WITHIN_TOLERANCE
07:17:01.722,6.004,9,25.35,WITHIN_TOLERANCE
07:17:02.145,5.247,6,27.93,WITHIN_TOLERANCE
07:17:02.251,5.717,9,23.35,WITHIN_TOLERANCE
07:17:02.356,5.768,12,22.88,WITHIN_TOLERANCE
07:17:02.568,5.546,6,18.69,WITHIN_TOLERANCE
07:17:02.779,5.658,4,22.83,WITHIN_TOLERANCE
07:17:02.885,5.643,8,19.49,WITHIN_TOLERANCE
07:17:02.991,5.627,12,21.47,WITHIN_TOLERANCE
07:17:03.097,5.740,2,15.64,WITHIN_TOLERANCE
07:17:03.203,5.422,9,26.94,WITHIN_TOLERANCE
07:17:03.308,5.601,6,27.99,WITHIN_TOLERANCE
07:17:03.520,5.640,10,30.56,WITHIN_TOLERANCE
07:17:03.626,6.029,2,18.51,WITHIN_TOLERANCE
07:17:03.734,7.634,7,25.89,WITHIN_TOLERANCE
07:17:03.946,5.956,5,25.48,WITHIN_TOLERANCE
07:17:04.158,5.602,11,30.75,WITHIN_TOLERANCE
07:17:04.263,5.544,2,24.22,WITHIN_TOLERANCE
07:17:04.369,5.411,11,30.69,WITHIN_TOLERANCE
07:17:04.580,5.561,2,23.23,WITHIN_TOLERANCE
07:17:04.686,5.788,11,29.95,WITHIN_TOLERANCE
07:17:04.792,5.744,4,26.07,WITHIN_TOLERANCE
07:17:04.898,5.481,7,27.53,WITHIN_TOLERANCE
07:17:05.004,5.596,12,28.46,WITHIN_TOLERANCE
07:17:05.110,5.713,3,26.53,WITHIN_TOLERANCE
07:17:05.216,5.975,9,37.69,WITHIN_TOLERANCE
07:17:05.322,5.727,6,22.82,WITHIN_TOLERANCE
07:17:05.428,5.631,2,23.09,WITHIN_TOLERANCE
07:17:05.534,5.883,7,33.26,WITHIN_TOLERANCE
07:17:05.957,5.590,11,21.39,WITHIN_TOLERANCE
07:17:06.063,5.826,5,18.32,WITHIN_TOLERANCE
07:17:06.274,5.794,9,25.76,WITHIN_TOLERANCE
07:17:06.382,7.655,3,31.68,WITHIN_TOLERANCE
07:17:06.488,5.593,12,29.86,WITHIN_TOLERANCE
07:17:06.594,5.569,8,25.76,WITHIN_TOLERANCE
07:17:06.807,7.164,12,30.02,WITHIN_TOLERANCE
07:17:06.913,5.693,5,21.87,WITHIN_TOLERANCE
07:17:07.019,5.551,9,20.73,WITHIN_TOLERANCE
07:17:07.342,5.261,5,29.13,WITHIN_TOLERANCE
07:17:07.448,5.540,2,30.04,WITHIN_TOLERANCE
07:17:07.554,5.605,5,30.04,WITHIN_TOLERANCE
07:17:07.659,5.583,8,25.13,WITHIN_TOLERANCE
07:17:07.871,5.509,5,25.04,WITHIN_TOLERANCE
07:17:07.977,5.823,11,25.16,WITHIN_TOLERANCE
07:17:08.188,5.693,5,23.56,WITHIN_TOLERANCE
07:17:08.511,10.571,8,26.22,WITHIN_TOLERANCE
07:17:08.617,5.594,2,24.13,WITHIN_TOLERANCE
07:17:08.722,5.541,10,22.16,WITHIN_TOLERANCE
07:17:08.828,5.860,3,14.98,WITHIN_TOLERANCE
07:17:08.934,5.554,9,20.34,WITHIN_TOLERANCE
07:17:09.040,6.056,2,27.55,WITHIN_TOLERANCE
07:17:09.252,5.672,5,24.06,WITHIN_TOLERANCE
07:17:09.570,5.722,10,30.09,WITHIN_TOLERANCE
07:17:09.676,5.344,2,21.81,WITHIN_TOLERANCE
07:17:09.781,5.638,7,22.98,WITHIN_TOLERANCE
07:17:09.993,5.591,6,21.72,WITHIN_TOLERANCE
07:17:10.099,5.622,12,22.36,WITHIN_TOLERANCE
14:52:25.397,7.069,11,23.94,WITHIN_TOLERANCE
14:52:25.505,7.185,5,25.58,WITHIN_TOLERANCE
14:52:25.612,6.783,12,27.2,WITHIN_TOLERANCE
14:52:26.140,5.307,4,24.1,WITHIN_TOLERANCE
14:52:26.245,5.746,11,28.55,WITHIN_TOLERANCE
14:52:26.562,5.468,11,25.51,WITHIN_TOLERANCE
14:52:26.668,5.452,7,29.7,WITHIN_TOLERANCE
14:52:26.774,6.025,4,25.14,WITHIN_TOLERANCE
14:52:26.985,5.456,9,30.74,WITHIN_TOLERANCE
14:52:27.196,5.524,12,29.18,WITHIN_TOLERANCE
14:52:27.302,5.559,9,19.6,WITHIN_TOLERANCE
14:52:27.407,5.515,4,26.85,WITHIN_TOLERANCE
14:52:28.253,5.418,11,19.84,WITHIN_TOLERANCE
14:52:28.358,5.536,6,19.12,WITHIN_TOLERANCE
14:52:28.464,5.424,9,29.26,WITHIN_TOLERANCE
14:52:28.781,5.779,9,18.45,WITHIN_TOLERANCE
14:52:28.994,5.582,5,25.49,WITHIN_TOLERANCE
14:52:29.319,9.927,11,22.69,WITHIN_TOLERANCE
14:52:29.425,5.518,6,24.8,WITHIN_TOLERANCE
14:52:29.531,5.519,9,30.87,WITHIN_TOLERANCE
14:52:29.847,5.580,4,23.29,WITHIN_TOLERANCE
14:52:30.060,6.387,9,27.13,WITHIN_TOLERANCE
14:52:30.278,13.422,4,20.53,WITHIN_TOLERANCE
14:52:30.384,5.386,9,19.64,WITHIN_TOLERANCE
14:52:30.490,5.641,2,18.04,WITHIN_TOLERANCE
14:52:30.806,5.185,8,25.21,WITHIN_TOLERANCE
14:52:30.912,5.394,4,30.16,WITHIN_TOLERANCE
14:52:31.017,5.316,9,38.21,WITHIN_TOLERANCE
14:52:31.229,5.803,4,22.65,WITHIN_TOLERANCE
14:52:31.440,5.557,8,19.36,WITHIN_TOLERANCE
14:52:31.546,5.346,11,32.35,WITHIN_TOLERANCE
14:52:31.652,5.543,2,24.25,WITHIN_TOLERANCE
14:52:31.757,5.471,5,24.87,WITHIN_TOLERANCE
14:52:31.863,5.599,11,30.06,WITHIN_TOLERANCE
14:52:31.969,5.655,7,24.2,WITHIN_TOLERANCE
14:52:32.074,5.563,2,29.53,WITHIN_TOLERANCE
14:52:32.286,5.579,7,29.45,WITHIN_TOLERANCE
14:52:32.708,5.405,12,25.13,WITHIN_TOLERANCE
14:52:32.988,71.716,9,24.89,WITHIN_TOLERANCE
14:52:33.516,5.477,5,25.7,WITHIN_TOLERANCE
14:52:34.051,5.596,12,23.19,WITHIN_TOLERANCE
14:52:34.156,5.127,3,27.74,WITHIN_TOLERANCE
14:52:34.367,5.400,12,30.31,WITHIN_TOLERANCE
14:52:34.579,5.639,7,21.99,WITHIN_TOLERANCE
14:52:34.695,14.409,11,33.15,WITHIN_TOLERANCE
14:52:34.906,5.892,4,21.63,WITHIN_TOLERANCE
14:52:35.228,11.288,2,19.09,WITHIN_TOLERANCE
14:52:35.348,19.793,12,27.51,WITHIN_TOLERANCE
14:52:35.454,5.549,8,20.05,WITHIN_TOLERANCE
14:52:35.560,5.703,3,22.3,WITHIN_TOLERANCE
14:52:35.666,5.536,12,29.72,WITHIN_TOLERANCE
14:52:35.771,5.584,3,24.34,WITHIN_TOLERANCE
14:52:35.983,5.412,8,18.49,WITHIN_TOLERANCE
14:52:36.194,5.499,3,30.25,WITHIN_TOLERANCE
14:52:36.300,5.465,8,15.06,WITHIN_TOLERANCE
14:52:36.935,5.623,12,29.44,WITHIN_TOLERANCE
14:52:37.252,5.299,11,23.75,WITHIN_TOLERANCE
14:52:37.357,5.624,8,29.12,WITHIN_TOLERANCE
14:52:37.463,5.897,11,23.25,WITHIN_TOLERANCE
14:52:37.675,5.128,4,31.71,WITHIN_TOLERANCE
14:52:37.886,5.587,9,19.75,WITHIN_TOLERANCE
14:52:38.098,5.857,10,26.05,WITHIN_TOLERANCE
14:52:38.204,5.653,3,24.23,WITHIN_TOLERANCE
14:52:38.320,15.788,6,21.57,WITHIN_TOLERANCE
14:52:38.637,5.589,12,24.0,WITHIN_TOLERANCE
14:52:38.743,5.429,8,18.61,WITHIN_TOLERANCE
14:52:38.955,5.880,4,22.81,WITHIN_TOLERANCE
14:52:39.060,5.612,8,29.91,WITHIN_TOLERANCE
14:52:39.272,5.455,2,22.39,WITHIN_TOLERANCE
14:52:39.377,5.407,7,15.09,WITHIN_TOLERANCE
14:52:39.694,5.566,3,25.23,WITHIN_TOLERANCE
14:52:40.012,5.391,8,24.65,WITHIN_TOLERANCE
14:52:40.329,5.499,11,27.99,WITHIN_TOLERANCE
14:52:40.545,5.391,5,23.19,WITHIN_TOLERANCE
14:52:40.756,5.395,2,17.23,WITHIN_TOLERANCE
14:52:41.073,5.361,7,23.41,WITHIN_TOLERANCE
14:52:41.179,6.402,2,26.7,WITHIN_TOLERANCE
14:52:41.285,5.642,10,29.72,WITHIN_TOLERANCE
14:52:41.391,5.596,2,13.26,WITHIN_TOLERANCE
14:52:41.602,5.509,7,18.56,WITHIN_TOLERANCE
14:52:41.708,5.389,4,18.94,WITHIN_TOLERANCE
14:52:41.813,5.611,12,17.52,WITHIN_TOLERANCE
14:52:41.919,5.940,9,26.15,WITHIN_TOLERANCE
14:52:42.237,5.760,2,28.92,WITHIN_TOLERANCE
14:52:42.342,5.434,8,20.24,WITHIN_TOLERANCE
14:52:42.557,5.413,11,26.55,WITHIN_TOLERANCE
14:52:42.875,5.790,3,28.36,WITHIN_TOLERANCE
14:52:42.980,5.556,10,17.77,WITHIN_TOLERANCE
14:52:43.192,5.401,7,23.97,WITHIN_TOLERANCE
14:52:43.721,5.611,4,38.02,WITHIN_TOLERANCE
14:52:43.938,7.648,11,22.4,WITHIN_TOLERANCE
14:52:44.150,5.616,7,19.89,WITHIN_TOLERANCE
14:52:44.361,5.728,5,29.02,WITHIN_TOLERANCE
14:52:44.467,5.646,2,18.75,WITHIN_TOLERANCE
14:52:44.787,8.086,8,24.63,WITHIN_TOLERANCE
14:52:45.000,5.604,2,30.07,WITHIN_TOLERANCE
14:52:45.105,5.542,12,19.75,WITHIN_TOLERANCE
14:52:45.211,5.953,4,36.44,WITHIN_TOLERANCE
14:52:45.322,9.443,12,25.46,WITHIN_TOLERANCE
14:52:45.428,5.536,3,19.37,WITHIN_TOLERANCE
14:52:45.538,9.151,8,27.55,WITHIN_TOLERANCE
14:52:45.644,5.434,11,27.84,WITHIN_TOLERANCE
14:52:45.860,5.826,12,23.84,WITHIN_TOLERANCE
14:52:46.071,5.568,5,23.98,WITHIN_TOLERANCE
14:52:46.496,5.618,3,24.51,WITHIN_TOLERANCE
14:52:46.602,5.360,12,22.57,WITHIN_TOLERANCE
14:52:46.813,5.440,2,14.01,WITHIN_TOLERANCE
14:52:47.471,16.232,9,22.47,WITHIN_TOLERANCE
14:52:47.588,16.364,4,27.24,WITHIN_TOLERANCE
14:52:47.932,14.043,9,18.75,WITHIN_TOLERANCE
14:52:48.049,11.964,6,26.47,WITHIN_TOLERANCE
14:52:48.478,9.802,3,25.69,WITHIN_TOLERANCE
14:52:48.585,5.601,6,20.34,WITHIN_TOLERANCE
14:52:48.690,5.572,10,36.33,WITHIN_TOLERANCE
14:52:48.902,5.502,5,27.96,WITHIN_TOLERANCE
14:52:49.007,5.620,8,26.27,WITHIN_TOLERANCE
14:52:49.219,5.687,11,31.23,WITHIN_TOLERANCE
14:52:49.437,6.150,3,25.47,WITHIN_TOLERANCE
14:52:49.543,6.406,12,17.46,WITHIN_TOLERANCE
14:52:49.649,5.496,3,19.55,WITHIN_TOLERANCE
14:52:50.177,5.531,3,20.72,WITHIN_TOLERANCE
14:52:50.284,6.049,11,35.3,WITHIN_TOLERANCE
14:52:50.495,5.371,6,20.52,WITHIN_TOLERANCE
14:52:50.728,12.338,8,27.34,WITHIN_TOLERANCE
14:52:50.833,5.213,3,21.05,WITHIN_TOLERANCE
14:52:51.044,5.635,10,16.17,WITHIN_TOLERANCE
14:52:51.150,5.445,3,33.08,WITHIN_TOLERANCE
14:52:51.572,5.719,10,32.77,WITHIN_TOLERANCE
14:52:51.784,5.668,7,24.78,WITHIN_TOLERANCE
14:52:51.889,5.468,11,18.47,WITHIN_TOLERANCE
14:52:51.995,5.740,8,25.43,WITHIN_TOLERANCE
14:52:52.207,5.575,4,13.07,WITHIN_TOLERANCE
14:52:52.430,16.467,8,29.01,WITHIN_TOLERANCE
14:52:52.667,18.938,7,23.56,WITHIN_TOLERANCE
14:52:52.779,11.619,10,27.67,WITHIN_TOLERANCE
14:52:52.897,14.575,4,23.25,WITHIN_TOLERANCE
14:52:53.133,24.789,12,26.64,WITHIN_TOLERANCE
14:52:53.251,5.430,9,27.14,WITHIN_TOLERANCE
14:52:53.680,6.745,12,22.27,WITHIN_TOLERANCE
14:52:53.893,5.816,2,28.46,WITHIN_TOLERANCE
14:52:53.999,5.770,8,27.6,WITHIN_TOLERANCE
14:52:54.214,5.420,4,26.57,WITHIN_TOLERANCE
14:52:54.320,5.992,12,28.27,WITHIN_TOLERANCE
14:52:54.533,5.690,4,21.43,WITHIN_TOLERANCE
14:52:54.638,5.309,9,20.37,WITHIN_TOLERANCE
14:52:54.851,7.071,6,28.48,WITHIN_TOLERANCE
14:52:55.380,5.613,12,34.18,WITHIN_TOLERANCE
14:52:55.485,5.386,7,21.97,WITHIN_TOLERANCE
14:52:55.803,6.553,11,31.61,WITHIN_TOLERANCE
14:52:56.121,5.805,4,27.34,WITHIN_TOLERANCE
14:52:56.227,5.714,7,30.69,WITHIN_TOLERANCE
14:52:56.345,18.471,10,19.14,WITHIN_TOLERANCE
14:52:56.557,5.633,7,25.04,WITHIN_TOLERANCE
14:52:56.874,5.585,2,25.21,WITHIN_TOLERANCE
14:52:56.980,5.801,12,18.73,WITHIN_TOLERANCE
14:52:57.086,6.182,3,29.44,WITHIN_TOLERANCE
14:52:57.192,5.453,11,29.38,WITHIN_TOLERANCE
14:52:57.297,5.533,3,24.61,WITHIN_TOLERANCE
14:52:57.826,6.047,9,17.3,WITHIN_TOLERANCE
14:52:58.469,5.606,7,27.35,WITHIN_TOLERANCE
14:52:58.681,5.478,5,29.12,WITHIN_TOLERANCE
14:52:58.787,5.578,9,28.48,WITHIN_TOLERANCE
14:52:58.892,5.424,3,29.25,WITHIN_TOLERANCE
14:52:58.998,5.630,10,16.21,WITHIN_TOLERANCE
14:52:59.209,5.675,7,14.16,WITHIN_TOLERANCE
14:52:59.322,12.184,2,19.46,WITHIN_TOLERANCE
14:52:59.532,4.797,10,29.53,WITHIN_TOLERANCE
14:52:59.637,5.149,7,28.03,WITHIN_TOLERANCE
14:52:59.851,8.245,3,28.5,WITHIN_TOLERANCE
14:53:00.062,5.703,8,18.97,WITHIN_TOLERANCE
14:53:00.168,5.637,5,33.63,WITHIN_TOLERANCE
14:53:00.380,5.606,10,26.52,WITHIN_TOLERANCE
14:53:00.591,5.908,3,27.37,WITHIN_TOLERANCE
14:53:00.698,6.444,12,28.46,WITHIN_TOLERANCE
14:53:00.804,5.771,5,21.14,WITHIN_TOLERANCE
14:53:00.910,5.507,8,21.05,WITHIN_TOLERANCE
14:53:01.015,5.339,5,28.99,WITHIN_TOLERANCE
14:53:01.440,5.770,8,22.44,WITHIN_TOLERANCE
14:53:01.654,5.702,2,22.26,WITHIN_TOLERANCE
14:53:01.971,5.614,11,21.75,WITHIN_TOLERANCE
14:53:02.077,5.379,6,29.87,WITHIN_TOLERANCE
14:53:02.187,9.616,2,18.88,WITHIN_TOLERANCE
14:53:02.292,5.010,6,23.2,WITHIN_TOLERANCE
14:53:02.610,5.555,11,24.84,WITHIN_TOLERANCE
14:53:02.715,5.391,7,33.69,WITHIN_TOLERANCE
14:53:02.821,5.330,4,25.11,WITHIN_TOLERANCE
14:53:02.927,5.649,9,30.96,WITHIN_TOLERANCE
14:53:03.033,5.635,2,26.8,WITHIN_TOLERANCE
14:53:03.139,5.345,10,26.35,WITHIN_TOLERANCE
14:53:03.244,5.476,6,23.22,WITHIN_TOLERANCE
14:53:03.350,5.723,3,24.35,WITHIN_TOLERANCE
14:53:03.461,9.908,11,28.02,WITHIN_TOLERANCE
14:53:03.566,4.889,5,15.64,WITHIN_TOLERANCE
14:53:03.884,5.736,8,28.35,WITHIN_TOLERANCE
14:53:03.990,5.665,12,28.1,WITHIN_TOLERANCE
14:53:04.096,5.616,9,18.38,WITHIN_TOLERANCE
14:53:04.204,7.764,4,27.58,WITHIN_TOLERANCE
14:53:04.540,18.486,7,20.33,WITHIN_TOLERANCE
14:53:04.653,8.553,12,24.19,WITHIN_TOLERANCE
14:53:04.774,17.540,3,20.74,WITHIN_TOLERANCE
14:53:04.879,5.353,10,25.76,WITHIN_TOLERANCE
14:53:04.985,5.324,6,23.18,WITHIN_TOLERANCE
14:53:05.313,15.885,6,16.13,WITHIN_TOLERANCE
14:53:05.419,5.852,3,28.6,WITHIN_TOLERANCE
14:53:05.531,12.558,11,24.58,WITHIN_TOLERANCE
14:53:05.637,5.357,7,35.49,WITHIN_TOLERANCE
14:53:05.849,5.666,12,24.54,WITHIN_TOLERANCE
14:53:06.165,5.680,3,24.21,WITHIN_TOLERANCE
14:53:06.696,8.136,8,17.83,WITHIN_TOLERANCE
14:53:06.907,5.349,7,32.35,WITHIN_TOLERANCE
14:53:07.119,5.433,2,25.45,WITHIN_TOLERANCE
14:53:07.225,5.465,8,31.03,WITHIN_TOLERANCE
14:53:07.330,5.570,5,24.8,WITHIN_TOLERANCE
14:53:07.655,11.985,5,22.05,WITHIN_TOLERANCE
14:53:07.760,5.137,12,26.67,WITHIN_TOLERANCE
14:53:08.186,5.454,9,27.51,WITHIN_TOLERANCE
14:53:08.292,5.781,4,31.28,WITHIN_TOLERANCE
14:53:08.504,5.502,7,29.04,WITHIN_TOLERANCE
14:53:08.610,5.529,3,28.79,WITHIN_TOLERANCE
14:53:08.821,5.446,6,16.64,WITHIN_TOLERANCE
14:53:09.033,5.521,11,24.18,WITHIN_TOLERANCE
14:53:09.244,5.614,2,30.59,WITHIN_TOLERANCE
14:53:09.350,5.528,8,21.22,WITHIN_TOLERANCE
14:53:09.456,5.919,3,24.15,WITHIN_TOLERANCE
14:53:09.791,5.377,9,28.75,WITHIN_TOLERANCE
14:53:09.896,5.229,5,27.15,WITHIN_TOLERANCE
14:53:10.001,5.210,9,14.13,WITHIN_TOLERANCE
14:53:10.107,5.471,5,17.47,WITHIN_TOLERANCE
14:53:10.213,5.688,12,23.41,WITHIN_TOLERANCE
14:53:10.318,5.398,5,24.76,WITHIN_TOLERANCE
14:53:10.636,5.506,11,25.85,WITHIN_TOLERANCE
14:53:10.742,5.560,6,27.7,WITHIN_TOLERANCE
14:53:10.853,10.576,9,20.73,WITHIN_TOLERANCE
14:53:10.958,5.610,5,31.81,WITHIN_TOLERANCE
14:53:11.169,5.249,9,21.9,WITHIN_TOLERANCE
14:53:11.275,5.403,5,22.98,WITHIN_TOLERANCE
14:53:11.592,5.482,6,19.77,WITHIN_TOLERANCE
14:53:11.698,5.549,10,30.43,WITHIN_TOLERANCE
14:53:12.014,5.631,12,18.4,WITHIN_TOLERANCE
14:53:12.756,5.804,11,22.5,WITHIN_TOLERANCE
14:53:12.862,5.539,5,16.46,WITHIN_TOLERANCE
14:53:13.285,5.632,10,66.99,WITHIN_TOLERANCE
14:53:13.391,5.386,3,31.18,WITHIN_TOLERANCE
14:53:13.817,5.497,9,19.61,WITHIN_TOLERANCE
14:53:13.923,5.700,2,21.51,WITHIN_TOLERANCE
14:53:14.029,5.744,7,32.87,WITHIN_TOLERANCE
14:53:14.135,5.786,12,25.26,WITHIN_TOLERANCE
14:53:14.346,5.393,7,21.48,WITHIN_TOLERANCE
14:53:14.560,5.786,11,31.46,WITHIN_TOLERANCE
14:53:14.666,5.615,3,21.11,WITHIN_TOLERANCE
14:53:14.772,5.561,9,21.92,WITHIN_TOLERANCE
14:53:15.089,5.359,6,21.33,WITHIN_TOLERANCE
14:53:15.194,5.657,12,26.31,WITHIN_TOLERANCE
14:53:15.300,5.359,8,22.38,WITHIN_TOLERANCE
14:53:15.511,5.576,2,19.27,WITHIN_TOLERANCE
14:53:15.617,5.643,10,39.25,WITHIN_TOLERANCE
14:53:15.728,10.955,6,24.78,WITHIN_TOLERANCE
14:53:15.849,17.828,11,26.72,WITHIN_TOLERANCE
14:53:16.062,5.473,3,31.12,WITHIN_TOLERANCE
14:53:16.168,5.502,11,27.85,WITHIN_TOLERANCE
14:53:16.485,5.474,3,27.36,WITHIN_TOLERANCE
14:53:16.696,5.610,2,21.94,WITHIN_TOLERANCE
14:53:16.802,5.350,11,35.16,WITHIN_TOLERANCE
14:53:17.013,5.650,3,20.13,WITHIN_TOLERANCE
14:53:17.119,5.476,10,32.5,WITHIN_TOLERANCE
14:53:17.648,5.704,2,22.26,WITHIN_TOLERANCE
14:53:17.755,6.454,6,20.27,WITHIN_TOLERANCE
14:53:17.860,5.169,9,29.06,WITHIN_TOLERANCE
14:53:17.966,5.548,6,24.46,WITHIN_TOLERANCE
14:53:18.177,5.657,4,30.83,WITHIN_TOLERANCE
14:53:18.397,13.193,9,22.91,WITHIN_TOLERANCE
14:53:18.503,5.719,12,25.76,WITHIN_TOLERANCE
14:53:18.613,10.158,6,25.56,WITHIN_TOLERANCE
14:53:18.938,5.601,7,25.01,WITHIN_TOLERANCE
14:53:19.044,5.337,3,21.7,WITHIN_TOLERANCE
14:53:19.150,6.060,7,22.8,WITHIN_TOLERANCE
14:53:19.362,5.783,4,27.5,WITHIN_TOLERANCE
14:53:19.467,5.295,11,36.18,WITHIN_TOLERANCE
14:53:19.573,5.509,7,23.05,WITHIN_TOLERANCE
14:53:19.784,5.499,5,22.57,WITHIN_TOLERANCE
14:53:20.007,15.478,12,25.68,WITHIN_TOLERANCE
14:53:20.113,5.597,3,24.64,WITHIN_TOLERANCE
14:53:20.218,5.641,8,25.04,WITHIN_TOLERANCE
14:53:20.330,10.449,2,30.31,WITHIN_TOLERANCE
14:53:20.435,5.614,10,27.19,WITHIN_TOLERANCE
14:53:20.541,5.716,2,20.57,WITHIN_TOLERANCE
14:53:20.969,10.267,10,20.29,WITHIN_TOLERANCE
14:53:21.075,5.599,2,32.68,WITHIN_TOLERANCE
14:53:21.180,5.301,12,21.62,WITHIN_TOLERANCE
14:53:21.287,6.419,8,28.86,WITHIN_TOLERANCE
14:53:21.392,5.635,2,28.11,WITHIN_TOLERANCE
14:53:21.498,5.671,7,11.64,WITHIN_TOLERANCE
14:53:21.604,5.449,10,17.29,WITHIN_TOLERANCE
14:53:21.709,5.525,5,23.55,WITHIN_TOLERANCE
14:53:21.815,5.296,12,26.08,WITHIN_TOLERANCE
14:53:22.032,11.312,5,20.57,WITHIN_TOLERANCE
14:53:22.138,5.400,11,25.83,WITHIN_TOLERANCE
14:53:22.244,5.421,5,30.1,WITHIN_TOLERANCE
14:53:22.349,5.538,11,25.37,WITHIN_TOLERANCE
14:53:22.455,5.460,4,25.92,WITHIN_TOLERANCE
14:53:23.089,5.595,12,25.29,WITHIN_TOLERANCE
14:53:23.195,5.452,8,22.09,WITHIN_TOLERANCE
14:53:23.300,5.562,3,21.91,WITHIN_TOLERANCE
14:53:23.409,9.043,7,20.4,WITHIN_TOLERANCE
14:53:23.729,8.209,4,20.21,WITHIN_TOLERANCE
14:53:23.835,5.651,8,11.94,WITHIN_TOLERANCE
14:53:24.152,5.347,2,21.62,WITHIN_TOLERANCE
14:53:24.364,5.812,11,34.73,WITHIN_TOLERANCE
14:53:24.470,5.386,8,20.38,WITHIN_TOLERANCE
14:53:24.687,5.999,12,28.2,WITHIN_TOLERANCE
14:53:24.793,5.366,8,25.02,WITHIN_TOLERANCE
14:53:24.898,5.588,5,23.25,WITHIN_TOLERANCE
14:53:25.110,5.322,12,28.84,WITHIN_TOLERANCE
14:53:25.321,5.177,3,29.13,WITHIN_TOLERANCE
14:53:25.427,5.440,7,23.97,WITHIN_TOLERANCE
14:53:25.744,5.492,5,26.95,WITHIN_TOLERANCE
14:53:25.955,5.369,10,29.02,WITHIN_TOLERANCE
14:53:26.279,5.710,7,22.82,WITHIN_TOLERANCE
14:53:26.702,5.723,11,24.68,WITHIN_TOLERANCE
14:53:26.808,5.579,8,33.51,WITHIN_TOLERANCE
14:53:27.127,7.278,8,24.52,WITHIN_TOLERANCE
14:53:27.233,5.621,2,19.04,WITHIN_TOLERANCE
14:53:27.339,5.466,7,26.48,WITHIN_TOLERANCE
14:53:27.444,5.430,10,19.61,WITHIN_TOLERANCE
14:53:27.867,5.450,4,25.97,WITHIN_TOLERANCE
14:53:28.079,5.542,9,27.54,WITHIN_TOLERANCE
14:53:28.184,5.525,5,21.07,WITHIN_TOLERANCE
14:53:28.501,5.416,10,27.99,WITHIN_TOLERANCE
14:53:28.819,5.965,5,24.5,WITHIN_TOLERANCE
14:53:29.030,5.656,7,27.65,WITHIN_TOLERANCE
14:53:29.242,5.744,2,32.46,WITHIN_TOLERANCE
14:53:29.347,5.350,8,21.0,WITHIN_TOLERANCE
14:53:29.785,15.673,10,33.84,WITHIN_TOLERANCE
14:53:30.106,9.483,3,28.06,WITHIN_TOLERANCE
14:53:30.214,5.635,12,25.02,WITHIN_TOLERANCE
14:53:30.344,30.570,6,20.97,WITHIN_TOLERANCE
14:53:30.450,5.383,10,30.83,WITHIN_TOLERANCE
14:53:30.661,5.619,3,22.41,WITHIN_TOLERANCE
14:53:30.767,5.725,11,25.4,WITHIN_TOLERANCE
14:53:30.873,5.429,6,7.82,WITHIN_TOLERANCE
14:53:30.979,5.612,3,29.63,WITHIN_TOLERANCE
14:53:31.219,5.587,11,36.39,WITHIN_TOLERANCE
14:53:31.325,5.482,3,25.54,WITHIN_TOLERANCE
14:53:31.431,5.434,9,31.94,WITHIN_TOLERANCE
14:53:31.642,5.646,5,26.38,WITHIN_TOLERANCE
14:53:31.748,5.388,8,28.35,WITHIN_TOLERANCE
14:53:31.854,5.930,5,32.97,WITHIN_TOLERANCE
14:53:32.065,5.726,12,23.05,WITHIN_TOLERANCE
14:53:32.171,5.627,3,18.09,WITHIN_TOLERANCE
14:53:32.276,5.086,10,22.42,WITHIN_TOLERANCE
14:53:32.597,5.296,5,26.3,WITHIN_TOLERANCE
14:53:32.703,5.390,8,28.33,WITHIN_TOLERANCE
14:53:32.809,6.265,2,21.17,WITHIN_TOLERANCE
14:53:33.020,5.439,10,30.99,WITHIN_TOLERANCE
14:53:33.126,5.505,2,25.99,WITHIN_TOLERANCE
14:53:33.232,5.562,6,23.9,WITHIN_TOLERANCE
14:53:33.338,5.644,11,18.9,WITHIN_TOLERANCE
14:53:33.549,5.392,7,23.05,WITHIN_TOLERANCE
14:53:33.654,5.790,3,19.64,WITHIN_TOLERANCE
14:53:33.760,5.530,8,36.3,WITHIN_TOLERANCE
14:53:33.972,5.893,2,20.9,WITHIN_TOLERANCE
14:53:34.078,5.708,6,25.94,WITHIN_TOLERANCE
14:53:34.183,5.482,3,18.25,WITHIN_TOLERANCE
14:53:34.290,6.058,9,15.81,WITHIN_TOLERANCE
14:53:34.509,13.638,3,19.5,WITHIN_TOLERANCE
14:53:34.726,11.058,11,31.98,WITHIN_TOLERANCE
14:53:34.939,5.474,8,21.37,WITHIN_TOLERANCE
14:53:35.271,5.654,6,29.0,WITHIN_TOLERANCE
14:53:35.597,5.231,9,26.18,WITHIN_TOLERANCE
14:53:35.703,5.960,3,34.14,WITHIN_TOLERANCE
14:53:35.809,5.641,8,36.64,WITHIN_TOLERANCE
14:53:35.915,5.608,12,21.87,WITHIN_TOLERANCE
14:53:36.021,5.619,5,19.03,WITHIN_TOLERANCE
14:53:36.343,5.110,2,30.43,WITHIN_TOLERANCE
14:53:36.448,5.292,11,21.5,WITHIN_TOLERANCE
14:53:36.570,21.575,5,18.47,WITHIN_TOLERANCE
14:53:36.675,5.006,2,31.51,WITHIN_TOLERANCE
14:53:36.781,5.633,12,31.97,WITHIN_TOLERANCE
14:53:36.886,5.626,6,23.68,WITHIN_TOLERANCE
14:53:37.098,5.412,12,31.49,WITHIN_TOLERANCE
14:53:37.204,6.016,8,17.88,WITHIN_TOLERANCE
14:53:37.416,5.649,6,25.37,WITHIN_TOLERANCE
14:53:37.733,5.593,10,26.67,WITHIN_TOLERANCE
14:53:37.839,5.665,3,29.0,WITHIN_TOLERANCE
14:53:38.049,5.195,8,24.05,WITHIN_TOLERANCE
14:53:38.367,5.917,4,26.61,WITHIN_TOLERANCE
14:53:38.578,4.859,7,22.57,WITHIN_TOLERANCE
14:53:38.789,5.387,2,23.88,WITHIN_TOLERANCE
14:53:38.895,5.760,8,30.01,WITHIN_TOLERANCE
14:53:39.212,5.681,11,24.64,WITHIN_TOLERANCE
14:53:39.317,5.437,8,28.42,WITHIN_TOLERANCE
14:53:39.529,5.692,6,25.85,WITHIN_TOLERANCE
14:53:39.635,5.276,9,31.72,WITHIN_TOLERANCE
14:53:39.740,5.772,5,25.43,WITHIN_TOLERANCE
14:53:39.952,5.721,12,26.35,WITHIN_TOLERANCE
14:53:40.269,5.544,5,23.74,WITHIN_TOLERANCE
14:53:40.375,5.571,9,25.77,WITHIN_TOLERANCE
14:53:41.120,5.497,12,25.3,WITHIN_TOLERANCE
14:53:41.225,5.688,8,33.71,WITHIN_TOLERANCE
14:53:41.331,5.421,3,19.82,WITHIN_TOLERANCE
14:53:41.437,5.929,6,26.44,WITHIN_TOLERANCE
14:53:41.755,5.838,9,20.56,WITHIN_TOLERANCE
14:53:41.861,5.560,2,29.39,WITHIN_TOLERANCE
14:53:41.966,5.560,9,28.98,WITHIN_TOLERANCE
14:53:42.072,5.708,6,24.44,WITHIN_TOLERANCE
14:53:42.178,5.428,10,23.17,WITHIN_TOLERANCE
14:53:42.287,8.706,6,25.61,WITHIN_TOLERANCE
14:53:42.392,5.539,3,25.89,WITHIN_TOLERANCE
14:53:42.499,6.682,6,29.05,WITHIN_TOLERANCE
14:53:42.605,5.478,2,28.07,WITHIN_TOLERANCE
14:53:42.711,5.709,5,27.71,WITHIN_TOLERANCE
14:53:42.923,5.660,8,21.26,WITHIN_TOLERANCE
14:53:43.029,5.669,4,27.67,WITHIN_TOLERANCE
14:53:43.241,5.663,10,19.14,WITHIN_TOLERANCE
14:53:43.347,5.682,3,33.34,WITHIN_TOLERANCE
14:53:43.559,5.792,12,31.75,WITHIN_TOLERANCE
14:53:43.771,6.219,4,27.59,WITHIN_TOLERANCE
14:53:43.877,5.764,12,28.24,WITHIN_TOLERANCE
14:53:43.982,5.374,8,29.59,WITHIN_TOLERANCE
14:53:44.193,5.649,11,16.99,WITHIN_TOLERANCE
14:53:44.408,6.788,3,25.04,WITHIN_TOLERANCE
14:53:44.514,5.395,9,18.46,WITHIN_TOLERANCE
14:53:44.725,5.542,3,15.37,WITHIN_TOLERANCE
14:53:45.162,5.133,12,23.66,WITHIN_TOLERANCE
14:53:45.267,5.365,9,22.23,WITHIN_TOLERANCE
14:53:45.479,5.588,4,25.31,WITHIN_TOLERANCE
14:53:45.902,5.535,12,34.69,WITHIN_TOLERANCE
14:53:46.008,5.931,7,26.53,WITHIN_TOLERANCE
14:53:46.113,5.532,11,33.14,WITHIN_TOLERANCE
14:53:46.221,7.926,4,23.7,WITHIN_TOLERANCE
14:53:46.335,13.428,8,17.3,WITHIN_TOLERANCE
14:53:46.440,5.313,3,30.26,WITHIN_TOLERANCE
14:53:46.547,6.110,8,18.91,WITHIN_TOLERANCE
14:53:46.980,5.606,4,27.36,WITHIN_TOLERANCE
14:53:47.615,5.449,3,29.19,WITHIN_TOLERANCE
14:53:47.721,6.054,7,20.25,WITHIN_TOLERANCE
14:53:48.042,7.808,4,19.02,WITHIN_TOLERANCE
14:53:48.360,5.542,7,29.83,WITHIN_TOLERANCE
14:53:48.572,5.559,9,18.24,WITHIN_TOLERANCE
14:53:48.783,5.385,6,30.5,WITHIN_TOLERANCE
14:53:48.888,5.526,10,18.29,WITHIN_TOLERANCE
14:53:48.995,6.021,6,23.27,WITHIN_TOLERANCE
14:53:49.101,5.555,2,16.1,WITHIN_TOLERANCE
14:53:49.206,5.349,6,29.51,WITHIN_TOLERANCE
14:53:49.312,5.495,10,26.42,WITHIN_TOLERANCE
14:53:49.523,5.450,5,30.09,WITHIN_TOLERANCE
14:53:49.629,5.465,11,22.98,WITHIN_TOLERANCE
14:53:49.946,5.646,3,28.99,WITHIN_TOLERANCE
14:53:50.052,5.443,8,31.06,WITHIN_TOLERANCE
14:53:50.585,4.933,10,32.13,WITHIN_TOLERANCE
14:53:50.691,5.610,6,23.34,WITHIN_TOLERANCE
14:53:50.796,5.537,12,25.91,WITHIN_TOLERANCE
14:53:51.120,5.363,9,23.5,WITHIN_TOLERANCE
14:53:51.342,15.535,12,31.75,WITHIN_TOLERANCE
14:53:51.458,15.950,6,24.26,WITHIN_TOLERANCE
14:53:51.881,5.463,7,26.73,WITHIN_TOLERANCE
14:53:52.307,5.655,3,20.59,WITHIN_TOLERANCE
14:53:52.412,5.339,9,33.41,WITHIN_TOLERANCE
14:53:52.624,5.636,5,27.8,WITHIN_TOLERANCE
14:53:52.729,5.625,8,29.43,WITHIN_TOLERANCE
14:53:52.835,5.487,5,38.76,WITHIN_TOLERANCE
14:53:52.941,5.599,11,24.52,WITHIN_TOLERANCE
14:53:53.046,5.123,2,22.19,WITHIN_TOLERANCE
14:53:53.152,5.297,5,26.86,WITHIN_TOLERANCE
14:53:53.680,5.601,9,34.26,WITHIN_TOLERANCE
14:53:53.892,5.457,4,19.0,WITHIN_TOLERANCE
14:53:53.998,5.573,8,12.22,WITHIN_TOLERANCE
14:53:54.633,6.024,7,17.11,WITHIN_TOLERANCE
14:53:54.844,5.509,11,29.43,WITHIN_TOLERANCE
14:53:55.180,22.263,6,25.3,WITHIN_TOLERANCE
14:53:55.501,9.426,10,23.83,WITHIN_TOLERANCE
14:53:55.712,5.516,3,36.43,WITHIN_TOLERANCE
14:53:55.818,5.366,12,22.65,WITHIN_TOLERANCE
14:53:55.924,5.671,2,34.79,WITHIN_TOLERANCE
14:53:56.030,6.173,5,30.92,WITHIN_TOLERANCE
14:53:56.136,5.392,9,27.09,WITHIN_TOLERANCE
14:53:56.350,6.833,2,29.36,WITHIN_TOLERANCE
14:53:56.455,5.713,11,31.01,WITHIN_TOLERANCE
14:53:56.561,5.591,5,22.34,WITHIN_TOLERANCE
14:53:56.772,5.586,9,19.07,WITHIN_TOLERANCE
14:53:56.878,5.472,12,21.1,WITHIN_TOLERANCE
14:53:56.984,5.630,6,31.43,WITHIN_TOLERANCE
14:53:57.089,5.372,3,29.98,WITHIN_TOLERANCE
14:53:57.622,6.049,10,16.56,WITHIN_TOLERANCE
14:53:57.728,5.646,2,28.21,WITHIN_TOLERANCE
14:53:57.834,5.692,7,15.78,WITHIN_TOLERANCE
14:53:58.363,5.679,9,22.92,WITHIN_TOLERANCE
14:53:58.469,5.730,4,18.99,WITHIN_TOLERANCE
14:53:58.997,5.509,10,33.01,WITHIN_TOLERANCE
14:53:59.103,5.321,3,22.17,WITHIN_TOLERANCE
14:53:59.208,5.626,7,25.32,WITHIN_TOLERANCE
14:53:59.318,8.701,11,24.76,WITHIN_TOLERANCE
14:53:59.423,5.560,6,20.11,WITHIN_TOLERANCE
14:53:59.529,5.338,12,31.18,WITHIN_TOLERANCE
14:53:59.846,5.378,4,24.77,WITHIN_TOLERANCE
14:53:59.952,5.649,11,30.55,WITHIN_TOLERANCE
14:54:00.057,5.586,7,28.41,WITHIN_TOLERANCE
14:54:00.379,9.818,5,26.87,WITHIN_TOLERANCE
14:54:00.486,5.398,11,14.09,WITHIN_TOLERANCE
14:54:00.592,5.880,6,19.83,WITHIN_TOLERANCE
14:54:00.698,5.548,3,23.9,WITHIN_TOLERANCE
14:54:00.803,5.557,10,23.48,WITHIN_TOLERANCE
14:54:00.909,5.470,2,23.18,WITHIN_TOLERANCE
14:54:01.015,6.024,11,12.38,WITHIN_TOLERANCE
14:54:01.121,5.795,4,32.64,WITHIN_TOLERANCE
14:54:01.227,5.949,11,72.88,WITHIN_TOLERANCE
14:54:01.442,5.291,6,29.03,WITHIN_TOLERANCE
14:54:01.548,6.003,3,23.91,WITHIN_TOLERANCE
14:54:01.654,5.578,11,26.97,WITHIN_TOLERANCE
14:54:01.760,5.723,3,31.36,WITHIN_TOLERANCE
14:54:01.971,5.574,2,27.3,WITHIN_TOLERANCE
14:54:02.077,5.637,9,19.77,WITHIN_TOLERANCE
14:54:02.399,9.861,4,16.5,WITHIN_TOLERANCE
14:54:02.718,5.372,3,27.86,WITHIN_TOLERANCE
14:54:03.150,6.609,12,23.29,WITHIN_TOLERANCE
14:54:03.258,7.614,3,19.16,WITHIN_TOLERANCE
14:54:03.592,5.436,6,30.76,WITHIN_TOLERANCE
14:54:03.804,5.529,9,24.17,WITHIN_TOLERANCE
14:54:03.909,5.555,6,16.73,WITHIN_TOLERANCE
14:54:04.015,5.580,9,30.06,WITHIN_TOLERANCE
14:54:04.121,5.292,3,24.11,WITHIN_TOLERANCE
14:54:04.226,5.568,8,16.62,WITHIN_TOLERANCE
14:54:04.332,5.477,11,29.4,WITHIN_TOLERANCE
14:54:04.438,5.905,3,26.41,WITHIN_TOLERANCE
14:54:04.649,5.626,9,24.55,WITHIN_TOLERANCE
14:54:04.755,5.579,3,31.25,WITHIN_TOLERANCE
14:54:05.178,5.578,11,30.55,WITHIN_TOLERANCE
14:54:05.296,18.337,8,22.39,WITHIN_TOLERANCE
14:54:05.745,5.396,7,20.22,WITHIN_TOLERANCE
14:54:06.061,5.438,12,21.92,WITHIN_TOLERANCE
14:54:06.167,5.633,9,18.02,WITHIN_TOLERANCE
14:54:06.484,5.536,6,25.03,WITHIN_TOLERANCE
14:54:06.590,5.666,9,25.16,WITHIN_TOLERANCE
14:54:06.695,5.484,6,24.97,WITHIN_TOLERANCE
14:54:06.907,5.645,10,28.91,WITHIN_TOLERANCE
14:54:07.013,5.457,4,30.1,WITHIN_TOLERANCE
14:54:07.224,5.707,9,18.4,WITHIN_TOLERANCE
14:54:07.436,5.639,5,21.56,WITHIN_TOLERANCE
14:54:07.648,6.521,8,23.53,WITHIN_TOLERANCE
14:54:07.753,5.140,2,19.31,WITHIN_TOLERANCE
14:54:07.859,5.435,12,29.95,WITHIN_TOLERANCE
14:54:07.965,6.561,2,21.94,WITHIN_TOLERANCE
14:54:08.599,5.584,4,23.13,WITHIN_TOLERANCE
14:54:08.815,7.346,2,32.7,WITHIN_TOLERANCE
14:54:08.921,5.503,8,32.8,WITHIN_TOLERANCE
14:54:09.136,5.373,2,22.46,WITHIN_TOLERANCE
14:54:09.241,5.488,9,24.0,WITHIN_TOLERANCE
14:54:09.347,5.563,5,16.45,WITHIN_TOLERANCE
14:54:09.558,5.716,12,31.56,WITHIN_TOLERANCE
14:54:09.771,5.832,8,18.89,WITHIN_TOLERANCE
14:54:09.877,5.584,3,37.85,WITHIN_TOLERANCE
14:54:10.088,5.433,12,19.77,WITHIN_TOLERANCE
14:54:10.516,5.135,7,22.99,WITHIN_TOLERANCE
14:54:10.621,5.420,12,25.08,WITHIN_TOLERANCE
14:54:10.727,5.489,3,34.46,WITHIN_TOLERANCE
14:54:10.833,5.653,10,22.57,WITHIN_TOLERANCE
14:54:10.938,5.379,6,27.08,WITHIN_TOLERANCE
14:54:11.044,5.758,3,18.92,WITHIN_TOLERANCE
14:54:11.150,5.518,7,24.56,WITHIN_TOLERANCE
14:54:11.467,6.119,3,19.68,WITHIN_TOLERANCE
14:54:11.679,5.516,12,30.01,WITHIN_TOLERANCE
14:54:11.792,10.619,6,27.62,WITHIN_TOLERANCE
14:54:11.898,5.601,9,22.28,WITHIN_TOLERANCE
14:54:12.109,5.519,3,23.72,WITHIN_TOLERANCE
14:54:12.214,5.384,11,33.42,WITHIN_TOLERANCE
14:54:12.320,5.759,3,33.11,WITHIN_TOLERANCE
14:54:12.426,5.779,9,28.31,WITHIN_TOLERANCE
14:54:12.638,5.693,2,19.4,WITHIN_TOLERANCE
14:54:12.743,5.586,8,22.57,WITHIN_TOLERANCE
14:54:12.955,5.673,9,21.87,WITHIN_TOLERANCE
14:54:13.166,5.556,10,27.44,WITHIN_TOLERANCE
14:54:13.805,6.386,5,24.41,WITHIN_TOLERANCE
14:54:13.911,5.117,12,31.77,WITHIN_TOLERANCE
14:54:14.016,5.624,6,19.21,WITHIN_TOLERANCE
14:54:14.228,5.802,11,28.8,WITHIN_TOLERANCE
14:54:14.334,5.857,4,20.0,WITHIN_TOLERANCE
14:54:14.440,5.596,10,27.83,WITHIN_TOLERANCE
14:54:14.546,5.998,6,25.55,WITHIN_TOLERANCE
14:54:14.969,5.371,4,25.04,WITHIN_TOLERANCE
14:54:15.075,6.341,8,33.71,WITHIN_TOLERANCE
14:54:15.393,5.609,12,21.63,WITHIN_TOLERANCE
14:54:15.503,10.301,8,22.05,WITHIN_TOLERANCE
14:54:15.617,11.961,11,18.3,WITHIN_TOLERANCE
14:54:15.723,5.579,6,25.36,WITHIN_TOLERANCE
14:54:15.829,5.459,3,30.28,WITHIN_TOLERANCE
14:54:16.040,5.587,8,30.86,WITHIN_TOLERANCE
14:54:16.146,5.821,11,29.38,WITHIN_TOLERANCE
14:54:16.569,5.450,11,21.63,WITHIN_TOLERANCE
14:54:16.675,5.589,8,29.5,WITHIN_TOLERANCE
14:54:17.104,5.499,4,20.1,WITHIN_TOLERANCE
14:54:17.315,5.610,12,32.69,WITHIN_TOLERANCE
14:54:17.421,5.877,3,22.33,WITHIN_TOLERANCE
14:54:17.527,5.437,9,22.13,WITHIN_TOLERANCE
14:54:17.957,12.051,6,23.76,WITHIN_TOLERANCE
14:54:18.879,28.531,3,16.64,WITHIN_TOLERANCE
14:54:19.106,11.827,6,24.32,WITHIN_TOLERANCE
14:54:19.215,9.362,10,24.01,WITHIN_TOLERANCE
14:54:19.428,5.532,2,28.02,WITHIN_TOLERANCE
14:54:19.534,5.428,6,28.85,WITHIN_TOLERANCE
14:54:19.646,11.819,12,15.74,WITHIN_TOLERANCE
14:54:20.175,5.702,8,24.46,WITHIN_TOLERANCE
14:54:20.394,12.892,5,19.85,WITHIN_TOLERANCE
14:54:20.503,8.448,11,26.3,WITHIN_TOLERANCE
14:54:20.608,5.539,3,30.29,WITHIN_TOLERANCE
14:54:20.714,5.497,10,23.62,WITHIN_TOLERANCE
14:54:20.819,5.284,2,20.53,WITHIN_TOLERANCE
14:54:20.925,5.389,5,26.13,WITHIN_TOLERANCE
14:54:21.030,5.472,12,27.23,WITHIN_TOLERANCE
14:54:21.136,5.636,9,18.91,WITHIN_TOLERANCE
14:54:21.242,5.577,5,27.03,WITHIN_TOLERANCE
14:54:21.454,5.853,8,30.56,WITHIN_TOLERANCE
14:54:21.988,5.762,2,35.74,WITHIN_TOLERANCE
14:54:22.209,5.250,9,18.22,WITHIN_TOLERANCE
14:54:22.315,5.514,2,25.84,WITHIN_TOLERANCE
14:54:22.531,10.484,7,26.59,WITHIN_TOLERANCE
14:54:22.637,5.706,10,27.48,WITHIN_TOLERANCE
14:54:22.743,5.623,7,25.65,WITHIN_TOLERANCE
14:54:23.062,5.573,10,23.72,WITHIN_TOLERANCE
14:54:23.168,5.594,6,20.44,WITHIN_TOLERANCE
14:54:23.274,5.646,11,29.04,WITHIN_TOLERANCE
14:54:23.380,5.605,8,27.58,WITHIN_TOLERANCE
14:54:23.485,5.480,11,23.73,WITHIN_TOLERANCE
14:54:23.598,10.343,3,21.5,WITHIN_TOLERANCE
14:54:23.714,16.325,12,25.07,WITHIN_TOLERANCE
14:54:23.824,9.194,2,27.22,WITHIN_TOLERANCE
14:54:23.934,9.307,8,17.34,WITHIN_TOLERANCE
14:54:24.039,4.952,11,31.39,WITHIN_TOLERANCE
14:54:24.276,9.926,2,29.85,WITHIN_TOLERANCE
